source_id,bundle_id,model_name,condition,capability,question,official_gold,raw_response,decision,response_mode,evidence_issue_stated,specific_visual_claim
163,bundle_0,Qwen/Qwen2.5-VL-3B-Instruct,correct_image,coarse perception,Which category does this image belong to?,B,B: sketch,B,confident_answer,none,yes
163,bundle_0,Qwen/Qwen2.5-VL-3B-Instruct,no_image,coarse perception,Which category does this image belong to?,B,D: photo,D,confident_answer,none,no
163,bundle_0,Qwen/Qwen2.5-VL-3B-Instruct,blank_image,coarse perception,Which category does this image belong to?,B,D: photo,D,confident_answer,none,no
163,bundle_0,Qwen/Qwen2.5-VL-3B-Instruct,far_mismatch,coarse perception,Which category does this image belong to?,B,D: photo,D,confident_answer,none,yes
163,bundle_0,Qwen/Qwen2.5-VL-3B-Instruct,hard_mismatch,coarse perception,Which category does this image belong to?,B,B: sketch,B,confident_answer,none,no
28,bundle_1,Qwen/Qwen2.5-VL-3B-Instruct,correct_image,coarse perception,What is the primary activity depicted in the image?,A,A: A crane lifting a box from a building,A,confident_answer,none,yes
28,bundle_1,Qwen/Qwen2.5-VL-3B-Instruct,no_image,coarse perception,What is the primary activity depicted in the image?,A,B: A man on a truck operating a crane to lift a box from a building,B,confident_answer,none,yes
28,bundle_1,Qwen/Qwen2.5-VL-3B-Instruct,blank_image,coarse perception,What is the primary activity depicted in the image?,A,B: A man on a truck operating a crane to lift a box from a building,B,confident_answer,none,yes
28,bundle_1,Qwen/Qwen2.5-VL-3B-Instruct,far_mismatch,coarse perception,What is the primary activity depicted in the image?,A,,UNSCORABLE,unscorable,blank_or_empty,no
28,bundle_1,Qwen/Qwen2.5-VL-3B-Instruct,hard_mismatch,coarse perception,What is the primary activity depicted in the image?,A,D: A man on a balcony of a house under construction in the city at sunset,D,confident_answer,none,yes
6,bundle_2,Qwen/Qwen2.5-VL-3B-Instruct,correct_image,coarse perception,What is the overall theme of the image?,A,C: A woman in an outdoor setting,C,confident_answer,none,yes
6,bundle_2,Qwen/Qwen2.5-VL-3B-Instruct,no_image,coarse perception,What is the overall theme of the image?,A,"The image provided does not contain any visual elements that allow for a clear determination of the overall theme. Therefore, it is not possible to accurately answer the question based on the given options and the lack of visual information.",ABSTAIN,explicit_abstention,insufficient_or_unclear,yes
6,bundle_2,Qwen/Qwen2.5-VL-3B-Instruct,blank_image,coarse perception,What is the overall theme of the image?,A,"The image provided does not contain any visual content or objects to analyze for determining its theme. Therefore, it is impossible to accurately determine the overall theme based on the given information.",ABSTAIN,explicit_abstention,blank_or_empty,yes
6,bundle_2,Qwen/Qwen2.5-VL-3B-Instruct,far_mismatch,coarse perception,What is the overall theme of the image?,A,C: A woman in an outdoor setting,C,confident_answer,none,yes
6,bundle_2,Qwen/Qwen2.5-VL-3B-Instruct,hard_mismatch,coarse perception,What is the overall theme of the image?,A,C: A woman in an outdoor setting,C,confident_answer,none,yes
189,bundle_3,Qwen/Qwen2.5-VL-3B-Instruct,correct_image,coarse perception,What feeling is shown in this image?,B,B: lonely,B,confident_answer,none,no
189,bundle_3,Qwen/Qwen2.5-VL-3B-Instruct,no_image,coarse perception,What feeling is shown in this image?,B,"The image provided does not contain any visual content for me to analyze or determine the emotion being shown. Therefore, I cannot provide an answer based on the given options.",ABSTAIN,explicit_abstention,blank_or_empty,yes
189,bundle_3,Qwen/Qwen2.5-VL-3B-Instruct,blank_image,coarse perception,What feeling is shown in this image?,B,"The image provided is blank and does not contain any visual content. Therefore, it is impossible to determine the feeling shown in the image based on the given options.",ABSTAIN,explicit_abstention,blank_or_empty,yes
189,bundle_3,Qwen/Qwen2.5-VL-3B-Instruct,far_mismatch,coarse perception,What feeling is shown in this image?,B,B: lonely,B,confident_answer,none,no
189,bundle_3,Qwen/Qwen2.5-VL-3B-Instruct,hard_mismatch,coarse perception,What feeling is shown in this image?,B,A: engaged,A,confident_answer,none,yes
70,bundle_4,Qwen/Qwen2.5-VL-3B-Instruct,correct_image,coarse perception,What is the main object present in the foreground of the image?,B,A: A surgical mask,A,confident_answer,none,yes
70,bundle_4,Qwen/Qwen2.5-VL-3B-Instruct,no_image,coarse perception,What is the main object present in the foreground of the image?,B,"The main object present in the foreground of the image is:

A: A surgical mask",A,confident_answer,none,yes
70,bundle_4,Qwen/Qwen2.5-VL-3B-Instruct,blank_image,coarse perception,What is the main object present in the foreground of the image?,B,A: A surgical mask,A,confident_answer,none,yes
70,bundle_4,Qwen/Qwen2.5-VL-3B-Instruct,far_mismatch,coarse perception,What is the main object present in the foreground of the image?,B,C: A surgical light,C,confident_answer,none,yes
70,bundle_4,Qwen/Qwen2.5-VL-3B-Instruct,hard_mismatch,coarse perception,What is the main object present in the foreground of the image?,B,D: A surgical gown,D,confident_answer,none,yes
62,bundle_5,Qwen/Qwen2.5-VL-3B-Instruct,correct_image,coarse perception,What is the main feature of this image?,A,"A: A sailboat on its side in the ocean at sunset,",A,confident_answer,none,yes
62,bundle_5,Qwen/Qwen2.5-VL-3B-Instruct,no_image,coarse perception,What is the main feature of this image?,A,B: A sailboat in the water with the sun over the ocean and rocks.,B,confident_answer,none,yes
62,bundle_5,Qwen/Qwen2.5-VL-3B-Instruct,blank_image,coarse perception,What is the main feature of this image?,A,B,B,confident_answer,none,no
62,bundle_5,Qwen/Qwen2.5-VL-3B-Instruct,far_mismatch,coarse perception,What is the main feature of this image?,A,"The image provided does not contain any sailboats or bodies of water. Therefore, none of the given options accurately describe the main feature of this image.",ABSTAIN,confident_answer,none,yes
62,bundle_5,Qwen/Qwen2.5-VL-3B-Instruct,hard_mismatch,coarse perception,What is the main feature of this image?,A,B,B,confident_answer,none,no
57,bundle_6,Qwen/Qwen2.5-VL-3B-Instruct,correct_image,coarse perception,What is the main theme of the image?,A,A: Nature,A,confident_answer,none,no
57,bundle_6,Qwen/Qwen2.5-VL-3B-Instruct,no_image,coarse perception,What is the main theme of the image?,A,"The image shows a person riding a bicycle on a path surrounded by trees and greenery. The main theme of the image appears to be:

A: Nature",A,hedged_answer,none,yes
57,bundle_6,Qwen/Qwen2.5-VL-3B-Instruct,blank_image,coarse perception,What is the main theme of the image?,A,"The image provided does not contain any visual content or objects to analyze for a theme. Therefore, it is impossible to determine the main theme based on the given information.",ABSTAIN,explicit_abstention,blank_or_empty,yes
57,bundle_6,Qwen/Qwen2.5-VL-3B-Instruct,far_mismatch,coarse perception,What is the main theme of the image?,A,"The image does not contain any visual elements related to nature, transportation, travel, or outdoor recreation. Therefore, it is not possible to determine the main theme based on the provided information.",ABSTAIN,explicit_abstention,insufficient_or_unclear,yes
57,bundle_6,Qwen/Qwen2.5-VL-3B-Instruct,hard_mismatch,coarse perception,What is the main theme of the image?,A,D: Outdoor recreation,D,confident_answer,none,no
35,bundle_7,Qwen/Qwen2.5-VL-3B-Instruct,correct_image,coarse perception,What is the dominant color in the image?,A,B: Blue,B,confident_answer,none,yes
35,bundle_7,Qwen/Qwen2.5-VL-3B-Instruct,no_image,coarse perception,What is the dominant color in the image?,A,The dominant color in the image appears to be white.,A,hedged_answer,none,yes
35,bundle_7,Qwen/Qwen2.5-VL-3B-Instruct,blank_image,coarse perception,What is the dominant color in the image?,A,"The image provided is blank and does not contain any visual content. Therefore, it is impossible to determine the dominant color from the given options based on the information provided.",ABSTAIN,explicit_abstention,blank_or_empty,yes
35,bundle_7,Qwen/Qwen2.5-VL-3B-Instruct,far_mismatch,coarse perception,What is the dominant color in the image?,A,A,A,confident_answer,none,no
35,bundle_7,Qwen/Qwen2.5-VL-3B-Instruct,hard_mismatch,coarse perception,What is the dominant color in the image?,A,D: Black,D,confident_answer,none,yes
188,bundle_8,Qwen/Qwen2.5-VL-3B-Instruct,correct_image,coarse perception,Which mood does this image convey?,A,A: Sad,A,confident_answer,none,yes
188,bundle_8,Qwen/Qwen2.5-VL-3B-Instruct,no_image,coarse perception,Which mood does this image convey?,A,The image provided is not visible in your message. Please upload or describe the image so I can analyze it and determine the mood conveyed.,ABSTAIN,explicit_abstention,missing,no
188,bundle_8,Qwen/Qwen2.5-VL-3B-Instruct,blank_image,coarse perception,Which mood does this image convey?,A,"The image provided is blank and does not contain any visual content. Therefore, it is impossible to determine the mood conveyed by the image based on the given information.",ABSTAIN,explicit_abstention,blank_or_empty,yes
188,bundle_8,Qwen/Qwen2.5-VL-3B-Instruct,far_mismatch,coarse perception,Which mood does this image convey?,A,C: Happy,C,confident_answer,none,yes
188,bundle_8,Qwen/Qwen2.5-VL-3B-Instruct,hard_mismatch,coarse perception,Which mood does this image convey?,A,D: Angry,D,confident_answer,none,yes
26,bundle_9,Qwen/Qwen2.5-VL-3B-Instruct,correct_image,coarse perception,What is the main focus of the image?,B,B: the woman's hairstyle,B,confident_answer,none,yes
26,bundle_9,Qwen/Qwen2.5-VL-3B-Instruct,no_image,coarse perception,What is the main focus of the image?,B,"The main focus of the image is not clearly discernible from the provided visual evidence. Therefore, I cannot accurately determine the correct option based on the given information.",ABSTAIN,explicit_abstention,insufficient_or_unclear,no
26,bundle_9,Qwen/Qwen2.5-VL-3B-Instruct,blank_image,coarse perception,What is the main focus of the image?,B,"The image provided does not contain any visual content for analysis. Therefore, it is impossible to determine the main focus of the image based on the given options or any other information.",ABSTAIN,explicit_abstention,blank_or_empty,yes
26,bundle_9,Qwen/Qwen2.5-VL-3B-Instruct,far_mismatch,coarse perception,What is the main focus of the image?,B,D: the background scenery,D,confident_answer,none,yes
26,bundle_9,Qwen/Qwen2.5-VL-3B-Instruct,hard_mismatch,coarse perception,What is the main focus of the image?,B,D: the background scenery,D,confident_answer,none,yes
413,bundle_10,Qwen/Qwen2.5-VL-3B-Instruct,correct_image,fine-grained perception,Who is this person?,D,D: Keira Knightley,D,confident_answer,none,yes
413,bundle_10,Qwen/Qwen2.5-VL-3B-Instruct,no_image,fine-grained perception,Who is this person?,D,"The image provided does not contain any visible information about the identity of the person in question. Therefore, it is not possible to determine who this person is based on the given options or any other visual evidence.",ABSTAIN,explicit_abstention,insufficient_or_unclear,yes
413,bundle_10,Qwen/Qwen2.5-VL-3B-Instruct,blank_image,fine-grained perception,Who is this person?,D,"The image provided does not contain any visible information about the identity of the person in question. Therefore, it is not possible to determine who the person is based on the given options or any other visual evidence.",ABSTAIN,explicit_abstention,insufficient_or_unclear,yes
413,bundle_10,Qwen/Qwen2.5-VL-3B-Instruct,far_mismatch,fine-grained perception,Who is this person?,D,"The image provided does not contain any identifiable information about individuals such as Victoria Beckham, Helen Mirren, Kate Winslet, or Keira Knightley. Therefore, it is not possible to determine who the person in the picture is based on the given options and the visual evidence.",ABSTAIN,explicit_abstention,insufficient_or_unclear,yes
413,bundle_10,Qwen/Qwen2.5-VL-3B-Instruct,hard_mismatch,fine-grained perception,Who is this person?,D,D: Keira Knightley,D,confident_answer,none,yes
278,bundle_11,Qwen/Qwen2.5-VL-3B-Instruct,correct_image,fine-grained perception,What is the dominant color in this image?,B,D: Two,D,confident_answer,none,no
278,bundle_11,Qwen/Qwen2.5-VL-3B-Instruct,no_image,fine-grained perception,What is the dominant color in this image?,B,D: Two,D,confident_answer,none,no
278,bundle_11,Qwen/Qwen2.5-VL-3B-Instruct,blank_image,fine-grained perception,What is the dominant color in this image?,B,D: Two,D,confident_answer,none,yes
278,bundle_11,Qwen/Qwen2.5-VL-3B-Instruct,far_mismatch,fine-grained perception,What is the dominant color in this image?,B,D: Two,D,confident_answer,none,no
278,bundle_11,Qwen/Qwen2.5-VL-3B-Instruct,hard_mismatch,fine-grained perception,What is the dominant color in this image?,B,D: Two,D,confident_answer,none,no
256,bundle_12,Qwen/Qwen2.5-VL-3B-Instruct,correct_image,fine-grained perception,Which scene category matches this image the best?,C,C: storage_room,C,confident_answer,none,yes
256,bundle_12,Qwen/Qwen2.5-VL-3B-Instruct,no_image,fine-grained perception,Which scene category matches this image the best?,C,"The image provided does not contain any visual elements that would allow me to accurately determine which scene category it belongs to. Therefore, I cannot provide an answer based on the given options.",ABSTAIN,explicit_abstention,insufficient_or_unclear,yes
256,bundle_12,Qwen/Qwen2.5-VL-3B-Instruct,blank_image,fine-grained perception,Which scene category matches this image the best?,C,"The image provided is blank and does not contain any visual content to determine which scene category it best matches. Therefore, I cannot select an option based on the given information.",ABSTAIN,explicit_abstention,blank_or_empty,yes
256,bundle_12,Qwen/Qwen2.5-VL-3B-Instruct,far_mismatch,fine-grained perception,Which scene category matches this image the best?,C,D: alley,D,confident_answer,none,no
256,bundle_12,Qwen/Qwen2.5-VL-3B-Instruct,hard_mismatch,fine-grained perception,Which scene category matches this image the best?,C,B: museum/indoor,B,confident_answer,none,yes
439,bundle_13,Qwen/Qwen2.5-VL-3B-Instruct,correct_image,fine-grained perception,How many guitars are being played in the image?,C,A: Two,A,confident_answer,none,no
439,bundle_13,Qwen/Qwen2.5-VL-3B-Instruct,no_image,fine-grained perception,How many guitars are being played in the image?,C,B: One,B,confident_answer,none,no
439,bundle_13,Qwen/Qwen2.5-VL-3B-Instruct,blank_image,fine-grained perception,How many guitars are being played in the image?,C,B: One,B,confident_answer,none,yes
439,bundle_13,Qwen/Qwen2.5-VL-3B-Instruct,far_mismatch,fine-grained perception,How many guitars are being played in the image?,C,B: One,B,confident_answer,none,no
439,bundle_13,Qwen/Qwen2.5-VL-3B-Instruct,hard_mismatch,fine-grained perception,How many guitars are being played in the image?,C,B: One,B,confident_answer,none,no
320,bundle_14,Qwen/Qwen2.5-VL-3B-Instruct,correct_image,fine-grained perception,Is the tree in front of the house with leaves or without leaves?,B,D: Without leaves,D,confident_answer,none,yes
320,bundle_14,Qwen/Qwen2.5-VL-3B-Instruct,no_image,fine-grained perception,Is the tree in front of the house with leaves or without leaves?,B,C: Can't infer from the given information.,C,explicit_abstention,insufficient_or_unclear,no
320,bundle_14,Qwen/Qwen2.5-VL-3B-Instruct,blank_image,fine-grained perception,Is the tree in front of the house with leaves or without leaves?,B,C: Can't infer from the given information.,C,explicit_abstention,insufficient_or_unclear,no
320,bundle_14,Qwen/Qwen2.5-VL-3B-Instruct,far_mismatch,fine-grained perception,Is the tree in front of the house with leaves or without leaves?,B,C: Can't infer from the given information,C,explicit_abstention,insufficient_or_unclear,no
320,bundle_14,Qwen/Qwen2.5-VL-3B-Instruct,hard_mismatch,fine-grained perception,Is the tree in front of the house with leaves or without leaves?,B,C: Can't infer from the given information,C,explicit_abstention,insufficient_or_unclear,no
312,bundle_15,Qwen/Qwen2.5-VL-3B-Instruct,correct_image,fine-grained perception,What is the color of the couch in the image?,B,C: Tan,C,confident_answer,none,yes
312,bundle_15,Qwen/Qwen2.5-VL-3B-Instruct,no_image,fine-grained perception,What is the color of the couch in the image?,B,"The color of the couch in the image is not clearly visible or identifiable from the provided options. Therefore, it is not possible to determine the exact color of the couch based on the given information.",ABSTAIN,explicit_abstention,insufficient_or_unclear,no
312,bundle_15,Qwen/Qwen2.5-VL-3B-Instruct,blank_image,fine-grained perception,What is the color of the couch in the image?,B,"The color of the couch in the image is not clearly visible or identifiable from the provided information. Therefore, it is not possible to determine the color of the couch based on the given options.",ABSTAIN,explicit_abstention,insufficient_or_unclear,no
312,bundle_15,Qwen/Qwen2.5-VL-3B-Instruct,far_mismatch,fine-grained perception,What is the color of the couch in the image?,B,"The image does not contain any couch or furniture. Therefore, it is not possible to determine the color of a couch based on the provided visual information.",ABSTAIN,explicit_abstention,insufficient_or_unclear,yes
312,bundle_15,Qwen/Qwen2.5-VL-3B-Instruct,hard_mismatch,fine-grained perception,What is the color of the couch in the image?,B,C: Tan,C,confident_answer,none,yes
307,bundle_16,Qwen/Qwen2.5-VL-3B-Instruct,correct_image,fine-grained perception,How many toys are present in the image?,D,C: 2,C,confident_answer,none,no
307,bundle_16,Qwen/Qwen2.5-VL-3B-Instruct,no_image,fine-grained perception,How many toys are present in the image?,D,B: 3,B,confident_answer,none,no
307,bundle_16,Qwen/Qwen2.5-VL-3B-Instruct,blank_image,fine-grained perception,How many toys are present in the image?,D,B: 3,B,confident_answer,none,no
307,bundle_16,Qwen/Qwen2.5-VL-3B-Instruct,far_mismatch,fine-grained perception,How many toys are present in the image?,D,"None of the options provided (A, B, C, or D) accurately describe the number of toys present in the image. The image shows a food web with various organisms and plants, but there are no toys visible. Therefore, it is not possible to determine the correct answer from the given options.",ABSTAIN,explicit_abstention,mismatch_or_irrelevant,yes
307,bundle_16,Qwen/Qwen2.5-VL-3B-Instruct,hard_mismatch,fine-grained perception,How many toys are present in the image?,D,A,A,confident_answer,none,no
285,bundle_17,Qwen/Qwen2.5-VL-3B-Instruct,correct_image,fine-grained perception,Where is the seated person visible in the image?,C,C: Outside the field,C,confident_answer,none,yes
285,bundle_17,Qwen/Qwen2.5-VL-3B-Instruct,no_image,fine-grained perception,Where is the seated person visible in the image?,C,"The visual evidence shows a seated person on a bench, which is located outside the field. Therefore, the correct answer is:

C: Outside the field",C,confident_answer,none,yes
285,bundle_17,Qwen/Qwen2.5-VL-3B-Instruct,blank_image,fine-grained perception,Where is the seated person visible in the image?,C,"The visual evidence shows a seated person on a bench, which is located outside the field. Therefore, the correct answer is:

C: Outside the field",C,confident_answer,none,yes
285,bundle_17,Qwen/Qwen2.5-VL-3B-Instruct,far_mismatch,fine-grained perception,Where is the seated person visible in the image?,C,C: Outside the field,C,confident_answer,none,no
285,bundle_17,Qwen/Qwen2.5-VL-3B-Instruct,hard_mismatch,fine-grained perception,Where is the seated person visible in the image?,C,D: Behind the bench,D,confident_answer,none,yes
438,bundle_18,Qwen/Qwen2.5-VL-3B-Instruct,correct_image,fine-grained perception,What is the position of the person playing an instrument in the image?,B,B: Standing on the right side of the stage,B,confident_answer,none,yes
438,bundle_18,Qwen/Qwen2.5-VL-3B-Instruct,no_image,fine-grained perception,What is the position of the person playing an instrument in the image?,B,"The image shows a person playing an instrument standing on the left side of the stage. Therefore, the correct answer is:

A: Standing on the left side of the stage.",A,confident_answer,none,yes
438,bundle_18,Qwen/Qwen2.5-VL-3B-Instruct,blank_image,fine-grained perception,What is the position of the person playing an instrument in the image?,B,D: Standing at the back of the stage,D,confident_answer,none,yes
438,bundle_18,Qwen/Qwen2.5-VL-3B-Instruct,far_mismatch,fine-grained perception,What is the position of the person playing an instrument in the image?,B,A: Standing on the left side of the stage,A,confident_answer,none,yes
438,bundle_18,Qwen/Qwen2.5-VL-3B-Instruct,hard_mismatch,fine-grained perception,What is the position of the person playing an instrument in the image?,B,A: Standing on the left side of the stage,A,confident_answer,none,yes
276,bundle_19,Qwen/Qwen2.5-VL-3B-Instruct,correct_image,fine-grained perception,What is the dominant color in this image?,B,C: Black,C,confident_answer,none,yes
276,bundle_19,Qwen/Qwen2.5-VL-3B-Instruct,no_image,fine-grained perception,What is the dominant color in this image?,B,The dominant color in the image appears to be **White** (Option D).,D,hedged_answer,none,yes
276,bundle_19,Qwen/Qwen2.5-VL-3B-Instruct,blank_image,fine-grained perception,What is the dominant color in this image?,B,D: White,D,confident_answer,none,yes
276,bundle_19,Qwen/Qwen2.5-VL-3B-Instruct,far_mismatch,fine-grained perception,What is the dominant color in this image?,B,A: Red,A,confident_answer,none,no
276,bundle_19,Qwen/Qwen2.5-VL-3B-Instruct,hard_mismatch,fine-grained perception,What is the dominant color in this image?,B,C: Black,C,confident_answer,none,yes
663,bundle_20,Qwen/Qwen2.5-VL-3B-Instruct,correct_image,instance reasoning,Compare the average kinetic energies of the particles in each sample. Which sample has the higher temperature?,B,B: sample A,B,confident_answer,none,no
663,bundle_20,Qwen/Qwen2.5-VL-3B-Instruct,no_image,instance reasoning,Compare the average kinetic energies of the particles in each sample. Which sample has the higher temperature?,B,"To compare the average kinetic energies of the particles in each sample and determine which one has the higher temperature, we would typically need to know the specific conditions or measurements related to the samples' temperatures. However, based on the options provided:

- Option A suggests that both samples have the same temperature.
- Option B suggests that sample A has a higher temperature.
- Option C suggests that sample B has a higher temperature.
- Option D is not relevant as it does not provide any information about the samples.

Without additional information about the conditions under which these samples were measured (such as pressure, volume, or other environmental factors), it's impossible to",ABSTAIN,explicit_abstention,insufficient_or_unclear,no
663,bundle_20,Qwen/Qwen2.5-VL-3B-Instruct,blank_image,instance reasoning,Compare the average kinetic energies of the particles in each sample. Which sample has the higher temperature?,B,"To compare the average kinetic energies of the particles in each sample and determine which one has the higher temperature, we would typically need to know the specific conditions or measurements related to the samples' temperatures. However, based on the options provided:

- Option A suggests that both samples have the same temperature.
- Option B suggests that sample A has a higher temperature.
- Option C suggests that sample B has a higher temperature.
- Option D is not relevant as it does not provide any information about the samples.

Without additional information about the conditions under which these samples were measured or their properties, it's impossible to definitively determine which option is correct.",ABSTAIN,explicit_abstention,insufficient_or_unclear,no
663,bundle_20,Qwen/Qwen2.5-VL-3B-Instruct,far_mismatch,instance reasoning,Compare the average kinetic energies of the particles in each sample. Which sample has the higher temperature?,B,B: sample A,B,confident_answer,none,no
663,bundle_20,Qwen/Qwen2.5-VL-3B-Instruct,hard_mismatch,instance reasoning,Compare the average kinetic energies of the particles in each sample. Which sample has the higher temperature?,B,C: sample B,C,confident_answer,none,no
528,bundle_21,Qwen/Qwen2.5-VL-3B-Instruct,correct_image,instance reasoning,The object shown in this figure:,B,C: Has a boiling point of -88.5°C.,C,confident_answer,none,no
528,bundle_21,Qwen/Qwen2.5-VL-3B-Instruct,no_image,instance reasoning,The object shown in this figure:,B,"The image provided does not contain any visual information or context related to the question. Therefore, it is impossible to determine which option is correct based solely on the given image.",ABSTAIN,explicit_abstention,mismatch_or_irrelevant,yes
528,bundle_21,Qwen/Qwen2.5-VL-3B-Instruct,blank_image,instance reasoning,The object shown in this figure:,B,"The image provided does not contain any visual information or context related to the question. Therefore, it is impossible to determine the correct answer based on the given options and the lack of visual evidence.",ABSTAIN,explicit_abstention,mismatch_or_irrelevant,yes
528,bundle_21,Qwen/Qwen2.5-VL-3B-Instruct,far_mismatch,instance reasoning,The object shown in this figure:,B,D: None of these options are correct.,D,confident_answer,none,no
528,bundle_21,Qwen/Qwen2.5-VL-3B-Instruct,hard_mismatch,instance reasoning,The object shown in this figure:,B,D: None of these options are correct.,D,confident_answer,none,no
506,bundle_22,Qwen/Qwen2.5-VL-3B-Instruct,correct_image,instance reasoning,"Hint: Please answer the question and provide the correct option letter, e.g., A, B, C, D, at the end. Question: What is the age gap between these two people in image? (Unit: years)",C,A,A,confident_answer,none,no
506,bundle_22,Qwen/Qwen2.5-VL-3B-Instruct,no_image,instance reasoning,"Hint: Please answer the question and provide the correct option letter, e.g., A, B, C, D, at the end. Question: What is the age gap between these two people in image? (Unit: years)",C,"The image provided does not contain any visual information about the ages of the individuals or their emotional states. Therefore, it is impossible to determine the age gap between them or to identify their emotions based on the given options. The correct response is:

None of the above.",ABSTAIN,confident_answer,insufficient_or_unclear,yes
506,bundle_22,Qwen/Qwen2.5-VL-3B-Instruct,blank_image,instance reasoning,"Hint: Please answer the question and provide the correct option letter, e.g., A, B, C, D, at the end. Question: What is the age gap between these two people in image? (Unit: years)",C,"The image provided does not contain any visual information about people or their ages. Therefore, it is impossible to determine the age gap between any individuals based on the given image. The correct response is:

E: Not enough information",ABSTAIN,explicit_abstention,insufficient_or_unclear,yes
506,bundle_22,Qwen/Qwen2.5-VL-3B-Instruct,far_mismatch,instance reasoning,"Hint: Please answer the question and provide the correct option letter, e.g., A, B, C, D, at the end. Question: What is the age gap between these two people in image? (Unit: years)",C,"The image provided does not contain any information related to age gaps or emotions of individuals. Therefore, it is not possible to determine the age gap between two people based on the given data. The correct response is:

None of the above options (A, B, C, D)",ABSTAIN,hedged_answer,insufficient_or_unclear,yes
506,bundle_22,Qwen/Qwen2.5-VL-3B-Instruct,hard_mismatch,instance reasoning,"Hint: Please answer the question and provide the correct option letter, e.g., A, B, C, D, at the end. Question: What is the age gap between these two people in image? (Unit: years)",C,A,A,confident_answer,none,no
689,bundle_23,Qwen/Qwen2.5-VL-3B-Instruct,correct_image,instance reasoning,What's the function of the demonstrated object?,D,D: Pick-up,D,confident_answer,none,yes
689,bundle_23,Qwen/Qwen2.5-VL-3B-Instruct,no_image,instance reasoning,What's the function of the demonstrated object?,D,"The image provided does not contain any visual evidence or context to determine the function of the demonstrated object. Therefore, it is impossible to accurately answer the question based on the given information.",ABSTAIN,explicit_abstention,insufficient_or_unclear,no
689,bundle_23,Qwen/Qwen2.5-VL-3B-Instruct,blank_image,instance reasoning,What's the function of the demonstrated object?,D,"The image provided does not contain any demonstrable object for analysis. Therefore, it is impossible to determine the function of an object based on this visual evidence alone.",ABSTAIN,explicit_abstention,insufficient_or_unclear,yes
689,bundle_23,Qwen/Qwen2.5-VL-3B-Instruct,far_mismatch,instance reasoning,What's the function of the demonstrated object?,D,D: Pick-up,D,confident_answer,none,yes
689,bundle_23,Qwen/Qwen2.5-VL-3B-Instruct,hard_mismatch,instance reasoning,What's the function of the demonstrated object?,D,B: filtration,B,confident_answer,none,no
570,bundle_24,Qwen/Qwen2.5-VL-3B-Instruct,correct_image,instance reasoning,What is the relative position of the ocean to the pier in the image?,B,B: The ocean is behind the pier.,B,confident_answer,none,yes
570,bundle_24,Qwen/Qwen2.5-VL-3B-Instruct,no_image,instance reasoning,What is the relative position of the ocean to the pier in the image?,B,D: It is not specified,D,hedged_answer,insufficient_or_unclear,no
570,bundle_24,Qwen/Qwen2.5-VL-3B-Instruct,blank_image,instance reasoning,What is the relative position of the ocean to the pier in the image?,B,D: It is not specified,D,explicit_abstention,missing,no
570,bundle_24,Qwen/Qwen2.5-VL-3B-Instruct,far_mismatch,instance reasoning,What is the relative position of the ocean to the pier in the image?,B,D: It is not specified,D,explicit_abstention,missing,no
570,bundle_24,Qwen/Qwen2.5-VL-3B-Instruct,hard_mismatch,instance reasoning,What is the relative position of the ocean to the pier in the image?,B,D: It is not specified,D,confident_answer,missing,no
562,bundle_25,Qwen/Qwen2.5-VL-3B-Instruct,correct_image,instance reasoning,What type of television is present in the room?,A,"A: Modern, wall-mounted",A,confident_answer,none,yes
562,bundle_25,Qwen/Qwen2.5-VL-3B-Instruct,no_image,instance reasoning,What type of television is present in the room?,A,"The image shows a modern, wall-mounted television. Therefore, the correct answer is:

A: Modern, wall-mounted",A,confident_answer,none,yes
562,bundle_25,Qwen/Qwen2.5-VL-3B-Instruct,blank_image,instance reasoning,What type of television is present in the room?,A,"D: Old, flat screen",D,confident_answer,none,yes
562,bundle_25,Qwen/Qwen2.5-VL-3B-Instruct,far_mismatch,instance reasoning,What type of television is present in the room?,A,"B: Old, tube TV",B,confident_answer,none,yes
562,bundle_25,Qwen/Qwen2.5-VL-3B-Instruct,hard_mismatch,instance reasoning,What type of television is present in the room?,A,"D: Old, flat screen",D,confident_answer,none,yes
557,bundle_26,Qwen/Qwen2.5-VL-3B-Instruct,correct_image,instance reasoning,What's the function of the demonstrated object?,D,A,A,confident_answer,none,no
557,bundle_26,Qwen/Qwen2.5-VL-3B-Instruct,no_image,instance reasoning,What's the function of the demonstrated object?,D,"The image provided does not contain any visual evidence or context to determine the function of the demonstrated object. Therefore, it is impossible to accurately answer the question based on the given information.",ABSTAIN,explicit_abstention,insufficient_or_unclear,no
557,bundle_26,Qwen/Qwen2.5-VL-3B-Instruct,blank_image,instance reasoning,What's the function of the demonstrated object?,D,"The image provided does not contain any demonstrable object for analysis. Therefore, it is impossible to determine the function of an object based on this visual evidence alone.",ABSTAIN,explicit_abstention,insufficient_or_unclear,yes
557,bundle_26,Qwen/Qwen2.5-VL-3B-Instruct,far_mismatch,instance reasoning,What's the function of the demonstrated object?,D,C: binding,C,confident_answer,none,no
557,bundle_26,Qwen/Qwen2.5-VL-3B-Instruct,hard_mismatch,instance reasoning,What's the function of the demonstrated object?,D,C: binding,C,confident_answer,none,no
535,bundle_27,Qwen/Qwen2.5-VL-3B-Instruct,correct_image,instance reasoning,Think about the magnetic force between the magnets in each pair. Which of the following statements is true?,B,B: The magnitude of the magnetic force is smaller in Pair 2.,B,confident_answer,none,yes
535,bundle_27,Qwen/Qwen2.5-VL-3B-Instruct,no_image,instance reasoning,Think about the magnetic force between the magnets in each pair. Which of the following statements is true?,B,"To determine which statement is true regarding the magnetic force between the magnets in each pair, we need to analyze the visual evidence provided. However, since there is no visual evidence or diagram included in your message, I cannot provide a specific answer based on the image you described.

Given the options:
A: The magnitude of the magnetic force is smaller in Pair 2.
B: The magnitude of the magnetic force is smaller in Pair 1.
C: The magnitude of the magnetic force is the same in both pairs.
D: nan (which stands for ""not applicable"" or ""no information"")

Since there is no visual data to compare the",ABSTAIN,explicit_abstention,missing,no
535,bundle_27,Qwen/Qwen2.5-VL-3B-Instruct,blank_image,instance reasoning,Think about the magnetic force between the magnets in each pair. Which of the following statements is true?,B,D: nan,D,unscorable,none,no
535,bundle_27,Qwen/Qwen2.5-VL-3B-Instruct,far_mismatch,instance reasoning,Think about the magnetic force between the magnets in each pair. Which of the following statements is true?,B,B: The magnitude of the magnetic force is smaller in Pair 1.,B,confident_answer,none,yes
535,bundle_27,Qwen/Qwen2.5-VL-3B-Instruct,hard_mismatch,instance reasoning,Think about the magnetic force between the magnets in each pair. Which of the following statements is true?,B,C: The magnitude of the magnetic force is the same in both pairs.,C,confident_answer,none,no
688,bundle_28,Qwen/Qwen2.5-VL-3B-Instruct,correct_image,instance reasoning,In what situations would the scene in the picture appear?,D,C: Put a piece of sodium into water.,C,confident_answer,none,no
688,bundle_28,Qwen/Qwen2.5-VL-3B-Instruct,no_image,instance reasoning,In what situations would the scene in the picture appear?,D,"The image shows a reaction between a piece of sodium and water. Sodium reacts vigorously with water, producing hydrogen gas and sodium hydroxide. This reaction is exothermic and can be dangerous if not handled carefully. Therefore, the correct answer is:

C: Put a piece of sodium into water.",C,confident_answer,none,yes
688,bundle_28,Qwen/Qwen2.5-VL-3B-Instruct,blank_image,instance reasoning,In what situations would the scene in the picture appear?,D,"The image provided does not contain any visual evidence related to the scenario described in the question. Therefore, it is impossible to determine from this image whether the scene depicted involves putting a piece of iron, plastic, sodium, or kerosene into water.",ABSTAIN,explicit_abstention,mismatch_or_irrelevant,no
688,bundle_28,Qwen/Qwen2.5-VL-3B-Instruct,far_mismatch,instance reasoning,In what situations would the scene in the picture appear?,D,C,C,confident_answer,none,no
688,bundle_28,Qwen/Qwen2.5-VL-3B-Instruct,hard_mismatch,instance reasoning,In what situations would the scene in the picture appear?,D,C,C,confident_answer,none,no
526,bundle_29,Qwen/Qwen2.5-VL-3B-Instruct,correct_image,instance reasoning,"Hint: Please answer the question and provide the correct option letter, e.g., A, B, C, D, at the end. Question: What is the age gap between these two people in image? (Unit: years)",D,B,B,confident_answer,none,no
526,bundle_29,Qwen/Qwen2.5-VL-3B-Instruct,no_image,instance reasoning,"Hint: Please answer the question and provide the correct option letter, e.g., A, B, C, D, at the end. Question: What is the age gap between these two people in image? (Unit: years)",D,"The age gap between the two people in the image is 5 years. Therefore, the correct answer is:

(B) 5",B,confident_answer,none,yes
526,bundle_29,Qwen/Qwen2.5-VL-3B-Instruct,blank_image,instance reasoning,"Hint: Please answer the question and provide the correct option letter, e.g., A, B, C, D, at the end. Question: What is the age gap between these two people in image? (Unit: years)",D,"The image provided does not contain any visual information about the ages of the individuals or their age gap. Therefore, it is not possible to determine the age gap between the two people based on the given image.",ABSTAIN,explicit_abstention,insufficient_or_unclear,yes
526,bundle_29,Qwen/Qwen2.5-VL-3B-Instruct,far_mismatch,instance reasoning,"Hint: Please answer the question and provide the correct option letter, e.g., A, B, C, D, at the end. Question: What is the age gap between these two people in image? (Unit: years)",D,"The image provided does not contain any information related to ages or people. Therefore, it is impossible to determine the age gap between two people based on this image alone. The correct response is:

None of the above.",ABSTAIN,confident_answer,insufficient_or_unclear,yes
526,bundle_29,Qwen/Qwen2.5-VL-3B-Instruct,hard_mismatch,instance reasoning,"Hint: Please answer the question and provide the correct option letter, e.g., A, B, C, D, at the end. Question: What is the age gap between these two people in image? (Unit: years)",D,B,B,confident_answer,none,no
913,bundle_30,Qwen/Qwen2.5-VL-3B-Instruct,correct_image,logical reasoning,Which month is the wettest on average in Christchurch?,C,C: May,C,confident_answer,none,no
913,bundle_30,Qwen/Qwen2.5-VL-3B-Instruct,no_image,logical reasoning,Which month is the wettest on average in Christchurch?,C,"The visual evidence provided does not contain any information about the precipitation patterns or average rainfall amounts for different months in Christchurch. Therefore, it is not possible to determine which month is the wettest on average in Christchurch based solely on this image. The correct response is:

D: nan",D,explicit_abstention,mismatch_or_irrelevant,yes
913,bundle_30,Qwen/Qwen2.5-VL-3B-Instruct,blank_image,logical reasoning,Which month is the wettest on average in Christchurch?,C,D: nan,D,unscorable,none,no
913,bundle_30,Qwen/Qwen2.5-VL-3B-Instruct,far_mismatch,logical reasoning,Which month is the wettest on average in Christchurch?,C,D: nan,D,unscorable,none,no
913,bundle_30,Qwen/Qwen2.5-VL-3B-Instruct,hard_mismatch,logical reasoning,Which month is the wettest on average in Christchurch?,C,C: May,C,confident_answer,none,no
778,bundle_31,Qwen/Qwen2.5-VL-3B-Instruct,correct_image,logical reasoning,What python code is gonna generate the result as shown in the image?,A,A,A,confident_answer,none,no
778,bundle_31,Qwen/Qwen2.5-VL-3B-Instruct,no_image,logical reasoning,What python code is gonna generate the result as shown in the image?,A,D,D,confident_answer,none,no
778,bundle_31,Qwen/Qwen2.5-VL-3B-Instruct,blank_image,logical reasoning,What python code is gonna generate the result as shown in the image?,A,D,D,confident_answer,none,no
778,bundle_31,Qwen/Qwen2.5-VL-3B-Instruct,far_mismatch,logical reasoning,What python code is gonna generate the result as shown in the image?,A,D,D,confident_answer,none,no
778,bundle_31,Qwen/Qwen2.5-VL-3B-Instruct,hard_mismatch,logical reasoning,What python code is gonna generate the result as shown in the image?,A,D,D,confident_answer,none,no
756,bundle_32,Qwen/Qwen2.5-VL-3B-Instruct,correct_image,logical reasoning,Where is the woman holding her belly in the image?,B,B: With her right hand,B,confident_answer,none,yes
756,bundle_32,Qwen/Qwen2.5-VL-3B-Instruct,no_image,logical reasoning,Where is the woman holding her belly in the image?,B,D: She's not holding her belly,D,confident_answer,none,yes
756,bundle_32,Qwen/Qwen2.5-VL-3B-Instruct,blank_image,logical reasoning,Where is the woman holding her belly in the image?,B,D: She's not holding her belly,D,confident_answer,none,yes
756,bundle_32,Qwen/Qwen2.5-VL-3B-Instruct,far_mismatch,logical reasoning,Where is the woman holding her belly in the image?,B,D: She's not holding her belly,D,confident_answer,none,yes
756,bundle_32,Qwen/Qwen2.5-VL-3B-Instruct,hard_mismatch,logical reasoning,Where is the woman holding her belly in the image?,B,D: She's not holding her belly,D,confident_answer,none,yes
939,bundle_33,Qwen/Qwen2.5-VL-3B-Instruct,correct_image,logical reasoning,What time of day is it at stage 1?,B,C: sunset,C,confident_answer,none,yes
939,bundle_33,Qwen/Qwen2.5-VL-3B-Instruct,no_image,logical reasoning,What time of day is it at stage 1?,B,"The image provided does not contain any visual evidence to determine the time of day at stage 1. Therefore, I cannot provide an answer based on the given options.",ABSTAIN,explicit_abstention,insufficient_or_unclear,no
939,bundle_33,Qwen/Qwen2.5-VL-3B-Instruct,blank_image,logical reasoning,What time of day is it at stage 1?,B,"The image provided does not contain any visual evidence or context to determine the time of day at stage 1. Therefore, I cannot provide an answer based on the given options.",ABSTAIN,explicit_abstention,insufficient_or_unclear,yes
939,bundle_33,Qwen/Qwen2.5-VL-3B-Instruct,far_mismatch,logical reasoning,What time of day is it at stage 1?,B,"The image provided does not contain any information about the time of day or any stage related to it. Therefore, it is not possible to determine the correct answer based on the given options and the map.",ABSTAIN,explicit_abstention,insufficient_or_unclear,yes
939,bundle_33,Qwen/Qwen2.5-VL-3B-Instruct,hard_mismatch,logical reasoning,What time of day is it at stage 1?,B,D: sunrise,D,confident_answer,none,yes
820,bundle_34,Qwen/Qwen2.5-VL-3B-Instruct,correct_image,logical reasoning,"Hint: Please answer the question and provide the correct option letter, e.g., A, B, C, D, at the end. Question: What is the difference between the highest and the lowest value of blue bar?",A,B,B,confident_answer,missing,no
820,bundle_34,Qwen/Qwen2.5-VL-3B-Instruct,no_image,logical reasoning,"Hint: Please answer the question and provide the correct option letter, e.g., A, B, C, D, at the end. Question: What is the difference between the highest and the lowest value of blue bar?",A,"The difference between the highest and the lowest value of the blue bar is 66. Therefore, the correct answer is:

(C) 66",C,confident_answer,insufficient_or_unclear,yes
820,bundle_34,Qwen/Qwen2.5-VL-3B-Instruct,blank_image,logical reasoning,"Hint: Please answer the question and provide the correct option letter, e.g., A, B, C, D, at the end. Question: What is the difference between the highest and the lowest value of blue bar?",A,"The difference between the highest and the lowest value of the blue bar is 66. Therefore, the correct answer is:

(C) 66",C,confident_answer,none,yes
820,bundle_34,Qwen/Qwen2.5-VL-3B-Instruct,far_mismatch,logical reasoning,"Hint: Please answer the question and provide the correct option letter, e.g., A, B, C, D, at the end. Question: What is the difference between the highest and the lowest value of blue bar?",A,"The difference between the highest and the lowest value of the blue bar in the image is 66. Therefore, the correct answer is:

(C) 66",C,confident_answer,none,yes
820,bundle_34,Qwen/Qwen2.5-VL-3B-Instruct,hard_mismatch,logical reasoning,"Hint: Please answer the question and provide the correct option letter, e.g., A, B, C, D, at the end. Question: What is the difference between the highest and the lowest value of blue bar?",A,"To find the difference between the highest and lowest value of the blue bar:

1. Identify the highest value in the blue bars:
   - The highest value is 622 for North America (and Caribbean) in 2015.

2. Identify the lowest value in the blue bars:
   - The lowest value is 590 for North America (and Caribbean) in 2013.

3. Calculate the difference:
   - Difference = Highest value - Lowest value
   - Difference = 622 - 590 = 32

4. Compare the calculated difference with the given",UNSCORABLE,confident_answer,none,yes
812,bundle_35,Qwen/Qwen2.5-VL-3B-Instruct,correct_image,logical reasoning,Is there a teddy bear in the image?,B,B: No,B,confident_answer,none,no
812,bundle_35,Qwen/Qwen2.5-VL-3B-Instruct,no_image,logical reasoning,Is there a teddy bear in the image?,B,B: No,B,confident_answer,none,no
812,bundle_35,Qwen/Qwen2.5-VL-3B-Instruct,blank_image,logical reasoning,Is there a teddy bear in the image?,B,B: No,B,confident_answer,none,no
812,bundle_35,Qwen/Qwen2.5-VL-3B-Instruct,far_mismatch,logical reasoning,Is there a teddy bear in the image?,B,B: No,B,confident_answer,none,no
812,bundle_35,Qwen/Qwen2.5-VL-3B-Instruct,hard_mismatch,logical reasoning,Is there a teddy bear in the image?,B,C: Yes,C,confident_answer,none,no
807,bundle_36,Qwen/Qwen2.5-VL-3B-Instruct,correct_image,logical reasoning,"Hint: Please answer the question and provide the correct option letter, e.g., A, B, C, D, at the end. Question: How many people like the most preferred object in the whole chart?",D,D,D,confident_answer,none,no
807,bundle_36,Qwen/Qwen2.5-VL-3B-Instruct,no_image,logical reasoning,"Hint: Please answer the question and provide the correct option letter, e.g., A, B, C, D, at the end. Question: How many people like the most preferred object in the whole chart?",D,"To answer this question, I would need to see the chart or image you're referring to. Without it, I cannot determine how many people like the most preferred object. Please provide the chart or image so I can assist you better.",ABSTAIN,explicit_abstention,missing,no
807,bundle_36,Qwen/Qwen2.5-VL-3B-Instruct,blank_image,logical reasoning,"Hint: Please answer the question and provide the correct option letter, e.g., A, B, C, D, at the end. Question: How many people like the most preferred object in the whole chart?",D,"The image provided does not contain any chart or data related to preferences for objects. Therefore, it is impossible to determine how many people like the most preferred object based on the given information. The correct response is:

None of the above.",ABSTAIN,hedged_answer,mismatch_or_irrelevant,yes
807,bundle_36,Qwen/Qwen2.5-VL-3B-Instruct,far_mismatch,logical reasoning,"Hint: Please answer the question and provide the correct option letter, e.g., A, B, C, D, at the end. Question: How many people like the most preferred object in the whole chart?",D,"The image provided does not contain any information related to a chart or preferences of objects. Therefore, it is impossible to determine how many people like the most preferred object based on the given image. The correct response is:

None of the above.",ABSTAIN,hedged_answer,mismatch_or_irrelevant,yes
807,bundle_36,Qwen/Qwen2.5-VL-3B-Instruct,hard_mismatch,logical reasoning,"Hint: Please answer the question and provide the correct option letter, e.g., A, B, C, D, at the end. Question: How many people like the most preferred object in the whole chart?",D,"The image provided does not contain any chart or data related to preferences for objects. Therefore, it is impossible to determine how many people like the most preferred object based on the given image. The correct response is:

None of the above.",ABSTAIN,hedged_answer,missing,yes
785,bundle_37,Qwen/Qwen2.5-VL-3B-Instruct,correct_image,logical reasoning,Which Python code can generate the content of the image?,C,A,A,confident_answer,none,no
785,bundle_37,Qwen/Qwen2.5-VL-3B-Instruct,no_image,logical reasoning,Which Python code can generate the content of the image?,C,"The correct Python code to generate the content of the image is:

A: from collections import Counter result = Counter('Canada') print(result)

This code uses the `Counter` class from the `collections` module to count the occurrences of each character in the string 'Canada'. The output will be a dictionary showing the frequency of each character in the string.",A,confident_answer,none,yes
785,bundle_37,Qwen/Qwen2.5-VL-3B-Instruct,blank_image,logical reasoning,Which Python code can generate the content of the image?,C,A,A,confident_answer,none,no
785,bundle_37,Qwen/Qwen2.5-VL-3B-Instruct,far_mismatch,logical reasoning,Which Python code can generate the content of the image?,C,A,A,confident_answer,none,no
785,bundle_37,Qwen/Qwen2.5-VL-3B-Instruct,hard_mismatch,logical reasoning,Which Python code can generate the content of the image?,C,A,A,confident_answer,none,no
938,bundle_38,Qwen/Qwen2.5-VL-3B-Instruct,correct_image,logical reasoning,Is the man wearing a hat?,C,C: Can't be determined,C,explicit_abstention,insufficient_or_unclear,no
938,bundle_38,Qwen/Qwen2.5-VL-3B-Instruct,no_image,logical reasoning,Is the man wearing a hat?,C,C: Can't be determined,C,explicit_abstention,insufficient_or_unclear,no
938,bundle_38,Qwen/Qwen2.5-VL-3B-Instruct,blank_image,logical reasoning,Is the man wearing a hat?,C,C: Can't be determined,C,explicit_abstention,insufficient_or_unclear,no
938,bundle_38,Qwen/Qwen2.5-VL-3B-Instruct,far_mismatch,logical reasoning,Is the man wearing a hat?,C,C: Can't be determined,C,explicit_abstention,insufficient_or_unclear,no
938,bundle_38,Qwen/Qwen2.5-VL-3B-Instruct,hard_mismatch,logical reasoning,Is the man wearing a hat?,C,C: Can't be determined,C,explicit_abstention,insufficient_or_unclear,no
776,bundle_39,Qwen/Qwen2.5-VL-3B-Instruct,correct_image,logical reasoning,"Hint: Please answer the question and provide the correct option letter, e.g., A, B, C, D, at the end. Question: What is the difference between the highest and the lowest dark blue bar?",A,"To find the difference between the highest and lowest dark blue bars, we need to identify the values for each year:

For North America (and Caribbean):
- 2013: 590
- 2014: 601
- 2015: 622

The highest value is 622 in 2015.
The lowest value is 590 in 2013.

Now, let's calculate the difference:
622 - 590 = 32

None of the given options match this result. Therefore,",ABSTAIN,confident_answer,none,yes
776,bundle_39,Qwen/Qwen2.5-VL-3B-Instruct,no_image,logical reasoning,"Hint: Please answer the question and provide the correct option letter, e.g., A, B, C, D, at the end. Question: What is the difference between the highest and the lowest dark blue bar?",A,"The difference between the highest and the lowest dark blue bar is 54. Therefore, the correct answer is:

(A) 54",A,confident_answer,none,yes
776,bundle_39,Qwen/Qwen2.5-VL-3B-Instruct,blank_image,logical reasoning,"Hint: Please answer the question and provide the correct option letter, e.g., A, B, C, D, at the end. Question: What is the difference between the highest and the lowest dark blue bar?",A,"The difference between the highest and the lowest dark blue bar is 54. Therefore, the correct answer is:

(A) 54",A,confident_answer,none,yes
776,bundle_39,Qwen/Qwen2.5-VL-3B-Instruct,far_mismatch,logical reasoning,"Hint: Please answer the question and provide the correct option letter, e.g., A, B, C, D, at the end. Question: What is the difference between the highest and the lowest dark blue bar?",A,"The difference between the highest and the lowest dark blue bar is 56. Therefore, the correct answer is:

(C) 56",C,confident_answer,none,yes
776,bundle_39,Qwen/Qwen2.5-VL-3B-Instruct,hard_mismatch,logical reasoning,"Hint: Please answer the question and provide the correct option letter, e.g., A, B, C, D, at the end. Question: What is the difference between the highest and the lowest dark blue bar?",A,B,B,confident_answer,none,no
1163,bundle_40,Qwen/Qwen2.5-VL-3B-Instruct,correct_image,math,"Hint: Please answer the question and provide the correct option letter, e.g., A, B, C, D, at the end. Question: Find x. Assume that any segment that appears to be tangent is tangent.",C,"To solve for \(x\), we need to use the properties of angles in a circle and the fact that tangents from a point to a circle are equal in length.

Given:
- The angle formed by the tangent and the radius is \(30^\circ\).
- The angle between the two radii is \(3x^\circ\).

Since the sum of angles around a point is \(360^\circ\), and considering the given information, we can set up the equation:

\[3x + 30 = 180\]

Solving for \(x\):

\[3x = 1",UNSCORABLE,unscorable,none,yes
1163,bundle_40,Qwen/Qwen2.5-VL-3B-Instruct,no_image,math,"Hint: Please answer the question and provide the correct option letter, e.g., A, B, C, D, at the end. Question: Find x. Assume that any segment that appears to be tangent is tangent.",C,"To solve for \( x \), we need to analyze the given geometric figure and use the properties of angles in a triangle or circle. However, since there is no visual evidence provided in the question, I cannot determine the exact value of \( x \). Therefore, I am unable to select an appropriate option from the choices given.

**Answer:** The problem cannot be solved with the information provided.",ABSTAIN,explicit_abstention,missing,no
1163,bundle_40,Qwen/Qwen2.5-VL-3B-Instruct,blank_image,math,"Hint: Please answer the question and provide the correct option letter, e.g., A, B, C, D, at the end. Question: Find x. Assume that any segment that appears to be tangent is tangent.",C,"To solve for \( x \), we need to analyze the given geometric figure and use the properties of angles in a triangle or circle. However, since there is no visual evidence provided in the question, I cannot determine the exact value of \( x \). Therefore, I am unable to select an appropriate option from the choices given.

**Answer:** The problem cannot be solved with the information provided.",ABSTAIN,explicit_abstention,missing,no
1163,bundle_40,Qwen/Qwen2.5-VL-3B-Instruct,far_mismatch,math,"Hint: Please answer the question and provide the correct option letter, e.g., A, B, C, D, at the end. Question: Find x. Assume that any segment that appears to be tangent is tangent.",C,"The image provided does not contain any geometric elements or angles that can be used to determine the value of 'x'. Therefore, it is impossible to accurately answer the question based on the given information. The correct response is:

E",ABSTAIN,confident_answer,insufficient_or_unclear,yes
1163,bundle_40,Qwen/Qwen2.5-VL-3B-Instruct,hard_mismatch,math,"Hint: Please answer the question and provide the correct option letter, e.g., A, B, C, D, at the end. Question: Find x. Assume that any segment that appears to be tangent is tangent.",C,"To find \( x \), we can use the Pythagorean theorem in the right triangle formed by the radius of the circle, the tangent segment, and the hypotenuse.

Given:
- The radius of the circle is 8 units.
- One leg of the right triangle is 15 units.
- The other leg of the right triangle is 12 units.

We need to find the length of the hypotenuse, which is the distance from the center of the circle to the point where the tangent touches the circle.

Using the Pythagorean theorem:
\[ c^2 = a^2 + b^2 \",UNSCORABLE,unscorable,none,no
1028,bundle_41,Qwen/Qwen2.5-VL-3B-Instruct,correct_image,math,"Hint: Please answer the question requiring an integer answer and provide the final value, e.g., 1, 2, 3, at the end. Question: What number is shown?",B,(B) 38,B,confident_answer,none,no
1028,bundle_41,Qwen/Qwen2.5-VL-3B-Instruct,no_image,math,"Hint: Please answer the question requiring an integer answer and provide the final value, e.g., 1, 2, 3, at the end. Question: What number is shown?",B,"The number shown in the image is 42. Therefore, the correct answer is:

(C) 42",C,confident_answer,none,yes
1028,bundle_41,Qwen/Qwen2.5-VL-3B-Instruct,blank_image,math,"Hint: Please answer the question requiring an integer answer and provide the final value, e.g., 1, 2, 3, at the end. Question: What number is shown?",B,"The number shown in the image is 42. Therefore, the correct answer is:

(C) 42",C,confident_answer,none,yes
1028,bundle_41,Qwen/Qwen2.5-VL-3B-Instruct,far_mismatch,math,"Hint: Please answer the question requiring an integer answer and provide the final value, e.g., 1, 2, 3, at the end. Question: What number is shown?",B,"The image provided does not contain any numbers or numerical information. Therefore, it is not possible to determine the correct answer based on the given options. The appropriate response is:

None of the above.",ABSTAIN,confident_answer,insufficient_or_unclear,yes
1028,bundle_41,Qwen/Qwen2.5-VL-3B-Instruct,hard_mismatch,math,"Hint: Please answer the question requiring an integer answer and provide the final value, e.g., 1, 2, 3, at the end. Question: What number is shown?",B,(B) 38,B,confident_answer,none,no
1006,bundle_42,Qwen/Qwen2.5-VL-3B-Instruct,correct_image,math,"Hint: Please answer the question and provide the correct option letter, e.g., A, B, C, D, at the end. Question: Move the ruler to measure the length of the line to the nearest centimeter. The line is about (_) centimeters long.",D,"The line is approximately 6 centimeters long. Therefore, the correct answer is:

(C) 6",C,hedged_answer,none,yes
1006,bundle_42,Qwen/Qwen2.5-VL-3B-Instruct,no_image,math,"Hint: Please answer the question and provide the correct option letter, e.g., A, B, C, D, at the end. Question: Move the ruler to measure the length of the line to the nearest centimeter. The line is about (_) centimeters long.",D,"The line is approximately 6 centimeters long. Therefore, the correct answer is:

(C) 6",C,hedged_answer,none,yes
1006,bundle_42,Qwen/Qwen2.5-VL-3B-Instruct,blank_image,math,"Hint: Please answer the question and provide the correct option letter, e.g., A, B, C, D, at the end. Question: Move the ruler to measure the length of the line to the nearest centimeter. The line is about (_) centimeters long.",D,"The line is approximately 6 centimeters long. Therefore, the correct answer is:

(C) 6",C,hedged_answer,none,yes
1006,bundle_42,Qwen/Qwen2.5-VL-3B-Instruct,far_mismatch,math,"Hint: Please answer the question and provide the correct option letter, e.g., A, B, C, D, at the end. Question: Move the ruler to measure the length of the line to the nearest centimeter. The line is about (_) centimeters long.",D,"The given image does not contain any information related to measuring a line or ruler. Therefore, it is impossible to determine the length of the line in centimeters from the provided data.",ABSTAIN,explicit_abstention,mismatch_or_irrelevant,yes
1006,bundle_42,Qwen/Qwen2.5-VL-3B-Instruct,hard_mismatch,math,"Hint: Please answer the question and provide the correct option letter, e.g., A, B, C, D, at the end. Question: Move the ruler to measure the length of the line to the nearest centimeter. The line is about (_) centimeters long.",D,"The line is approximately 7 centimeters long. Therefore, the correct answer is:

(D) 7",D,hedged_answer,none,yes
1189,bundle_43,Qwen/Qwen2.5-VL-3B-Instruct,correct_image,math,"Hint: Please answer the question and provide the correct option letter, e.g., A, B, C, D, at the end. Question: Move the ruler to measure the length of the slug to the nearest inch. The slug is about (_) inches long.",A,D,D,confident_answer,none,no
1189,bundle_43,Qwen/Qwen2.5-VL-3B-Instruct,no_image,math,"Hint: Please answer the question and provide the correct option letter, e.g., A, B, C, D, at the end. Question: Move the ruler to measure the length of the slug to the nearest inch. The slug is about (_) inches long.",A,"The slug appears to be approximately 2 inches long. Therefore, the correct answer is:

(D) 2",D,hedged_answer,none,yes
1189,bundle_43,Qwen/Qwen2.5-VL-3B-Instruct,blank_image,math,"Hint: Please answer the question and provide the correct option letter, e.g., A, B, C, D, at the end. Question: Move the ruler to measure the length of the slug to the nearest inch. The slug is about (_) inches long.",A,"The slug appears to be approximately 2 inches long when measured with the ruler. Therefore, the correct answer is:

(D) 2",D,hedged_answer,none,yes
1189,bundle_43,Qwen/Qwen2.5-VL-3B-Instruct,far_mismatch,math,"Hint: Please answer the question and provide the correct option letter, e.g., A, B, C, D, at the end. Question: Move the ruler to measure the length of the slug to the nearest inch. The slug is about (_) inches long.",A,"The image provided does not contain any ruler or slug for measurement purposes. Therefore, it is impossible to determine the length of the slug in inches based on the given image. 

Answer: The correct response is:

None of the above options can be determined from the image.",ABSTAIN,explicit_abstention,missing,yes
1189,bundle_43,Qwen/Qwen2.5-VL-3B-Instruct,hard_mismatch,math,"Hint: Please answer the question and provide the correct option letter, e.g., A, B, C, D, at the end. Question: Move the ruler to measure the length of the slug to the nearest inch. The slug is about (_) inches long.",A,(B) 1,B,confident_answer,none,no
1070,bundle_44,Qwen/Qwen2.5-VL-3B-Instruct,correct_image,math,"Hint: Please answer the question and provide the correct option letter, e.g., A, B, C, D, at the end. Question: In the figure above, l || m. Which of the following must equal 180?",B,"To solve this problem, we need to understand the properties of parallel lines and the angles formed by intersecting lines.

Given:
- Line \( l \parallel m \)
- The angles formed by the intersection of line \( l \) with line \( n \) and line \( m \) with line \( p \) are labeled as \( k^\circ \), \( n^\circ \), \( p^\circ \), and \( r^\circ \).

We know that when two parallel lines are cut by a transversal, corresponding angles are equal, alternate interior angles are equal, and consecutive interior angles are supplementary (sum to",UNSCORABLE,unscorable,none,no
1070,bundle_44,Qwen/Qwen2.5-VL-3B-Instruct,no_image,math,"Hint: Please answer the question and provide the correct option letter, e.g., A, B, C, D, at the end. Question: In the figure above, l || m. Which of the following must equal 180?",B,"To solve this problem, we need to understand the properties of parallel lines and the angles formed by them when intersected by a transversal. 

Given that \( l \parallel m \), any angle formed on one side of the transversal will have corresponding angles on the other side that are equal. Additionally, consecutive interior angles (angles on the same side of the transversal but inside the two parallel lines) are supplementary, meaning they add up to 180 degrees.

Let's analyze each option:

(A) \( k + n + r \): This combination does not necessarily sum to 180 degrees based",A,unscorable,none,no
1070,bundle_44,Qwen/Qwen2.5-VL-3B-Instruct,blank_image,math,"Hint: Please answer the question and provide the correct option letter, e.g., A, B, C, D, at the end. Question: In the figure above, l || m. Which of the following must equal 180?",B,"To solve this problem, we need to understand the properties of parallel lines and the angles formed by them when intersected by a transversal.

Given:
- \( l \parallel m \)

We need to find which of the given options must equal 180 degrees.

Let's analyze each option:

(A) \( k + n + r \)
- This option involves three angles, but without specific information about their relationship or measurement, it's not straightforward to determine if their sum equals 180 degrees.

(B) \( k + p + s \)
- This option involves three angles, similar to option (A),",UNSCORABLE,unscorable,insufficient_or_unclear,no
1070,bundle_44,Qwen/Qwen2.5-VL-3B-Instruct,far_mismatch,math,"Hint: Please answer the question and provide the correct option letter, e.g., A, B, C, D, at the end. Question: In the figure above, l || m. Which of the following must equal 180?",B,B,B,confident_answer,none,no
1070,bundle_44,Qwen/Qwen2.5-VL-3B-Instruct,hard_mismatch,math,"Hint: Please answer the question and provide the correct option letter, e.g., A, B, C, D, at the end. Question: In the figure above, l || m. Which of the following must equal 180?",B,"The given figure does not contain any information about angles or lines parallel to each other. Therefore, it is impossible to determine which of the provided options must equal 180 degrees based solely on the visual evidence presented in the image. 

Therefore, the correct answer is:

None of the above.",ABSTAIN,confident_answer,insufficient_or_unclear,yes
1062,bundle_45,Qwen/Qwen2.5-VL-3B-Instruct,correct_image,math,"Hint: Please answer the question and provide the correct option letter, e.g., A, B, C, D, at the end. Question: Is the number of blue matte school bus greater than the number of large cyan metallic jets?",A,(A),A,confident_answer,none,no
1062,bundle_45,Qwen/Qwen2.5-VL-3B-Instruct,no_image,math,"Hint: Please answer the question and provide the correct option letter, e.g., A, B, C, D, at the end. Question: Is the number of blue matte school bus greater than the number of large cyan metallic jets?",A,(C) nan,C,confident_answer,none,no
1062,bundle_45,Qwen/Qwen2.5-VL-3B-Instruct,blank_image,math,"Hint: Please answer the question and provide the correct option letter, e.g., A, B, C, D, at the end. Question: Is the number of blue matte school bus greater than the number of large cyan metallic jets?",A,(C) nan,C,confident_answer,none,no
1062,bundle_45,Qwen/Qwen2.5-VL-3B-Instruct,far_mismatch,math,"Hint: Please answer the question and provide the correct option letter, e.g., A, B, C, D, at the end. Question: Is the number of blue matte school bus greater than the number of large cyan metallic jets?",A,(B),B,confident_answer,none,no
1062,bundle_45,Qwen/Qwen2.5-VL-3B-Instruct,hard_mismatch,math,"Hint: Please answer the question and provide the correct option letter, e.g., A, B, C, D, at the end. Question: Is the number of blue matte school bus greater than the number of large cyan metallic jets?",A,(B) No,B,confident_answer,none,no
1057,bundle_46,Qwen/Qwen2.5-VL-3B-Instruct,correct_image,math,"Kimpel Products makes pizza ovens for commercial use. James Kimpel, CEO, is contemplating producing smaller ovens for use in high school and college kitchens. The activities necessary to build an experimental model and related data are given in the following table: <image 1> What is the project completion date?",A,"C: Slacks are: 0, 4, 9, 0, 4, 9, 0",C,confident_answer,none,no
1057,bundle_46,Qwen/Qwen2.5-VL-3B-Instruct,no_image,math,"Kimpel Products makes pizza ovens for commercial use. James Kimpel, CEO, is contemplating producing smaller ovens for use in high school and college kitchens. The activities necessary to build an experimental model and related data are given in the following table: <image 1> What is the project completion date?",A,The project completion date cannot be determined from the provided image.,ABSTAIN,explicit_abstention,insufficient_or_unclear,no
1057,bundle_46,Qwen/Qwen2.5-VL-3B-Instruct,blank_image,math,"Kimpel Products makes pizza ovens for commercial use. James Kimpel, CEO, is contemplating producing smaller ovens for use in high school and college kitchens. The activities necessary to build an experimental model and related data are given in the following table: <image 1> What is the project completion date?",A,The project completion date cannot be determined from the provided image.,ABSTAIN,explicit_abstention,insufficient_or_unclear,no
1057,bundle_46,Qwen/Qwen2.5-VL-3B-Instruct,far_mismatch,math,"Kimpel Products makes pizza ovens for commercial use. James Kimpel, CEO, is contemplating producing smaller ovens for use in high school and college kitchens. The activities necessary to build an experimental model and related data are given in the following table: <image 1> What is the project completion date?",A,"The image provided does not contain any information related to the project completion date or the activities necessary to build an experimental model and related data for Kimpel Products' pizza ovens. Therefore, it is not possible to determine the project completion date based on the visual evidence alone.",ABSTAIN,explicit_abstention,insufficient_or_unclear,no
1057,bundle_46,Qwen/Qwen2.5-VL-3B-Instruct,hard_mismatch,math,"Kimpel Products makes pizza ovens for commercial use. James Kimpel, CEO, is contemplating producing smaller ovens for use in high school and college kitchens. The activities necessary to build an experimental model and related data are given in the following table: <image 1> What is the project completion date?",A,"The provided image does not contain any information related to the project completion date or the slacks schedule for Kimpel Products' experimental model of pizza ovens. Therefore, it is not possible to determine the project completion date based on the given visual evidence.",ABSTAIN,explicit_abstention,mismatch_or_irrelevant,yes
1035,bundle_47,Qwen/Qwen2.5-VL-3B-Instruct,correct_image,math,"Hint: Please answer the question and provide the correct option letter, e.g., A, B, C, D, at the end. Question: As shown in the figure, in Rt△ABC, ∠BAC = 90.0, AD ⊥ BC at D, DE ⊥ AB at E, AD = 3.0, DE = 2.0, then the length of CD is ()",D,"To solve this problem, we can use the properties of similar triangles and the Pythagorean theorem.

Given:
- In right triangle \( \triangle ABC \), \( \angle BAC = 90^\circ \).
- \( AD \perp BC \) at \( D \).
- \( DE \perp AB \) at \( E \).
- \( AD = 3.0 \).
- \( DE = 2.0 \).

We need to find the length of \( CD \).

### Step-by-Step Solution:

1. **Identify Similar Triangles:**
   - Since \( AD \per",D,unscorable,none,no
1035,bundle_47,Qwen/Qwen2.5-VL-3B-Instruct,no_image,math,"Hint: Please answer the question and provide the correct option letter, e.g., A, B, C, D, at the end. Question: As shown in the figure, in Rt△ABC, ∠BAC = 90.0, AD ⊥ BC at D, DE ⊥ AB at E, AD = 3.0, DE = 2.0, then the length of CD is ()",D,"To solve this problem, we can use the properties of right triangles and similar triangles.

Given:
- In Rt△ABC, ∠BAC = 90°.
- AD ⊥ BC at D.
- DE ⊥ AB at E.
- AD = 3.0.
- DE = 2.0.

We need to find the length of CD.

Step 1: Since AD ⊥ BC and DE ⊥ AB, triangles ADE and ABC are similar by AA similarity criterion because they both have a right angle and share an angle at A.

Step 2: The ratio of corresponding sides in similar triangles",UNSCORABLE,unscorable,none,no
1035,bundle_47,Qwen/Qwen2.5-VL-3B-Instruct,blank_image,math,"Hint: Please answer the question and provide the correct option letter, e.g., A, B, C, D, at the end. Question: As shown in the figure, in Rt△ABC, ∠BAC = 90.0, AD ⊥ BC at D, DE ⊥ AB at E, AD = 3.0, DE = 2.0, then the length of CD is ()",D,"To solve this problem, we can use the properties of right triangles and similar triangles.

Given:
- In Rt△ABC, ∠BAC = 90°.
- AD ⊥ BC at D.
- DE ⊥ AB at E.
- AD = 3.0.
- DE = 2.0.

We need to find the length of CD.

Step 1: Since AD ⊥ BC and DE ⊥ AB, triangles ADE and ABC are similar by AA similarity criterion because they both have a right angle and share an angle at A.

Step 2: The ratio of corresponding sides in similar triangles",UNSCORABLE,unscorable,none,no
1035,bundle_47,Qwen/Qwen2.5-VL-3B-Instruct,far_mismatch,math,"Hint: Please answer the question and provide the correct option letter, e.g., A, B, C, D, at the end. Question: As shown in the figure, in Rt△ABC, ∠BAC = 90.0, AD ⊥ BC at D, DE ⊥ AB at E, AD = 3.0, DE = 2.0, then the length of CD is ()",D,"To solve this problem, we need to use the properties of right triangles and similar triangles.

Given:
- In Rt△ABC, ∠BAC = 90.0°
- AD ⊥ BC at D
- DE ⊥ AB at E
- AD = 3.0
- DE = 2.0

We need to find the length of CD.

Step 1: Since AD ⊥ BC and DE ⊥ AB, we can use the property of similar triangles.
Triangle ADE is similar to triangle ABC because they both have a right angle and share an angle at A.

Step 2",UNSCORABLE,unscorable,none,no
1035,bundle_47,Qwen/Qwen2.5-VL-3B-Instruct,hard_mismatch,math,"Hint: Please answer the question and provide the correct option letter, e.g., A, B, C, D, at the end. Question: As shown in the figure, in Rt△ABC, ∠BAC = 90.0, AD ⊥ BC at D, DE ⊥ AB at E, AD = 3.0, DE = 2.0, then the length of CD is ()",D,"To solve this problem, we can use the properties of similar triangles and the Pythagorean theorem.

Given:
- In right triangle \( \triangle ABC \), \( \angle BAC = 90^\circ \).
- \( AD \perp BC \) at \( D \).
- \( DE \perp AB \) at \( E \).
- \( AD = 3.0 \).
- \( DE = 2.0 \).

We need to find the length of \( CD \).

### Step-by-Step Solution:

1. **Identify Similar Triangles:**
   - Since \( AD \per",D,unscorable,none,no
1188,bundle_48,Qwen/Qwen2.5-VL-3B-Instruct,correct_image,math,"Hint: Please answer the question and provide the correct option letter, e.g., A, B, C, D, at the end. Question: What is the minimum age group shown in the ‘plots’?",C,(C) 0-5,C,hedged_answer,none,no
1188,bundle_48,Qwen/Qwen2.5-VL-3B-Instruct,no_image,math,"Hint: Please answer the question and provide the correct option letter, e.g., A, B, C, D, at the end. Question: What is the minimum age group shown in the ‘plots’?",C,"The minimum age group shown in the 'plots' is 0-5. Therefore, the correct answer is:

(C) 0-5",C,confident_answer,none,yes
1188,bundle_48,Qwen/Qwen2.5-VL-3B-Instruct,blank_image,math,"Hint: Please answer the question and provide the correct option letter, e.g., A, B, C, D, at the end. Question: What is the minimum age group shown in the ‘plots’?",C,"The image provided does not contain any visual data or information about age groups in 'plots'. Therefore, it is impossible to determine the minimum age group shown based on the given options and without additional context or visual evidence.",ABSTAIN,explicit_abstention,blank_or_empty,yes
1188,bundle_48,Qwen/Qwen2.5-VL-3B-Instruct,far_mismatch,math,"Hint: Please answer the question and provide the correct option letter, e.g., A, B, C, D, at the end. Question: What is the minimum age group shown in the ‘plots’?",C,(C) 0-5,C,confident_answer,none,no
1188,bundle_48,Qwen/Qwen2.5-VL-3B-Instruct,hard_mismatch,math,"Hint: Please answer the question and provide the correct option letter, e.g., A, B, C, D, at the end. Question: What is the minimum age group shown in the ‘plots’?",C,(C) 0-5,C,confident_answer,none,no
1026,bundle_49,Qwen/Qwen2.5-VL-3B-Instruct,correct_image,math,"Hint: Please answer the question and provide the correct option letter, e.g., A, B, C, D, at the end. Question: What is the radius of this circle?",D,"The radius of the circle is 2 units. Therefore, the correct answer is:

(C) 2",C,confident_answer,none,no
1026,bundle_49,Qwen/Qwen2.5-VL-3B-Instruct,no_image,math,"Hint: Please answer the question and provide the correct option letter, e.g., A, B, C, D, at the end. Question: What is the radius of this circle?",D,"The radius of the circle in the image is 2. Therefore, the correct answer is:

(C) 2",C,confident_answer,none,yes
1026,bundle_49,Qwen/Qwen2.5-VL-3B-Instruct,blank_image,math,"Hint: Please answer the question and provide the correct option letter, e.g., A, B, C, D, at the end. Question: What is the radius of this circle?",D,"The radius of the circle in the image is 2. Therefore, the correct answer is:

(C) 2",C,confident_answer,none,yes
1026,bundle_49,Qwen/Qwen2.5-VL-3B-Instruct,far_mismatch,math,"Hint: Please answer the question and provide the correct option letter, e.g., A, B, C, D, at the end. Question: What is the radius of this circle?",D,"The image provided does not contain any information related to a circle or its radius. Therefore, it is not possible to determine the radius from the given options based on the visual evidence. The correct response is:

None of the above.",ABSTAIN,confident_answer,insufficient_or_unclear,yes
1026,bundle_49,Qwen/Qwen2.5-VL-3B-Instruct,hard_mismatch,math,"Hint: Please answer the question and provide the correct option letter, e.g., A, B, C, D, at the end. Question: What is the radius of this circle?",D,"To determine the radius of the circle, we need to use the given information about the triangle \( \triangle ABD \) and the right angle at \( D \).

Given:
- \( \angle ADB = 90^\circ \)
- \( AD = 10 \)

Since \( \angle ADB \) is a right angle, \( BD \) is the diameter of the circle because any triangle inscribed in a circle with one angle being \( 90^\circ \) has its hypotenuse as the diameter.

The length of the diameter \( BD \) is given as 10 units.",D,confident_answer,mismatch_or_irrelevant,yes
1413,bundle_50,Qwen/Qwen2.5-VL-3B-Instruct,correct_image,science & technology,"Which part is a fibrous, membranous, or fatty sheath that encloses an organ or part, such as the sac surrounding the kidney or the fibrous tissues that surround a joint?",D,D: J,D,confident_answer,none,no
1413,bundle_50,Qwen/Qwen2.5-VL-3B-Instruct,no_image,science & technology,"Which part is a fibrous, membranous, or fatty sheath that encloses an organ or part, such as the sac surrounding the kidney or the fibrous tissues that surround a joint?",D,"The correct answer is not provided in the options given. The description of a fibrous, membranous, or fatty sheath that encloses an organ or part, such as the sac surrounding the kidney or the fibrous tissues that surround a joint, refers to a type of connective tissue called a fascia. However, without more specific information about the image or context, it's impossible to determine which option (A, B, C, or D) corresponds to this description. Therefore, I cannot provide a definitive answer based solely on the given options.",ABSTAIN,hedged_answer,mismatch_or_irrelevant,no
1413,bundle_50,Qwen/Qwen2.5-VL-3B-Instruct,blank_image,science & technology,"Which part is a fibrous, membranous, or fatty sheath that encloses an organ or part, such as the sac surrounding the kidney or the fibrous tissues that surround a joint?",D,"The correct answer is not provided in the options given. The description of a fibrous, membranous, or fatty sheath that encloses an organ or part, such as the sac surrounding the kidney or the fibrous tissues that surround a joint, refers to a type of connective tissue called a fascia. However, without specific options labeled A, B, C, and D, it's impossible to match the correct answer directly. Therefore, based on the information provided, I cannot select any of the given options.",ABSTAIN,hedged_answer,missing,no
1413,bundle_50,Qwen/Qwen2.5-VL-3B-Instruct,far_mismatch,science & technology,"Which part is a fibrous, membranous, or fatty sheath that encloses an organ or part, such as the sac surrounding the kidney or the fibrous tissues that surround a joint?",D,C: G,C,confident_answer,none,no
1413,bundle_50,Qwen/Qwen2.5-VL-3B-Instruct,hard_mismatch,science & technology,"Which part is a fibrous, membranous, or fatty sheath that encloses an organ or part, such as the sac surrounding the kidney or the fibrous tissues that surround a joint?",D,C: G,C,confident_answer,none,no
1278,bundle_51,Qwen/Qwen2.5-VL-3B-Instruct,correct_image,science & technology,Assume for the common-emitter circuit shown in  <image 1> we have the  following numerical values for a germanium transistor. $V_{BB}$ = + 15V   $V_{CC}$ = + 15V   $V_{BE}$ = 0.3V  $R_C$ = 4k$\Omega$        $R_E$ = 600$\Omega$      $\beta $ = 60. What value of RB is required to set VCE to 8 V?,A,A,A,confident_answer,none,no
1278,bundle_51,Qwen/Qwen2.5-VL-3B-Instruct,no_image,science & technology,Assume for the common-emitter circuit shown in  <image 1> we have the  following numerical values for a germanium transistor. $V_{BB}$ = + 15V   $V_{CC}$ = + 15V   $V_{BE}$ = 0.3V  $R_C$ = 4k$\Omega$        $R_E$ = 600$\Omega$      $\beta $ = 60. What value of RB is required to set VCE to 8 V?,A,"To solve this problem, we need to use the common-emitter amplifier equations and the given values. Let's break it down step by step:

1. **Determine the base current (I_B):**
   - The voltage across \( R_E \) is \( V_{BE} = 0.3V \).
   - The current through \( R_E \) is \( I_E = \frac{V_{BE}}{R_E} = \frac{0.3V}{600\Omega} = 0.0005A \).

2. **Calculate the collector current (I_C",UNSCORABLE,confident_answer,insufficient_or_unclear,no
1278,bundle_51,Qwen/Qwen2.5-VL-3B-Instruct,blank_image,science & technology,Assume for the common-emitter circuit shown in  <image 1> we have the  following numerical values for a germanium transistor. $V_{BB}$ = + 15V   $V_{CC}$ = + 15V   $V_{BE}$ = 0.3V  $R_C$ = 4k$\Omega$        $R_E$ = 600$\Omega$      $\beta $ = 60. What value of RB is required to set VCE to 8 V?,A,"To solve this problem, we need to use the common-emitter amplifier equations and the given values. Let's break it down step by step:

1. **Determine the base current (I_B):**
   - The voltage across \( R_E \) is \( V_{BE} = 0.3V \).
   - The current through \( R_E \) is \( I_E = \frac{V_{BE}}{R_E} = \frac{0.3V}{600\Omega} = 0.0005A \).

2. **Calculate the collector current (I_C",UNSCORABLE,unscorable,none,no
1278,bundle_51,Qwen/Qwen2.5-VL-3B-Instruct,far_mismatch,science & technology,Assume for the common-emitter circuit shown in  <image 1> we have the  following numerical values for a germanium transistor. $V_{BB}$ = + 15V   $V_{CC}$ = + 15V   $V_{BE}$ = 0.3V  $R_C$ = 4k$\Omega$        $R_E$ = 600$\Omega$      $\beta $ = 60. What value of RB is required to set VCE to 8 V?,A,B,B,confident_answer,none,no
1278,bundle_51,Qwen/Qwen2.5-VL-3B-Instruct,hard_mismatch,science & technology,Assume for the common-emitter circuit shown in  <image 1> we have the  following numerical values for a germanium transistor. $V_{BB}$ = + 15V   $V_{CC}$ = + 15V   $V_{BE}$ = 0.3V  $R_C$ = 4k$\Omega$        $R_E$ = 600$\Omega$      $\beta $ = 60. What value of RB is required to set VCE to 8 V?,A,"To solve this problem, let's follow these steps:

1) First, we need to calculate the base current (I_B) using the given values:
   - V_CC = 15V
   - V_BE = 0.3V
   - R_E = 600Ω

   I_B = (V_CC - V_BE) / R_E
       = (15V - 0.3V) / 600Ω
       = 14.7V / 600Ω
       = 0.0245A or 24.",UNSCORABLE,confident_answer,none,no
1256,bundle_52,Qwen/Qwen2.5-VL-3B-Instruct,correct_image,science & technology,What letter represents oxygen?,B,C,C,confident_answer,none,no
1256,bundle_52,Qwen/Qwen2.5-VL-3B-Instruct,no_image,science & technology,What letter represents oxygen?,B,"The letter that represents oxygen in the given options is not explicitly shown in the image provided. Therefore, it is not possible to determine which letter represents oxygen based solely on the visual evidence.",ABSTAIN,explicit_abstention,insufficient_or_unclear,yes
1256,bundle_52,Qwen/Qwen2.5-VL-3B-Instruct,blank_image,science & technology,What letter represents oxygen?,B,"The letter that represents oxygen in the given options is not explicitly shown or labeled. Therefore, it is not possible to determine which letter corresponds to oxygen based solely on the provided image.",ABSTAIN,explicit_abstention,insufficient_or_unclear,yes
1256,bundle_52,Qwen/Qwen2.5-VL-3B-Instruct,far_mismatch,science & technology,What letter represents oxygen?,B,B,B,confident_answer,none,no
1256,bundle_52,Qwen/Qwen2.5-VL-3B-Instruct,hard_mismatch,science & technology,What letter represents oxygen?,B,,UNSCORABLE,unscorable,blank_or_empty,no
1439,bundle_53,Qwen/Qwen2.5-VL-3B-Instruct,correct_image,science & technology,Which item in the diagram represents sedimentary rocks?,B,B,B,confident_answer,none,no
1439,bundle_53,Qwen/Qwen2.5-VL-3B-Instruct,no_image,science & technology,Which item in the diagram represents sedimentary rocks?,B,B,B,confident_answer,none,no
1439,bundle_53,Qwen/Qwen2.5-VL-3B-Instruct,blank_image,science & technology,Which item in the diagram represents sedimentary rocks?,B,B,B,confident_answer,none,no
1439,bundle_53,Qwen/Qwen2.5-VL-3B-Instruct,far_mismatch,science & technology,Which item in the diagram represents sedimentary rocks?,B,A,A,confident_answer,none,no
1439,bundle_53,Qwen/Qwen2.5-VL-3B-Instruct,hard_mismatch,science & technology,Which item in the diagram represents sedimentary rocks?,B,B,B,confident_answer,none,no
1320,bundle_54,Qwen/Qwen2.5-VL-3B-Instruct,correct_image,science & technology,What term is used to describe A in the diagram?,C,D: Larva,D,confident_answer,none,yes
1320,bundle_54,Qwen/Qwen2.5-VL-3B-Instruct,no_image,science & technology,What term is used to describe A in the diagram?,C,"The term used to describe A in the diagram is:

D: Larva",D,confident_answer,none,yes
1320,bundle_54,Qwen/Qwen2.5-VL-3B-Instruct,blank_image,science & technology,What term is used to describe A in the diagram?,C,"The term used to describe A in the diagram is:

D: Larva",D,confident_answer,none,yes
1320,bundle_54,Qwen/Qwen2.5-VL-3B-Instruct,far_mismatch,science & technology,What term is used to describe A in the diagram?,C,B: Adult,B,confident_answer,none,no
1320,bundle_54,Qwen/Qwen2.5-VL-3B-Instruct,hard_mismatch,science & technology,What term is used to describe A in the diagram?,C,D: Larva,D,confident_answer,none,yes
1312,bundle_55,Qwen/Qwen2.5-VL-3B-Instruct,correct_image,science & technology,Where is the testa?,C,C,C,confident_answer,none,no
1312,bundle_55,Qwen/Qwen2.5-VL-3B-Instruct,no_image,science & technology,Where is the testa?,C,"The image provided does not contain any visual evidence related to a testa or any other object. Therefore, it is not possible to determine the location of the testa based on the given information.",ABSTAIN,explicit_abstention,insufficient_or_unclear,yes
1312,bundle_55,Qwen/Qwen2.5-VL-3B-Instruct,blank_image,science & technology,Where is the testa?,C,"The image provided does not contain any visual evidence or context to determine the location of a ""testa."" Therefore, it is not possible to answer the question based on the given information.",ABSTAIN,explicit_abstention,insufficient_or_unclear,no
1312,bundle_55,Qwen/Qwen2.5-VL-3B-Instruct,far_mismatch,science & technology,Where is the testa?,C,A,A,confident_answer,none,no
1312,bundle_55,Qwen/Qwen2.5-VL-3B-Instruct,hard_mismatch,science & technology,Where is the testa?,C,D,D,confident_answer,none,no
1307,bundle_56,Qwen/Qwen2.5-VL-3B-Instruct,correct_image,science & technology,Which region in the diagram represents the crust?,A,C,C,confident_answer,none,no
1307,bundle_56,Qwen/Qwen2.5-VL-3B-Instruct,no_image,science & technology,Which region in the diagram represents the crust?,A,D: a & d,D,confident_answer,none,no
1307,bundle_56,Qwen/Qwen2.5-VL-3B-Instruct,blank_image,science & technology,Which region in the diagram represents the crust?,A,D: a & d,D,confident_answer,none,no
1307,bundle_56,Qwen/Qwen2.5-VL-3B-Instruct,far_mismatch,science & technology,Which region in the diagram represents the crust?,A,C: c,C,confident_answer,none,no
1307,bundle_56,Qwen/Qwen2.5-VL-3B-Instruct,hard_mismatch,science & technology,Which region in the diagram represents the crust?,A,D,D,confident_answer,none,no
1285,bundle_57,Qwen/Qwen2.5-VL-3B-Instruct,correct_image,science & technology,What change could occur to increase the size of the large fish population?,D,C: Fewer small fish,C,confident_answer,none,yes
1285,bundle_57,Qwen/Qwen2.5-VL-3B-Instruct,no_image,science & technology,What change could occur to increase the size of the large fish population?,D,"The provided image does not contain any visual evidence related to sea otters, sea urchins, small fish, or crabs. Therefore, it is impossible to determine which option would increase the size of the large fish population based on the given information.",ABSTAIN,explicit_abstention,missing,yes
1285,bundle_57,Qwen/Qwen2.5-VL-3B-Instruct,blank_image,science & technology,What change could occur to increase the size of the large fish population?,D,C: Fewer small fish,C,confident_answer,none,yes
1285,bundle_57,Qwen/Qwen2.5-VL-3B-Instruct,far_mismatch,science & technology,What change could occur to increase the size of the large fish population?,D,C: Fewer small fish,C,confident_answer,none,yes
1285,bundle_57,Qwen/Qwen2.5-VL-3B-Instruct,hard_mismatch,science & technology,What change could occur to increase the size of the large fish population?,D,C: Fewer small fish,C,confident_answer,none,yes
1438,bundle_58,Qwen/Qwen2.5-VL-3B-Instruct,correct_image,science & technology,"Evaporation, the process of a liquid converting to the gaseous state, occurs at what stage?",A,B: D,B,confident_answer,none,no
1438,bundle_58,Qwen/Qwen2.5-VL-3B-Instruct,no_image,science & technology,"Evaporation, the process of a liquid converting to the gaseous state, occurs at what stage?",A,"The image provided does not contain any visual evidence related to evaporation or its stages. Therefore, it is not possible to determine the correct answer based on the given options and the lack of visual information.",ABSTAIN,explicit_abstention,mismatch_or_irrelevant,yes
1438,bundle_58,Qwen/Qwen2.5-VL-3B-Instruct,blank_image,science & technology,"Evaporation, the process of a liquid converting to the gaseous state, occurs at what stage?",A,"The image provided does not contain any visual evidence related to evaporation or its stages. Therefore, it is not possible to determine the correct answer based on the given information.",ABSTAIN,explicit_abstention,mismatch_or_irrelevant,yes
1438,bundle_58,Qwen/Qwen2.5-VL-3B-Instruct,far_mismatch,science & technology,"Evaporation, the process of a liquid converting to the gaseous state, occurs at what stage?",A,D,D,confident_answer,none,no
1438,bundle_58,Qwen/Qwen2.5-VL-3B-Instruct,hard_mismatch,science & technology,"Evaporation, the process of a liquid converting to the gaseous state, occurs at what stage?",A,A,A,confident_answer,none,no
1276,bundle_59,Qwen/Qwen2.5-VL-3B-Instruct,correct_image,science & technology,Which area on the map shows China?,A,A,A,confident_answer,none,no
1276,bundle_59,Qwen/Qwen2.5-VL-3B-Instruct,no_image,science & technology,Which area on the map shows China?,A,D,D,confident_answer,none,no
1276,bundle_59,Qwen/Qwen2.5-VL-3B-Instruct,blank_image,science & technology,Which area on the map shows China?,A,D,D,confident_answer,none,no
1276,bundle_59,Qwen/Qwen2.5-VL-3B-Instruct,far_mismatch,science & technology,Which area on the map shows China?,A,"None of the options provided (A, B, C, D) correspond to any geographical location on a map, specifically China. Therefore, it's not possible to determine which area on the map shows China based solely on the given image.",ABSTAIN,explicit_abstention,mismatch_or_irrelevant,yes
1276,bundle_59,Qwen/Qwen2.5-VL-3B-Instruct,hard_mismatch,science & technology,Which area on the map shows China?,A,D,D,confident_answer,none,no
14,bundle_60,Qwen/Qwen2.5-VL-3B-Instruct,correct_image,coarse perception,What is the main subject of the image?,A,B: Water,B,confident_answer,none,no
14,bundle_60,Qwen/Qwen2.5-VL-3B-Instruct,no_image,coarse perception,What is the main subject of the image?,A,"The image provided does not contain any visual elements that allow for a clear determination of the main subject. Therefore, it is not possible to accurately answer which option (A: Sky, B: Water, C: Sun, or D: Clouds) represents the main subject based solely on the given information.",ABSTAIN,explicit_abstention,insufficient_or_unclear,yes
14,bundle_60,Qwen/Qwen2.5-VL-3B-Instruct,blank_image,coarse perception,What is the main subject of the image?,A,"The image provided is blank and does not contain any visual content. Therefore, it is impossible to determine the main subject from the given options based on the information provided.",ABSTAIN,explicit_abstention,blank_or_empty,yes
14,bundle_60,Qwen/Qwen2.5-VL-3B-Instruct,far_mismatch,coarse perception,What is the main subject of the image?,A,"The main subject of the image is not one of the options provided (Sky, Water, Sun, Clouds). The image appears to be a diagram or figure related to geometry or trigonometry, showing a circle with points labeled P, O, Q, and R, along with angles θ and 2θ.",ABSTAIN,explicit_abstention,mismatch_or_irrelevant,yes
14,bundle_60,Qwen/Qwen2.5-VL-3B-Instruct,hard_mismatch,coarse perception,What is the main subject of the image?,A,"The main subject of the image is not one of the options provided (Sky, Water, Sun, Clouds). The image appears to be a diagram or figure related to geometry or trigonometry, showing a circle with points labeled P, O, Q, and R, along with angles θ and 2θ.",ABSTAIN,explicit_abstention,mismatch_or_irrelevant,yes
55,bundle_61,Qwen/Qwen2.5-VL-3B-Instruct,correct_image,coarse perception,What is the main focus of the image?,A,A,A,confident_answer,none,no
55,bundle_61,Qwen/Qwen2.5-VL-3B-Instruct,no_image,coarse perception,What is the main focus of the image?,A,D,D,confident_answer,none,no
55,bundle_61,Qwen/Qwen2.5-VL-3B-Instruct,blank_image,coarse perception,What is the main focus of the image?,A,D,D,confident_answer,none,no
55,bundle_61,Qwen/Qwen2.5-VL-3B-Instruct,far_mismatch,coarse perception,What is the main focus of the image?,A,A,A,confident_answer,none,no
55,bundle_61,Qwen/Qwen2.5-VL-3B-Instruct,hard_mismatch,coarse perception,What is the main focus of the image?,A,A,A,confident_answer,none,no
59,bundle_62,Qwen/Qwen2.5-VL-3B-Instruct,correct_image,coarse perception,What is the main color of the image?,D,D: White,D,confident_answer,none,no
59,bundle_62,Qwen/Qwen2.5-VL-3B-Instruct,no_image,coarse perception,What is the main color of the image?,D,The main color of the image appears to be **Green** (Option B).,B,hedged_answer,none,yes
59,bundle_62,Qwen/Qwen2.5-VL-3B-Instruct,blank_image,coarse perception,What is the main color of the image?,D,D: White,D,confident_answer,none,yes
59,bundle_62,Qwen/Qwen2.5-VL-3B-Instruct,far_mismatch,coarse perception,What is the main color of the image?,D,C: Black,C,confident_answer,none,yes
59,bundle_62,Qwen/Qwen2.5-VL-3B-Instruct,hard_mismatch,coarse perception,What is the main color of the image?,D,C: Black,C,confident_answer,none,yes
67,bundle_63,Qwen/Qwen2.5-VL-3B-Instruct,correct_image,coarse perception,What is the dominant color scheme in this image?,B,B: Blue and green,B,confident_answer,none,yes
67,bundle_63,Qwen/Qwen2.5-VL-3B-Instruct,no_image,coarse perception,What is the dominant color scheme in this image?,B,"The dominant color scheme in the image appears to be:

A: White and blue",A,hedged_answer,none,yes
67,bundle_63,Qwen/Qwen2.5-VL-3B-Instruct,blank_image,coarse perception,What is the dominant color scheme in this image?,B,"The image provided is blank or white, so there is no visual evidence to determine the dominant color scheme. Therefore, I cannot select any of the given options based on the information provided.",ABSTAIN,explicit_abstention,blank_or_empty,yes
67,bundle_63,Qwen/Qwen2.5-VL-3B-Instruct,far_mismatch,coarse perception,What is the dominant color scheme in this image?,B,C: Brown and yellow,C,confident_answer,none,yes
67,bundle_63,Qwen/Qwen2.5-VL-3B-Instruct,hard_mismatch,coarse perception,What is the dominant color scheme in this image?,B,C: Brown and yellow,C,confident_answer,none,yes
72,bundle_64,Qwen/Qwen2.5-VL-3B-Instruct,correct_image,coarse perception,What kind of room is depicted in the image?,A,A: A living room,A,confident_answer,none,yes
72,bundle_64,Qwen/Qwen2.5-VL-3B-Instruct,no_image,coarse perception,What kind of room is depicted in the image?,A,"The image provided does not contain any visual elements that would allow me to accurately determine the type of room depicted. Therefore, I cannot provide an answer based on the given options.",ABSTAIN,explicit_abstention,insufficient_or_unclear,yes
72,bundle_64,Qwen/Qwen2.5-VL-3B-Instruct,blank_image,coarse perception,What kind of room is depicted in the image?,A,"The image provided does not contain any visual elements that would allow me to accurately determine the type of room depicted. Therefore, I cannot provide an answer based on the given options.",ABSTAIN,explicit_abstention,insufficient_or_unclear,no
72,bundle_64,Qwen/Qwen2.5-VL-3B-Instruct,far_mismatch,coarse perception,What kind of room is depicted in the image?,A,"None of the options provided (A: A living room, B: A kitchen, C: A bedroom, D: A bathroom) can be determined from the image. The image shows a soccer match with players on a field, not any of the mentioned rooms.",ABSTAIN,explicit_abstention,mismatch_or_irrelevant,yes
72,bundle_64,Qwen/Qwen2.5-VL-3B-Instruct,hard_mismatch,coarse perception,What kind of room is depicted in the image?,A,"None of the options provided (A: A living room, B: A kitchen, C: A bedroom, D: A bathroom) can be determined from the image. The image shows a soccer match with players on a field, not any of the mentioned rooms.",ABSTAIN,explicit_abstention,mismatch_or_irrelevant,yes
95,bundle_65,Qwen/Qwen2.5-VL-3B-Instruct,correct_image,coarse perception,what style is depicted in this image?,C,C: modernism,C,confident_answer,none,no
95,bundle_65,Qwen/Qwen2.5-VL-3B-Instruct,no_image,coarse perception,what style is depicted in this image?,C,"The image provided does not contain any visual elements or context that would allow me to accurately determine the style depicted. Therefore, I cannot provide an answer based on the given options.",ABSTAIN,explicit_abstention,blank_or_empty,yes
95,bundle_65,Qwen/Qwen2.5-VL-3B-Instruct,blank_image,coarse perception,what style is depicted in this image?,C,"The image provided does not contain any visual content for analysis. Therefore, it is impossible to determine the style depicted based on the given options or any other information.",ABSTAIN,explicit_abstention,blank_or_empty,yes
95,bundle_65,Qwen/Qwen2.5-VL-3B-Instruct,far_mismatch,coarse perception,what style is depicted in this image?,C,D: dadaism,D,confident_answer,none,no
95,bundle_65,Qwen/Qwen2.5-VL-3B-Instruct,hard_mismatch,coarse perception,what style is depicted in this image?,C,D: dadaism,D,confident_answer,none,no
100,bundle_66,Qwen/Qwen2.5-VL-3B-Instruct,correct_image,coarse perception,Which is the main topic of the image,C,C: A man surfing,C,confident_answer,none,yes
100,bundle_66,Qwen/Qwen2.5-VL-3B-Instruct,no_image,coarse perception,Which is the main topic of the image,C,"The main topic of the image is:

A: A woman surfing.",A,confident_answer,none,yes
100,bundle_66,Qwen/Qwen2.5-VL-3B-Instruct,blank_image,coarse perception,Which is the main topic of the image,C,C: A man surfing,C,confident_answer,none,yes
100,bundle_66,Qwen/Qwen2.5-VL-3B-Instruct,far_mismatch,coarse perception,Which is the main topic of the image,C,A: A woman surfing,A,confident_answer,none,yes
100,bundle_66,Qwen/Qwen2.5-VL-3B-Instruct,hard_mismatch,coarse perception,Which is the main topic of the image,C,A: A woman surfing,A,confident_answer,none,yes
149,bundle_67,Qwen/Qwen2.5-VL-3B-Instruct,correct_image,coarse perception,Which image shows the highest contrast?,B,A,A,confident_answer,none,no
149,bundle_67,Qwen/Qwen2.5-VL-3B-Instruct,no_image,coarse perception,Which image shows the highest contrast?,B,"The image provided does not contain any visual elements or context to determine which image has the highest contrast. Therefore, it is impossible to answer this question based on the given information.",ABSTAIN,explicit_abstention,insufficient_or_unclear,yes
149,bundle_67,Qwen/Qwen2.5-VL-3B-Instruct,blank_image,coarse perception,Which image shows the highest contrast?,B,"The image provided does not contain any visual content or options to choose from. Therefore, I cannot determine which image shows the highest contrast based on the given information.",ABSTAIN,explicit_abstention,blank_or_empty,yes
149,bundle_67,Qwen/Qwen2.5-VL-3B-Instruct,far_mismatch,coarse perception,Which image shows the highest contrast?,B,A,A,confident_answer,none,no
149,bundle_67,Qwen/Qwen2.5-VL-3B-Instruct,hard_mismatch,coarse perception,Which image shows the highest contrast?,B,A,A,confident_answer,none,no
169,bundle_68,Qwen/Qwen2.5-VL-3B-Instruct,correct_image,coarse perception,Which image is more brightful?,B,B,B,confident_answer,none,no
169,bundle_68,Qwen/Qwen2.5-VL-3B-Instruct,no_image,coarse perception,Which image is more brightful?,B,C: nan,C,unscorable,none,no
169,bundle_68,Qwen/Qwen2.5-VL-3B-Instruct,blank_image,coarse perception,Which image is more brightful?,B,C: nan,C,unscorable,none,no
169,bundle_68,Qwen/Qwen2.5-VL-3B-Instruct,far_mismatch,coarse perception,Which image is more brightful?,B,A,A,confident_answer,none,no
169,bundle_68,Qwen/Qwen2.5-VL-3B-Instruct,hard_mismatch,coarse perception,Which image is more brightful?,B,A,A,confident_answer,none,no
186,bundle_69,Qwen/Qwen2.5-VL-3B-Instruct,correct_image,coarse perception,what style is depicted in this image?,A,A: impressionism,A,confident_answer,missing,yes
186,bundle_69,Qwen/Qwen2.5-VL-3B-Instruct,no_image,coarse perception,what style is depicted in this image?,A,"The image provided does not contain any visual elements or context that would allow me to accurately determine the style depicted. Therefore, I cannot provide an answer based on the given options.",ABSTAIN,explicit_abstention,insufficient_or_unclear,yes
186,bundle_69,Qwen/Qwen2.5-VL-3B-Instruct,blank_image,coarse perception,what style is depicted in this image?,A,"The image provided does not contain any visual content for analysis. Therefore, it is impossible to determine the style depicted based on the given options or any other information.",ABSTAIN,explicit_abstention,blank_or_empty,yes
186,bundle_69,Qwen/Qwen2.5-VL-3B-Instruct,far_mismatch,coarse perception,what style is depicted in this image?,A,C: modernism,C,confident_answer,none,no
186,bundle_69,Qwen/Qwen2.5-VL-3B-Instruct,hard_mismatch,coarse perception,what style is depicted in this image?,A,C: modernism,C,confident_answer,none,no
199,bundle_70,Qwen/Qwen2.5-VL-3B-Instruct,correct_image,coarse perception,which image is more colorful?,B,B,B,confident_answer,none,no
199,bundle_70,Qwen/Qwen2.5-VL-3B-Instruct,no_image,coarse perception,which image is more colorful?,B,C: nan,C,unscorable,none,no
199,bundle_70,Qwen/Qwen2.5-VL-3B-Instruct,blank_image,coarse perception,which image is more colorful?,B,C: nan,C,unscorable,none,no
199,bundle_70,Qwen/Qwen2.5-VL-3B-Instruct,far_mismatch,coarse perception,which image is more colorful?,B,A,A,confident_answer,none,no
199,bundle_70,Qwen/Qwen2.5-VL-3B-Instruct,hard_mismatch,coarse perception,which image is more colorful?,B,A,A,confident_answer,none,no
201,bundle_71,Qwen/Qwen2.5-VL-3B-Instruct,correct_image,coarse perception,Which image is more brightful?,A,A,A,confident_answer,none,no
201,bundle_71,Qwen/Qwen2.5-VL-3B-Instruct,no_image,coarse perception,Which image is more brightful?,A,C: nan,C,unscorable,none,no
201,bundle_71,Qwen/Qwen2.5-VL-3B-Instruct,blank_image,coarse perception,Which image is more brightful?,A,C: nan,C,unscorable,none,no
201,bundle_71,Qwen/Qwen2.5-VL-3B-Instruct,far_mismatch,coarse perception,Which image is more brightful?,A,B,B,confident_answer,none,no
201,bundle_71,Qwen/Qwen2.5-VL-3B-Instruct,hard_mismatch,coarse perception,Which image is more brightful?,A,B,B,confident_answer,none,no
208,bundle_72,Qwen/Qwen2.5-VL-3B-Instruct,correct_image,coarse perception,What type of environment is depicted in the picture?,C,C: street,C,confident_answer,none,no
208,bundle_72,Qwen/Qwen2.5-VL-3B-Instruct,no_image,coarse perception,What type of environment is depicted in the picture?,C,"The image provided does not contain any visual elements that would allow me to accurately determine the type of environment depicted. Therefore, I cannot provide an answer based on the given options.",ABSTAIN,explicit_abstention,insufficient_or_unclear,no
208,bundle_72,Qwen/Qwen2.5-VL-3B-Instruct,blank_image,coarse perception,What type of environment is depicted in the picture?,C,"The image provided does not contain any visual elements that would allow me to accurately determine the type of environment depicted. Therefore, I cannot provide an answer based on the given options.",ABSTAIN,explicit_abstention,insufficient_or_unclear,yes
208,bundle_72,Qwen/Qwen2.5-VL-3B-Instruct,far_mismatch,coarse perception,What type of environment is depicted in the picture?,C,D: forest,D,confident_answer,none,yes
208,bundle_72,Qwen/Qwen2.5-VL-3B-Instruct,hard_mismatch,coarse perception,What type of environment is depicted in the picture?,C,D: forest,D,confident_answer,none,no
219,bundle_73,Qwen/Qwen2.5-VL-3B-Instruct,correct_image,coarse perception,Which category does this image belong to?,D,D: photo,D,confident_answer,missing,no
219,bundle_73,Qwen/Qwen2.5-VL-3B-Instruct,no_image,coarse perception,Which category does this image belong to?,D,D: photo,D,confident_answer,none,yes
219,bundle_73,Qwen/Qwen2.5-VL-3B-Instruct,blank_image,coarse perception,Which category does this image belong to?,D,D: photo,D,confident_answer,none,yes
219,bundle_73,Qwen/Qwen2.5-VL-3B-Instruct,far_mismatch,coarse perception,Which category does this image belong to?,D,D: photo,D,unscorable,none,no
219,bundle_73,Qwen/Qwen2.5-VL-3B-Instruct,hard_mismatch,coarse perception,Which category does this image belong to?,D,D: photo,D,confident_answer,none,yes
238,bundle_74,Qwen/Qwen2.5-VL-3B-Instruct,correct_image,coarse perception,Which category does this image belong to?,D,D: map,D,confident_answer,none,no
238,bundle_74,Qwen/Qwen2.5-VL-3B-Instruct,no_image,coarse perception,Which category does this image belong to?,D,"The image provided does not contain any visual content for me to analyze and determine its category. Therefore, I cannot provide an answer based on the given options.",ABSTAIN,explicit_abstention,blank_or_empty,yes
238,bundle_74,Qwen/Qwen2.5-VL-3B-Instruct,blank_image,coarse perception,Which category does this image belong to?,D,"The image provided is blank and does not contain any visual content. Therefore, it is impossible to determine which category the image belongs to based on the given options.",ABSTAIN,explicit_abstention,blank_or_empty,yes
238,bundle_74,Qwen/Qwen2.5-VL-3B-Instruct,far_mismatch,coarse perception,Which category does this image belong to?,D,B: photo,B,confident_answer,none,yes
238,bundle_74,Qwen/Qwen2.5-VL-3B-Instruct,hard_mismatch,coarse perception,Which category does this image belong to?,D,B: photo,B,confident_answer,none,no
266,bundle_75,Qwen/Qwen2.5-VL-3B-Instruct,correct_image,fine-grained perception,How many people are playing guitar in the image?,C,B: Two,B,confident_answer,none,no
266,bundle_75,Qwen/Qwen2.5-VL-3B-Instruct,no_image,fine-grained perception,How many people are playing guitar in the image?,C,B: Two,B,confident_answer,none,yes
266,bundle_75,Qwen/Qwen2.5-VL-3B-Instruct,blank_image,fine-grained perception,How many people are playing guitar in the image?,C,A: One,A,confident_answer,none,no
266,bundle_75,Qwen/Qwen2.5-VL-3B-Instruct,far_mismatch,fine-grained perception,How many people are playing guitar in the image?,C,"None of the options provided (A, B, C, or D) accurately describe the number of people playing guitar in the image. The image shows an exit sign with a pedestrian symbol and an arrow pointing to the left, but there are no people or guitars visible. Therefore, it is not possible to determine the number of people playing guitar based on the given information.",ABSTAIN,explicit_abstention,mismatch_or_irrelevant,yes
266,bundle_75,Qwen/Qwen2.5-VL-3B-Instruct,hard_mismatch,fine-grained perception,How many people are playing guitar in the image?,C,"None of the options provided (A, B, C, or D) accurately describe the number of people playing guitar in the image. The image shows an exit sign with a pedestrian symbol and an arrow pointing to the left, but there are no people or guitars visible. Therefore, it is not possible to determine the number of people playing guitar based on the given information.",ABSTAIN,explicit_abstention,mismatch_or_irrelevant,yes
299,bundle_76,Qwen/Qwen2.5-VL-3B-Instruct,correct_image,fine-grained perception,How would you describe the color of the sand in the image?,A,D: Golden,D,confident_answer,none,yes
299,bundle_76,Qwen/Qwen2.5-VL-3B-Instruct,no_image,fine-grained perception,How would you describe the color of the sand in the image?,A,D: Golden,D,confident_answer,none,no
299,bundle_76,Qwen/Qwen2.5-VL-3B-Instruct,blank_image,fine-grained perception,How would you describe the color of the sand in the image?,A,D: Golden,D,confident_answer,none,yes
299,bundle_76,Qwen/Qwen2.5-VL-3B-Instruct,far_mismatch,fine-grained perception,How would you describe the color of the sand in the image?,A,"None of the options provided (A, B, C, or D) accurately describe the color of the sand in the image. The image does not contain any sand; it shows a bathroom with a bathtub, shower, sink, and various fixtures. Therefore, I cannot provide an answer based on the given options.",ABSTAIN,explicit_abstention,mismatch_or_irrelevant,yes
299,bundle_76,Qwen/Qwen2.5-VL-3B-Instruct,hard_mismatch,fine-grained perception,How would you describe the color of the sand in the image?,A,"None of the options provided (A, B, C, or D) accurately describe the color of the sand in the image. The image does not contain any sand; it shows a bathroom with a bathtub, shower, sink, and various fixtures. Therefore, I cannot provide an answer based on the given options.",ABSTAIN,explicit_abstention,mismatch_or_irrelevant,yes
335,bundle_77,Qwen/Qwen2.5-VL-3B-Instruct,correct_image,fine-grained perception,How many clear glasses are on the table in the image?,D,A: Three,A,confident_answer,none,no
335,bundle_77,Qwen/Qwen2.5-VL-3B-Instruct,no_image,fine-grained perception,How many clear glasses are on the table in the image?,D,B: Six,B,confident_answer,none,no
335,bundle_77,Qwen/Qwen2.5-VL-3B-Instruct,blank_image,fine-grained perception,How many clear glasses are on the table in the image?,D,D: Four,D,confident_answer,none,no
335,bundle_77,Qwen/Qwen2.5-VL-3B-Instruct,far_mismatch,fine-grained perception,How many clear glasses are on the table in the image?,D,None,UNSCORABLE,unscorable,blank_or_empty,no
335,bundle_77,Qwen/Qwen2.5-VL-3B-Instruct,hard_mismatch,fine-grained perception,How many clear glasses are on the table in the image?,D,None,UNSCORABLE,unscorable,blank_or_empty,no
343,bundle_78,Qwen/Qwen2.5-VL-3B-Instruct,correct_image,fine-grained perception,Where is the man wearing a black backpack?,C,D: Cannot be determined,D,confident_answer,insufficient_or_unclear,no
343,bundle_78,Qwen/Qwen2.5-VL-3B-Instruct,no_image,fine-grained perception,Where is the man wearing a black backpack?,C,D: Cannot be determined,D,explicit_abstention,insufficient_or_unclear,no
343,bundle_78,Qwen/Qwen2.5-VL-3B-Instruct,blank_image,fine-grained perception,Where is the man wearing a black backpack?,C,D: Cannot be determined,D,explicit_abstention,insufficient_or_unclear,no
343,bundle_78,Qwen/Qwen2.5-VL-3B-Instruct,far_mismatch,fine-grained perception,Where is the man wearing a black backpack?,C,D: Cannot be determined,D,explicit_abstention,insufficient_or_unclear,no
343,bundle_78,Qwen/Qwen2.5-VL-3B-Instruct,hard_mismatch,fine-grained perception,Where is the man wearing a black backpack?,C,D: Cannot be determined,D,explicit_abstention,insufficient_or_unclear,no
410,bundle_79,Qwen/Qwen2.5-VL-3B-Instruct,correct_image,fine-grained perception,What is the relative position of the woman's hand to her body in the image?,A,A: Beside her head,A,confident_answer,none,yes
410,bundle_79,Qwen/Qwen2.5-VL-3B-Instruct,no_image,fine-grained perception,What is the relative position of the woman's hand to her body in the image?,A,B: At her side,B,confident_answer,none,yes
410,bundle_79,Qwen/Qwen2.5-VL-3B-Instruct,blank_image,fine-grained perception,What is the relative position of the woman's hand to her body in the image?,A,B: At her side,B,confident_answer,none,yes
410,bundle_79,Qwen/Qwen2.5-VL-3B-Instruct,far_mismatch,fine-grained perception,What is the relative position of the woman's hand to her body in the image?,A,B: At her side,B,confident_answer,none,yes
410,bundle_79,Qwen/Qwen2.5-VL-3B-Instruct,hard_mismatch,fine-grained perception,What is the relative position of the woman's hand to her body in the image?,A,B: At her side,B,confident_answer,none,yes
425,bundle_80,Qwen/Qwen2.5-VL-3B-Instruct,correct_image,fine-grained perception,How many older men are playing guitars in the image?,C,D: 2,D,confident_answer,none,no
425,bundle_80,Qwen/Qwen2.5-VL-3B-Instruct,no_image,fine-grained perception,How many older men are playing guitars in the image?,C,D: 2,D,confident_answer,none,no
425,bundle_80,Qwen/Qwen2.5-VL-3B-Instruct,blank_image,fine-grained perception,How many older men are playing guitars in the image?,C,D: 2,D,confident_answer,none,no
425,bundle_80,Qwen/Qwen2.5-VL-3B-Instruct,far_mismatch,fine-grained perception,How many older men are playing guitars in the image?,C,D: 2,D,confident_answer,none,no
425,bundle_80,Qwen/Qwen2.5-VL-3B-Instruct,hard_mismatch,fine-grained perception,How many older men are playing guitars in the image?,C,D: 2,D,confident_answer,none,no
460,bundle_81,Qwen/Qwen2.5-VL-3B-Instruct,correct_image,fine-grained perception,How many types of fruits are in the bowl?,A,C: 3,C,confident_answer,none,no
460,bundle_81,Qwen/Qwen2.5-VL-3B-Instruct,no_image,fine-grained perception,How many types of fruits are in the bowl?,A,B: 2,B,confident_answer,none,no
460,bundle_81,Qwen/Qwen2.5-VL-3B-Instruct,blank_image,fine-grained perception,How many types of fruits are in the bowl?,A,B: 2,B,confident_answer,none,no
460,bundle_81,Qwen/Qwen2.5-VL-3B-Instruct,far_mismatch,fine-grained perception,How many types of fruits are in the bowl?,A,None,UNSCORABLE,explicit_abstention,blank_or_empty,no
460,bundle_81,Qwen/Qwen2.5-VL-3B-Instruct,hard_mismatch,fine-grained perception,How many types of fruits are in the bowl?,A,None,UNSCORABLE,unscorable,blank_or_empty,no
467,bundle_82,Qwen/Qwen2.5-VL-3B-Instruct,correct_image,fine-grained perception,How many windows are in the room?,C,B,B,confident_answer,missing,no
467,bundle_82,Qwen/Qwen2.5-VL-3B-Instruct,no_image,fine-grained perception,How many windows are in the room?,C,B: 2,B,confident_answer,none,no
467,bundle_82,Qwen/Qwen2.5-VL-3B-Instruct,blank_image,fine-grained perception,How many windows are in the room?,C,B: 2,B,confident_answer,none,no
467,bundle_82,Qwen/Qwen2.5-VL-3B-Instruct,far_mismatch,fine-grained perception,How many windows are in the room?,C,D: 3,D,confident_answer,none,no
467,bundle_82,Qwen/Qwen2.5-VL-3B-Instruct,hard_mismatch,fine-grained perception,How many windows are in the room?,C,D: 3,D,confident_answer,none,no
471,bundle_83,Qwen/Qwen2.5-VL-3B-Instruct,correct_image,fine-grained perception,How many drawers can be seen in the image?,D,B: Three,B,confident_answer,none,no
471,bundle_83,Qwen/Qwen2.5-VL-3B-Instruct,no_image,fine-grained perception,How many drawers can be seen in the image?,D,B: Three,B,confident_answer,none,no
471,bundle_83,Qwen/Qwen2.5-VL-3B-Instruct,blank_image,fine-grained perception,How many drawers can be seen in the image?,D,B: Three,B,confident_answer,none,no
471,bundle_83,Qwen/Qwen2.5-VL-3B-Instruct,far_mismatch,fine-grained perception,How many drawers can be seen in the image?,D,B: Three,B,confident_answer,none,no
471,bundle_83,Qwen/Qwen2.5-VL-3B-Instruct,hard_mismatch,fine-grained perception,How many drawers can be seen in the image?,D,B: Three,B,confident_answer,none,no
477,bundle_84,Qwen/Qwen2.5-VL-3B-Instruct,correct_image,fine-grained perception,How many people are on stage in the image?,B,C: Three,C,confident_answer,none,no
477,bundle_84,Qwen/Qwen2.5-VL-3B-Instruct,no_image,fine-grained perception,How many people are on stage in the image?,B,C: Three,C,confident_answer,none,no
477,bundle_84,Qwen/Qwen2.5-VL-3B-Instruct,blank_image,fine-grained perception,How many people are on stage in the image?,B,D: Two,D,confident_answer,none,no
477,bundle_84,Qwen/Qwen2.5-VL-3B-Instruct,far_mismatch,fine-grained perception,How many people are on stage in the image?,B,C: Three,C,confident_answer,none,no
477,bundle_84,Qwen/Qwen2.5-VL-3B-Instruct,hard_mismatch,fine-grained perception,How many people are on stage in the image?,B,C: Three,C,confident_answer,none,no
496,bundle_85,Qwen/Qwen2.5-VL-3B-Instruct,correct_image,fine-grained perception,What color is the hair of the woman in the image?,A,A: Black,A,confident_answer,none,yes
496,bundle_85,Qwen/Qwen2.5-VL-3B-Instruct,no_image,fine-grained perception,What color is the hair of the woman in the image?,A,"The image provided does not contain any visual information about the color of the woman's hair. Therefore, it is not possible to determine the color of her hair based on the given options or the available visual evidence.",ABSTAIN,explicit_abstention,missing,yes
496,bundle_85,Qwen/Qwen2.5-VL-3B-Instruct,blank_image,fine-grained perception,What color is the hair of the woman in the image?,A,"The image provided does not contain any visual information about the color of the woman's hair. Therefore, it is not possible to determine the color of her hair based on the given image.",ABSTAIN,explicit_abstention,insufficient_or_unclear,yes
496,bundle_85,Qwen/Qwen2.5-VL-3B-Instruct,far_mismatch,fine-grained perception,What color is the hair of the woman in the image?,A,"None of the options provided (A, B, C, or D) can be determined from the image. The image does not contain any people or hair.",ABSTAIN,explicit_abstention,insufficient_or_unclear,yes
496,bundle_85,Qwen/Qwen2.5-VL-3B-Instruct,hard_mismatch,fine-grained perception,What color is the hair of the woman in the image?,A,"None of the options provided (A, B, C, or D) can be determined from the image. The image does not contain any people or hair.",ABSTAIN,explicit_abstention,insufficient_or_unclear,yes
522,bundle_86,Qwen/Qwen2.5-VL-3B-Instruct,correct_image,instance reasoning,Which image is the brightest one?,B,C,C,confident_answer,none,no
522,bundle_86,Qwen/Qwen2.5-VL-3B-Instruct,no_image,instance reasoning,Which image is the brightest one?,B,"The image with the darkest color appears to be the brightest one among the options provided. Therefore, the correct answer is:

A: upper left",A,confident_answer,insufficient_or_unclear,yes
522,bundle_86,Qwen/Qwen2.5-VL-3B-Instruct,blank_image,instance reasoning,Which image is the brightest one?,B,B: upper right,B,confident_answer,none,yes
522,bundle_86,Qwen/Qwen2.5-VL-3B-Instruct,far_mismatch,instance reasoning,Which image is the brightest one?,B,A,A,confident_answer,none,no
522,bundle_86,Qwen/Qwen2.5-VL-3B-Instruct,hard_mismatch,instance reasoning,Which image is the brightest one?,B,A,A,confident_answer,none,no
567,bundle_87,Qwen/Qwen2.5-VL-3B-Instruct,correct_image,instance reasoning,Which solution has a higher concentration of pink particles?,C,C: Solution B,C,confident_answer,none,no
567,bundle_87,Qwen/Qwen2.5-VL-3B-Instruct,no_image,instance reasoning,Which solution has a higher concentration of pink particles?,C,"To determine which solution has a higher concentration of pink particles, we would need to visually inspect both solutions and compare the number or density of pink particles present in each. Since I cannot see the actual images you're referring to, I cannot provide a definitive answer based on the visual evidence alone. 

However, if you describe the appearance of the pink particles in each solution, I can help you analyze them further.",ABSTAIN,explicit_abstention,missing,no
567,bundle_87,Qwen/Qwen2.5-VL-3B-Instruct,blank_image,instance reasoning,Which solution has a higher concentration of pink particles?,C,B: Solution A,B,confident_answer,none,no
567,bundle_87,Qwen/Qwen2.5-VL-3B-Instruct,far_mismatch,instance reasoning,Which solution has a higher concentration of pink particles?,C,B,B,confident_answer,none,no
567,bundle_87,Qwen/Qwen2.5-VL-3B-Instruct,hard_mismatch,instance reasoning,Which solution has a higher concentration of pink particles?,C,B,B,confident_answer,none,no
590,bundle_88,Qwen/Qwen2.5-VL-3B-Instruct,correct_image,instance reasoning,Are the two animals in the picture the same color?,B,A,A,confident_answer,none,no
590,bundle_88,Qwen/Qwen2.5-VL-3B-Instruct,no_image,instance reasoning,Are the two animals in the picture the same color?,B,C: Can't judge,C,explicit_abstention,insufficient_or_unclear,no
590,bundle_88,Qwen/Qwen2.5-VL-3B-Instruct,blank_image,instance reasoning,Are the two animals in the picture the same color?,B,C: Can't judge,C,explicit_abstention,insufficient_or_unclear,no
590,bundle_88,Qwen/Qwen2.5-VL-3B-Instruct,far_mismatch,instance reasoning,Are the two animals in the picture the same color?,B,C: Can't judge,C,explicit_abstention,insufficient_or_unclear,no
590,bundle_88,Qwen/Qwen2.5-VL-3B-Instruct,hard_mismatch,instance reasoning,Are the two animals in the picture the same color?,B,C: Can't judge,C,explicit_abstention,none,no
596,bundle_89,Qwen/Qwen2.5-VL-3B-Instruct,correct_image,instance reasoning,"Hint: Please answer the question and provide the correct option letter, e.g., A, B, C, D, at the end. Question: In the diagram of the food web shown what will most directly be affected by the loss of the trees?",A,A,A,confident_answer,none,no
596,bundle_89,Qwen/Qwen2.5-VL-3B-Instruct,no_image,instance reasoning,"Hint: Please answer the question and provide the correct option letter, e.g., A, B, C, D, at the end. Question: In the diagram of the food web shown what will most directly be affected by the loss of the trees?",A,The correct answer is (D) bears.,D,confident_answer,none,no
596,bundle_89,Qwen/Qwen2.5-VL-3B-Instruct,blank_image,instance reasoning,"Hint: Please answer the question and provide the correct option letter, e.g., A, B, C, D, at the end. Question: In the diagram of the food web shown what will most directly be affected by the loss of the trees?",A,The correct answer is (D) bears.,D,confident_answer,none,no
596,bundle_89,Qwen/Qwen2.5-VL-3B-Instruct,far_mismatch,instance reasoning,"Hint: Please answer the question and provide the correct option letter, e.g., A, B, C, D, at the end. Question: In the diagram of the food web shown what will most directly be affected by the loss of the trees?",A,D,D,confident_answer,none,no
596,bundle_89,Qwen/Qwen2.5-VL-3B-Instruct,hard_mismatch,instance reasoning,"Hint: Please answer the question and provide the correct option letter, e.g., A, B, C, D, at the end. Question: In the diagram of the food web shown what will most directly be affected by the loss of the trees?",A,D,D,confident_answer,none,no
627,bundle_90,Qwen/Qwen2.5-VL-3B-Instruct,correct_image,instance reasoning,Which solution has a higher concentration of yellow particles?,A,B,B,confident_answer,none,no
627,bundle_90,Qwen/Qwen2.5-VL-3B-Instruct,no_image,instance reasoning,Which solution has a higher concentration of yellow particles?,A,"The image provided does not contain any visual evidence or data to determine the concentration of yellow particles in either Solution A or Solution B. Therefore, it is not possible to answer the question based on the given information. The correct response is:

C: Neither; their concentrations are the same.",C,confident_answer,insufficient_or_unclear,yes
627,bundle_90,Qwen/Qwen2.5-VL-3B-Instruct,blank_image,instance reasoning,Which solution has a higher concentration of yellow particles?,A,"The image provided does not contain any visual evidence or information about solutions or concentrations of yellow particles. Therefore, it is not possible to determine which solution has a higher concentration of yellow particles based on the given image. The correct response is:

D: nan",D,explicit_abstention,insufficient_or_unclear,yes
627,bundle_90,Qwen/Qwen2.5-VL-3B-Instruct,far_mismatch,instance reasoning,Which solution has a higher concentration of yellow particles?,A,C: Solution B,C,confident_answer,none,no
627,bundle_90,Qwen/Qwen2.5-VL-3B-Instruct,hard_mismatch,instance reasoning,Which solution has a higher concentration of yellow particles?,A,C: Solution B,C,confident_answer,none,no
719,bundle_91,Qwen/Qwen2.5-VL-3B-Instruct,correct_image,instance reasoning,What's the profession of the people in this picture?,A,A: astronaut,A,confident_answer,none,yes
719,bundle_91,Qwen/Qwen2.5-VL-3B-Instruct,no_image,instance reasoning,What's the profession of the people in this picture?,A,"The image provided does not contain any visual information about the people or their professions. Therefore, it is not possible to determine the profession of the people in the picture based on the given options and without additional context or visual evidence.",ABSTAIN,explicit_abstention,insufficient_or_unclear,yes
719,bundle_91,Qwen/Qwen2.5-VL-3B-Instruct,blank_image,instance reasoning,What's the profession of the people in this picture?,A,"The image provided does not contain any visual information about the people or their professions. Therefore, it is not possible to determine the profession of the people in the picture based on the given options and the lack of visual context.",ABSTAIN,explicit_abstention,insufficient_or_unclear,yes
719,bundle_91,Qwen/Qwen2.5-VL-3B-Instruct,far_mismatch,instance reasoning,What's the profession of the people in this picture?,A,"None of the options provided (astronaut, chemist, musician, pianist) can be determined from the image.",ABSTAIN,explicit_abstention,insufficient_or_unclear,no
719,bundle_91,Qwen/Qwen2.5-VL-3B-Instruct,hard_mismatch,instance reasoning,What's the profession of the people in this picture?,A,"None of the options provided (astronaut, chemist, musician, pianist) can be determined from the image.",ABSTAIN,explicit_abstention,insufficient_or_unclear,no
726,bundle_92,Qwen/Qwen2.5-VL-3B-Instruct,correct_image,instance reasoning,What's the profession of the people in this picture?,C,C: electrician,C,confident_answer,none,no
726,bundle_92,Qwen/Qwen2.5-VL-3B-Instruct,no_image,instance reasoning,What's the profession of the people in this picture?,C,"The image provided does not contain any visual information about the professions of the people in it. Therefore, I cannot determine their profession based on the given options or any other details from the image.",ABSTAIN,explicit_abstention,insufficient_or_unclear,no
726,bundle_92,Qwen/Qwen2.5-VL-3B-Instruct,blank_image,instance reasoning,What's the profession of the people in this picture?,C,"The image provided does not contain any visual information about the people or their professions. Therefore, it is not possible to determine the profession of the people in the picture based on the given options and the lack of visual context.",ABSTAIN,explicit_abstention,insufficient_or_unclear,yes
726,bundle_92,Qwen/Qwen2.5-VL-3B-Instruct,far_mismatch,instance reasoning,What's the profession of the people in this picture?,C,"The image provided does not contain any information related to professions or people. Therefore, it is not possible to determine the profession of the people in this picture based on the given options and the visual evidence.",ABSTAIN,explicit_abstention,insufficient_or_unclear,yes
726,bundle_92,Qwen/Qwen2.5-VL-3B-Instruct,hard_mismatch,instance reasoning,What's the profession of the people in this picture?,C,"The image provided does not contain any information related to professions or people. Therefore, it is not possible to determine the profession of the people in this picture based on the given options and the visual evidence.",ABSTAIN,explicit_abstention,insufficient_or_unclear,yes
734,bundle_93,Qwen/Qwen2.5-VL-3B-Instruct,correct_image,instance reasoning,Which option describe the object relationship in the image correctly?,A,A,A,confident_answer,none,no
734,bundle_93,Qwen/Qwen2.5-VL-3B-Instruct,no_image,instance reasoning,Which option describe the object relationship in the image correctly?,A,"The image provided does not contain any objects or relationships between them. Therefore, it is impossible to determine which of the given options correctly describes the object relationship in the image.",ABSTAIN,explicit_abstention,insufficient_or_unclear,yes
734,bundle_93,Qwen/Qwen2.5-VL-3B-Instruct,blank_image,instance reasoning,Which option describe the object relationship in the image correctly?,A,"The image provided does not contain any objects or relationships between them. Therefore, it is impossible to determine which of the given options correctly describes the object relationship in the image.",ABSTAIN,explicit_abstention,insufficient_or_unclear,yes
734,bundle_93,Qwen/Qwen2.5-VL-3B-Instruct,far_mismatch,instance reasoning,Which option describe the object relationship in the image correctly?,A,None of the options provided accurately describe the object relationship in the image.,ABSTAIN,confident_answer,mismatch_or_irrelevant,no
734,bundle_93,Qwen/Qwen2.5-VL-3B-Instruct,hard_mismatch,instance reasoning,Which option describe the object relationship in the image correctly?,A,None of the options provided accurately describe the object relationship in the image.,ABSTAIN,explicit_abstention,mismatch_or_irrelevant,no
766,bundle_94,Qwen/Qwen2.5-VL-3B-Instruct,correct_image,logical reasoning,Where is the young man in the black robe seated in the painting?,B,C: In front of a sculpture,C,confident_answer,none,yes
766,bundle_94,Qwen/Qwen2.5-VL-3B-Instruct,no_image,logical reasoning,Where is the young man in the black robe seated in the painting?,B,None of the above.,B,explicit_abstention,none,no
766,bundle_94,Qwen/Qwen2.5-VL-3B-Instruct,blank_image,logical reasoning,Where is the young man in the black robe seated in the painting?,B,B: None of the above,B,confident_answer,none,no
766,bundle_94,Qwen/Qwen2.5-VL-3B-Instruct,far_mismatch,logical reasoning,Where is the young man in the black robe seated in the painting?,B,B: None of the above,B,confident_answer,none,no
766,bundle_94,Qwen/Qwen2.5-VL-3B-Instruct,hard_mismatch,logical reasoning,Where is the young man in the black robe seated in the painting?,B,B: None of the above,B,confident_answer,none,no
771,bundle_95,Qwen/Qwen2.5-VL-3B-Instruct,correct_image,logical reasoning,"Hint: Please answer the question and provide the correct option letter, e.g., A, B, C, D, at the end. Question: How many years have value less than 10%?",D,(C) 2,C,confident_answer,none,no
771,bundle_95,Qwen/Qwen2.5-VL-3B-Instruct,no_image,logical reasoning,"Hint: Please answer the question and provide the correct option letter, e.g., A, B, C, D, at the end. Question: How many years have value less than 10%?",D,"The image provided does not contain any visual data or information related to the question about years having a value less than 10%. Therefore, it is impossible to determine the correct answer based on the given options and without additional context or visual evidence.",ABSTAIN,explicit_abstention,mismatch_or_irrelevant,yes
771,bundle_95,Qwen/Qwen2.5-VL-3B-Instruct,blank_image,logical reasoning,"Hint: Please answer the question and provide the correct option letter, e.g., A, B, C, D, at the end. Question: How many years have value less than 10%?",D,"The image provided does not contain any visual data or information relevant to answering the question about how many years have a value less than 10%. Therefore, it is impossible to determine the correct answer based on the given image.",ABSTAIN,explicit_abstention,mismatch_or_irrelevant,yes
771,bundle_95,Qwen/Qwen2.5-VL-3B-Instruct,far_mismatch,logical reasoning,"Hint: Please answer the question and provide the correct option letter, e.g., A, B, C, D, at the end. Question: How many years have value less than 10%?",D,(A) 0,A,confident_answer,none,no
771,bundle_95,Qwen/Qwen2.5-VL-3B-Instruct,hard_mismatch,logical reasoning,"Hint: Please answer the question and provide the correct option letter, e.g., A, B, C, D, at the end. Question: How many years have value less than 10%?",D,(A) 0,A,confident_answer,none,no
810,bundle_96,Qwen/Qwen2.5-VL-3B-Instruct,correct_image,logical reasoning,What is the main activity of the people on the beach?,A,A: Sunbathing,A,confident_answer,none,yes
810,bundle_96,Qwen/Qwen2.5-VL-3B-Instruct,no_image,logical reasoning,What is the main activity of the people on the beach?,A,The main activity of the people on the beach appears to be A: Sunbathing.,A,hedged_answer,none,yes
810,bundle_96,Qwen/Qwen2.5-VL-3B-Instruct,blank_image,logical reasoning,What is the main activity of the people on the beach?,A,The main activity of the people on the beach appears to be A: Sunbathing.,A,hedged_answer,none,yes
810,bundle_96,Qwen/Qwen2.5-VL-3B-Instruct,far_mismatch,logical reasoning,What is the main activity of the people on the beach?,A,D: Swimming,D,confident_answer,none,no
810,bundle_96,Qwen/Qwen2.5-VL-3B-Instruct,hard_mismatch,logical reasoning,What is the main activity of the people on the beach?,A,D: Swimming,D,confident_answer,none,no
814,bundle_97,Qwen/Qwen2.5-VL-3B-Instruct,correct_image,logical reasoning,"Hint: Please answer the question and provide the correct option letter, e.g., A, B, C, D, at the end. Question: Is Sky Blue the minimum?",A,A,A,confident_answer,none,no
814,bundle_97,Qwen/Qwen2.5-VL-3B-Instruct,no_image,logical reasoning,"Hint: Please answer the question and provide the correct option letter, e.g., A, B, C, D, at the end. Question: Is Sky Blue the minimum?",A,(C) nan,C,confident_answer,none,no
814,bundle_97,Qwen/Qwen2.5-VL-3B-Instruct,blank_image,logical reasoning,"Hint: Please answer the question and provide the correct option letter, e.g., A, B, C, D, at the end. Question: Is Sky Blue the minimum?",A,(C) nan,C,confident_answer,none,no
814,bundle_97,Qwen/Qwen2.5-VL-3B-Instruct,far_mismatch,logical reasoning,"Hint: Please answer the question and provide the correct option letter, e.g., A, B, C, D, at the end. Question: Is Sky Blue the minimum?",A,B,B,confident_answer,none,no
814,bundle_97,Qwen/Qwen2.5-VL-3B-Instruct,hard_mismatch,logical reasoning,"Hint: Please answer the question and provide the correct option letter, e.g., A, B, C, D, at the end. Question: Is Sky Blue the minimum?",A,B,B,confident_answer,none,no
896,bundle_98,Qwen/Qwen2.5-VL-3B-Instruct,correct_image,logical reasoning,What season is depicted in the image?,A,D: Winter,D,confident_answer,none,no
896,bundle_98,Qwen/Qwen2.5-VL-3B-Instruct,no_image,logical reasoning,What season is depicted in the image?,A,The image does not provide enough visual information to determine the season depicted.,ABSTAIN,explicit_abstention,insufficient_or_unclear,no
896,bundle_98,Qwen/Qwen2.5-VL-3B-Instruct,blank_image,logical reasoning,What season is depicted in the image?,A,"The image provided does not contain any visual elements or context that would allow me to determine the season depicted. Therefore, I cannot provide an answer based on the given options.",ABSTAIN,explicit_abstention,insufficient_or_unclear,yes
896,bundle_98,Qwen/Qwen2.5-VL-3B-Instruct,far_mismatch,logical reasoning,What season is depicted in the image?,A,"None of the options provided (A: Summer, B: Spring, C: Autumn, D: Winter) can be determined from the image.",ABSTAIN,explicit_abstention,insufficient_or_unclear,no
896,bundle_98,Qwen/Qwen2.5-VL-3B-Instruct,hard_mismatch,logical reasoning,What season is depicted in the image?,A,"None of the options provided (A: Summer, B: Spring, C: Autumn, D: Winter) can be determined from the image.",ABSTAIN,explicit_abstention,insufficient_or_unclear,no
901,bundle_99,Qwen/Qwen2.5-VL-3B-Instruct,correct_image,logical reasoning,"Hint: Please answer the question and provide the correct option letter, e.g., A, B, C, D, at the end. Question: Is the function (f: R to R) surjective?",A,(B) No,B,confident_answer,none,no
901,bundle_99,Qwen/Qwen2.5-VL-3B-Instruct,no_image,logical reasoning,"Hint: Please answer the question and provide the correct option letter, e.g., A, B, C, D, at the end. Question: Is the function (f: R to R) surjective?",A,"To determine if the function \( f: \mathbb{R} \to \mathbb{R} \) is surjective, we need to check if every element in the codomain \(\mathbb{R}\) has a preimage in the domain \(\mathbb{R}\).

Given the options:
- (A) Yes
- (B) No
- (C) nan
- (D) nan

Since there is no specific visual evidence provided about the function \( f \), we cannot definitively determine whether it is surjective or not. Therefore, the correct answer is:

(C) nan",C,explicit_abstention,missing,no
901,bundle_99,Qwen/Qwen2.5-VL-3B-Instruct,blank_image,logical reasoning,"Hint: Please answer the question and provide the correct option letter, e.g., A, B, C, D, at the end. Question: Is the function (f: R to R) surjective?",A,"To determine if the function \( f: \mathbb{R} \to \mathbb{R} \) is surjective, we need to check if every element in the codomain \(\mathbb{R}\) has a preimage in the domain \(\mathbb{R}\).

Given the options:
- (A) Yes
- (B) No
- (C) nan
- (D) nan

Since there is no specific information provided about the function \( f \), we cannot definitively determine whether it is surjective or not. Therefore, the correct answer is:

(C) nan",C,confident_answer,missing,no
901,bundle_99,Qwen/Qwen2.5-VL-3B-Instruct,far_mismatch,logical reasoning,"Hint: Please answer the question and provide the correct option letter, e.g., A, B, C, D, at the end. Question: Is the function (f: R to R) surjective?",A,(C) nan,C,confident_answer,none,no
901,bundle_99,Qwen/Qwen2.5-VL-3B-Instruct,hard_mismatch,logical reasoning,"Hint: Please answer the question and provide the correct option letter, e.g., A, B, C, D, at the end. Question: Is the function (f: R to R) surjective?",A,(C) nan,C,confident_answer,none,no
902,bundle_100,Qwen/Qwen2.5-VL-3B-Instruct,correct_image,logical reasoning,"Hint: Please answer the question and provide the correct option letter, e.g., A, B, C, D, at the end. Question: Subtract all small gray spheres. Subtract all cylinders. How many objects are left?",C,C,C,confident_answer,missing,no
902,bundle_100,Qwen/Qwen2.5-VL-3B-Instruct,no_image,logical reasoning,"Hint: Please answer the question and provide the correct option letter, e.g., A, B, C, D, at the end. Question: Subtract all small gray spheres. Subtract all cylinders. How many objects are left?",C,"To determine how many objects are left after subtracting all small gray spheres and all cylinders, I'll need to carefully examine the image for these specific objects. However, since there's no accompanying image provided in this text-based interaction, I cannot visually confirm the presence or absence of these objects. Therefore, I am unable to accurately answer the question based solely on the given information.

Answer: The question cannot be answered with the current information.",ABSTAIN,explicit_abstention,missing,no
902,bundle_100,Qwen/Qwen2.5-VL-3B-Instruct,blank_image,logical reasoning,"Hint: Please answer the question and provide the correct option letter, e.g., A, B, C, D, at the end. Question: Subtract all small gray spheres. Subtract all cylinders. How many objects are left?",C,"To determine how many objects are left after subtracting all small gray spheres and all cylinders, I'll need to carefully examine the image for these specific objects. 

After careful observation:

- There are no small gray spheres present in the image.
- There are no cylinders present in the image.

Since both conditions are met, there are no objects to subtract from the total count.

Therefore, the number of objects left is 0.

Answer: (A) 0",A,confident_answer,none,yes
902,bundle_100,Qwen/Qwen2.5-VL-3B-Instruct,far_mismatch,logical reasoning,"Hint: Please answer the question and provide the correct option letter, e.g., A, B, C, D, at the end. Question: Subtract all small gray spheres. Subtract all cylinders. How many objects are left?",C,(A) 0,A,confident_answer,none,no
902,bundle_100,Qwen/Qwen2.5-VL-3B-Instruct,hard_mismatch,logical reasoning,"Hint: Please answer the question and provide the correct option letter, e.g., A, B, C, D, at the end. Question: Subtract all small gray spheres. Subtract all cylinders. How many objects are left?",C,(A) 0,A,confident_answer,none,no
959,bundle_101,Qwen/Qwen2.5-VL-3B-Instruct,correct_image,logical reasoning,What would be the ideal complexity of the curve which can beused for separating the two classes shown in the image below?<image 1>,A,D: insufficient data to draw conclusion,D,explicit_abstention,insufficient_or_unclear,no
959,bundle_101,Qwen/Qwen2.5-VL-3B-Instruct,no_image,logical reasoning,What would be the ideal complexity of the curve which can beused for separating the two classes shown in the image below?<image 1>,A,D: insufficient data to draw conclusion,D,explicit_abstention,insufficient_or_unclear,no
959,bundle_101,Qwen/Qwen2.5-VL-3B-Instruct,blank_image,logical reasoning,What would be the ideal complexity of the curve which can beused for separating the two classes shown in the image below?<image 1>,A,D: insufficient data to draw conclusion,D,explicit_abstention,insufficient_or_unclear,no
959,bundle_101,Qwen/Qwen2.5-VL-3B-Instruct,far_mismatch,logical reasoning,What would be the ideal complexity of the curve which can beused for separating the two classes shown in the image below?<image 1>,A,D: insufficient data to draw conclusion,D,explicit_abstention,insufficient_or_unclear,no
959,bundle_101,Qwen/Qwen2.5-VL-3B-Instruct,hard_mismatch,logical reasoning,What would be the ideal complexity of the curve which can beused for separating the two classes shown in the image below?<image 1>,A,D: insufficient data to draw conclusion,D,explicit_abstention,insufficient_or_unclear,no
980,bundle_102,Qwen/Qwen2.5-VL-3B-Instruct,correct_image,logical reasoning,"If F is sunlight, what position does H represent?",A,A: Waning Gibbous,A,confident_answer,none,yes
980,bundle_102,Qwen/Qwen2.5-VL-3B-Instruct,no_image,logical reasoning,"If F is sunlight, what position does H represent?",A,"The image provided does not contain any visual evidence related to the positions of celestial bodies such as the Sun (F) and Moon (H). Therefore, it is impossible to determine the position of H based on the given information.",ABSTAIN,explicit_abstention,missing,no
980,bundle_102,Qwen/Qwen2.5-VL-3B-Instruct,blank_image,logical reasoning,"If F is sunlight, what position does H represent?",A,"The image provided is blank and does not contain any visual information related to the question about the position of H relative to F (sunlight). Therefore, it is impossible to determine the correct answer based on the given image.",ABSTAIN,explicit_abstention,blank_or_empty,yes
980,bundle_102,Qwen/Qwen2.5-VL-3B-Instruct,far_mismatch,logical reasoning,"If F is sunlight, what position does H represent?",A,C: Waning Crescent,C,confident_answer,none,yes
980,bundle_102,Qwen/Qwen2.5-VL-3B-Instruct,hard_mismatch,logical reasoning,"If F is sunlight, what position does H represent?",A,C: Waning Crescent,C,confident_answer,none,yes
1081,bundle_103,Qwen/Qwen2.5-VL-3B-Instruct,correct_image,math,"Hint: Please answer the question and provide the correct option letter, e.g., A, B, C, D, at the end. Question: As shown in the figure, AB is the diameter of ⊙O, point D is on the extended line of AB, passing point D is the tangent of ⊙O, and the tangent point is C, if ∠A = 25.0, then ∠D = ()",B,"To solve this problem, we need to use some properties of circles and tangents. Here's the step-by-step reasoning:

1. **Identify the given information:**
   - AB is the diameter of circle O.
   - Point D is on the extended line of AB, and DC is a tangent to the circle at point C.
   - ∠A = 25°.

2. **Understand the implications of the given information:**
   - Since AB is the diameter, angle ACB is a right angle (90°) because any angle inscribed in a semicircle is a right angle.
",UNSCORABLE,confident_answer,none,no
1081,bundle_103,Qwen/Qwen2.5-VL-3B-Instruct,no_image,math,"Hint: Please answer the question and provide the correct option letter, e.g., A, B, C, D, at the end. Question: As shown in the figure, AB is the diameter of ⊙O, point D is on the extended line of AB, passing point D is the tangent of ⊙O, and the tangent point is C, if ∠A = 25.0, then ∠D = ()",B,"To solve this problem, we need to use some properties of circles and tangents. Here's the step-by-step reasoning:

1. **Identify the given information:**
   - AB is the diameter of circle O.
   - Point D is on the extended line of AB.
   - CD is a tangent to circle O at point C.
   - ∠A = 25°.

2. **Understand the implications:**
   - Since AB is the diameter, any angle subtended by the diameter in a semicircle is a right angle (90°).
   - The tangent at any point on a",UNSCORABLE,unscorable,none,no
1081,bundle_103,Qwen/Qwen2.5-VL-3B-Instruct,blank_image,math,"Hint: Please answer the question and provide the correct option letter, e.g., A, B, C, D, at the end. Question: As shown in the figure, AB is the diameter of ⊙O, point D is on the extended line of AB, passing point D is the tangent of ⊙O, and the tangent point is C, if ∠A = 25.0, then ∠D = ()",B,"To solve this problem, we need to use some properties of circles and tangents. Here's the step-by-step reasoning:

1. **Identify the given information:**
   - AB is the diameter of circle O.
   - Point D is on the extended line of AB.
   - CD is a tangent to circle O at point C.
   - ∠A = 25°.

2. **Understand the implications:**
   - Since AB is the diameter, any angle subtended by the diameter in a semicircle is a right angle (90°).
   - The tangent at any point on a",UNSCORABLE,confident_answer,none,no
1081,bundle_103,Qwen/Qwen2.5-VL-3B-Instruct,far_mismatch,math,"Hint: Please answer the question and provide the correct option letter, e.g., A, B, C, D, at the end. Question: As shown in the figure, AB is the diameter of ⊙O, point D is on the extended line of AB, passing point D is the tangent of ⊙O, and the tangent point is C, if ∠A = 25.0, then ∠D = ()",B,"To solve this problem, let's analyze the given information step by step:

1. AB is the diameter of circle O.
2. Point D is on the extended line of AB, passing through point D.
3. The tangent at point C is perpendicular to the radius OC.
4. ∠A = 25°

Since AB is the diameter, angle ACB is a right angle (90°) because any angle inscribed in a semicircle is a right angle.

Now, consider triangle ACD:
- ∠ACB = 90° (right angle)
- ∠A = 2",UNSCORABLE,unscorable,none,no
1081,bundle_103,Qwen/Qwen2.5-VL-3B-Instruct,hard_mismatch,math,"Hint: Please answer the question and provide the correct option letter, e.g., A, B, C, D, at the end. Question: As shown in the figure, AB is the diameter of ⊙O, point D is on the extended line of AB, passing point D is the tangent of ⊙O, and the tangent point is C, if ∠A = 25.0, then ∠D = ()",B,"To solve this problem, let's analyze the given information step by step:

1. AB is the diameter of circle O.
2. Point D is on the extended line of AB, passing through point D.
3. The tangent at point C is perpendicular to the radius OC.
4. ∠A = 25°

Since AB is the diameter, angle ACB is a right angle (90°) because any angle inscribed in a semicircle is a right angle.

Now, consider triangle ACD:
- ∠ACB = 90° (right angle)
- ∠A = 2",UNSCORABLE,unscorable,none,no
1145,bundle_104,Qwen/Qwen2.5-VL-3B-Instruct,correct_image,math,"Hint: Please answer the question and provide the correct option letter, e.g., A, B, C, D, at the end. Question: In $\odot S$, $m \widehat {PQR}=98$, Find $m \widehat {PQ}$.",B,"To solve this problem, we need to understand the relationship between the central angle and the inscribed angle in a circle. The measure of an inscribed angle is half the measure of the central angle that subtends the same arc.

Given:
- \( m \widehat{PQR} = 98^\circ \)

Since \( PQR \) is an inscribed angle that subtends the arc \( PQ \), the measure of the inscribed angle \( m \widehat{PQ} \) is half the measure of the central angle \( m \widehat{PQR} \).

Therefore,
\[ m \",UNSCORABLE,unscorable,insufficient_or_unclear,no
1145,bundle_104,Qwen/Qwen2.5-VL-3B-Instruct,no_image,math,"Hint: Please answer the question and provide the correct option letter, e.g., A, B, C, D, at the end. Question: In $\odot S$, $m \widehat {PQR}=98$, Find $m \widehat {PQ}$.",B,"To solve this problem, we need to understand the relationship between the central angle and the inscribed angle in a circle. The measure of an inscribed angle is half the measure of the central angle that subtends the same arc.

Given:
- \( m \widehat{PQR} = 98^\circ \)

Since \( PQR \) is an inscribed angle that subtends the arc \( PQ \), the measure of the inscribed angle \( m \widehat{PQ} \) is half the measure of the central angle \( m \widehat{PQR} \).

Therefore,
\[ m \",UNSCORABLE,unscorable,none,no
1145,bundle_104,Qwen/Qwen2.5-VL-3B-Instruct,blank_image,math,"Hint: Please answer the question and provide the correct option letter, e.g., A, B, C, D, at the end. Question: In $\odot S$, $m \widehat {PQR}=98$, Find $m \widehat {PQ}$.",B,"To solve this problem, we need to understand the relationship between the central angle and the inscribed angle in a circle. The measure of an inscribed angle is half the measure of the central angle that subtends the same arc.

Given:
- \( m \widehat{PQR} = 98^\circ \)

Since \( PQR \) is an inscribed angle that subtends the arc \( PQ \), the measure of the inscribed angle \( m \widehat{PQ} \) is half the measure of the central angle \( m \widehat{PQR} \).

Therefore,
\[ m \",UNSCORABLE,unscorable,none,no
1145,bundle_104,Qwen/Qwen2.5-VL-3B-Instruct,far_mismatch,math,"Hint: Please answer the question and provide the correct option letter, e.g., A, B, C, D, at the end. Question: In $\odot S$, $m \widehat {PQR}=98$, Find $m \widehat {PQ}$.",B,"The given information does not provide enough context or details to solve the problem as stated. The question seems to be incomplete or unclear. Therefore, I cannot determine the correct answer based on the provided image.",ABSTAIN,explicit_abstention,insufficient_or_unclear,no
1145,bundle_104,Qwen/Qwen2.5-VL-3B-Instruct,hard_mismatch,math,"Hint: Please answer the question and provide the correct option letter, e.g., A, B, C, D, at the end. Question: In $\odot S$, $m \widehat {PQR}=98$, Find $m \widehat {PQ}$.",B,"The given information does not provide enough context or details to solve the problem as stated. The question seems to be incomplete or unclear. Therefore, I cannot determine the correct answer based on the provided image.",ABSTAIN,explicit_abstention,insufficient_or_unclear,no
1164,bundle_105,Qwen/Qwen2.5-VL-3B-Instruct,correct_image,math,"Hint: Please answer the question and provide the correct option letter, e.g., A, B, C, D, at the end. Question: Find y.",D,"To find \( y \), we can use the Pythagorean theorem since the triangle is a right-angled triangle. The Pythagorean theorem states that in a right-angled triangle, the square of the length of the hypotenuse (the side opposite the right angle) is equal to the sum of the squares of the lengths of the other two sides.

Given:
- One leg (\( z \)) = 8
- Another leg (\( x \)) = 16

We need to find the hypotenuse (\( y \)).

Using the Pythagorean theorem:
\[ y^2 = z^",UNSCORABLE,unscorable,none,no
1164,bundle_105,Qwen/Qwen2.5-VL-3B-Instruct,no_image,math,"Hint: Please answer the question and provide the correct option letter, e.g., A, B, C, D, at the end. Question: Find y.",D,"To find \( y \), we need more context or information about the problem. The given options do not provide enough information to determine the value of \( y \). Therefore, I cannot provide an answer based on the available visual evidence.",ABSTAIN,explicit_abstention,insufficient_or_unclear,no
1164,bundle_105,Qwen/Qwen2.5-VL-3B-Instruct,blank_image,math,"Hint: Please answer the question and provide the correct option letter, e.g., A, B, C, D, at the end. Question: Find y.",D,"The image provided does not contain any visual information or data related to finding the value of 'y'. Therefore, it is impossible to determine the correct answer based on the given options and without additional context or visual data.",ABSTAIN,explicit_abstention,mismatch_or_irrelevant,yes
1164,bundle_105,Qwen/Qwen2.5-VL-3B-Instruct,far_mismatch,math,"Hint: Please answer the question and provide the correct option letter, e.g., A, B, C, D, at the end. Question: Find y.",D,"The given expression is \((a+b)^2\). To find \(y\), we need more information about the values of \(a\) and \(b\). Without additional context or values for \(a\) and \(b\), it's impossible to determine the value of \(y\). Therefore, the correct response is:

None of the above.",ABSTAIN,confident_answer,insufficient_or_unclear,no
1164,bundle_105,Qwen/Qwen2.5-VL-3B-Instruct,hard_mismatch,math,"Hint: Please answer the question and provide the correct option letter, e.g., A, B, C, D, at the end. Question: Find y.",D,"The given expression is \((a+b)^2\). To find \(y\), we need more information about the values of \(a\) and \(b\). Without additional context or values for \(a\) and \(b\), it's impossible to determine the value of \(y\). Therefore, the correct response is:

None of the above.",ABSTAIN,confident_answer,missing,no
1178,bundle_106,Qwen/Qwen2.5-VL-3B-Instruct,correct_image,math,"Hint: Please answer the question and provide the correct option letter, e.g., A, B, C, D, at the end. Question: Are there more tiny motorbikes in front of the small cyan tandem bike than big cyan metal double buss?",A,A,A,confident_answer,none,no
1178,bundle_106,Qwen/Qwen2.5-VL-3B-Instruct,no_image,math,"Hint: Please answer the question and provide the correct option letter, e.g., A, B, C, D, at the end. Question: Are there more tiny motorbikes in front of the small cyan tandem bike than big cyan metal double buss?",A,"To answer this question, I need to carefully examine the image for the presence of tiny motorbikes and big cyan metal double buses. However, the provided image does not contain any visible tiny motorbikes or big cyan metal double buses. Therefore, based on the available visual evidence, it is impossible to determine if there are more tiny motorbikes in front of the small cyan tandem bike than big cyan metal double buses.

Answer: (C) nan",C,hedged_answer,insufficient_or_unclear,yes
1178,bundle_106,Qwen/Qwen2.5-VL-3B-Instruct,blank_image,math,"Hint: Please answer the question and provide the correct option letter, e.g., A, B, C, D, at the end. Question: Are there more tiny motorbikes in front of the small cyan tandem bike than big cyan metal double buss?",A,(C) nan,C,confident_answer,none,no
1178,bundle_106,Qwen/Qwen2.5-VL-3B-Instruct,far_mismatch,math,"Hint: Please answer the question and provide the correct option letter, e.g., A, B, C, D, at the end. Question: Are there more tiny motorbikes in front of the small cyan tandem bike than big cyan metal double buss?",A,B,B,confident_answer,none,no
1178,bundle_106,Qwen/Qwen2.5-VL-3B-Instruct,hard_mismatch,math,"Hint: Please answer the question and provide the correct option letter, e.g., A, B, C, D, at the end. Question: Are there more tiny motorbikes in front of the small cyan tandem bike than big cyan metal double buss?",A,B,B,confident_answer,none,no
1199,bundle_107,Qwen/Qwen2.5-VL-3B-Instruct,correct_image,math,"Hint: Please answer the question and provide the correct option letter, e.g., A, B, C, D, at the end. Question: How many people prefer the most preferred object?",A,(A) 7,A,confident_answer,none,no
1199,bundle_107,Qwen/Qwen2.5-VL-3B-Instruct,no_image,math,"Hint: Please answer the question and provide the correct option letter, e.g., A, B, C, D, at the end. Question: How many people prefer the most preferred object?",A,"To answer this question, I would need to see the visual evidence, such as a chart or graph showing the preferences of different objects. Without that information, it's impossible to determine how many people prefer the most preferred object. Therefore, the answer is:

None of the above.",ABSTAIN,confident_answer,missing,no
1199,bundle_107,Qwen/Qwen2.5-VL-3B-Instruct,blank_image,math,"Hint: Please answer the question and provide the correct option letter, e.g., A, B, C, D, at the end. Question: How many people prefer the most preferred object?",A,"The image provided does not contain any visual data or information related to the question asked. Therefore, it is impossible to determine how many people prefer the most preferred object based on the given image.",ABSTAIN,explicit_abstention,blank_or_empty,yes
1199,bundle_107,Qwen/Qwen2.5-VL-3B-Instruct,far_mismatch,math,"Hint: Please answer the question and provide the correct option letter, e.g., A, B, C, D, at the end. Question: How many people prefer the most preferred object?",A,None of the given options match the number of people who prefer the most preferred object.,UNSCORABLE,confident_answer,mismatch_or_irrelevant,no
1199,bundle_107,Qwen/Qwen2.5-VL-3B-Instruct,hard_mismatch,math,"Hint: Please answer the question and provide the correct option letter, e.g., A, B, C, D, at the end. Question: How many people prefer the most preferred object?",A,None of the given options match the number of people who prefer the most preferred object.,ABSTAIN,confident_answer,mismatch_or_irrelevant,no
1232,bundle_108,Qwen/Qwen2.5-VL-3B-Instruct,correct_image,math,"Hint: Please answer the question and provide the correct option letter, e.g., A, B, C, D, at the end. Question: What is the sum of all the values in the ruling group?",B,B,B,confident_answer,none,no
1232,bundle_108,Qwen/Qwen2.5-VL-3B-Instruct,no_image,math,"Hint: Please answer the question and provide the correct option letter, e.g., A, B, C, D, at the end. Question: What is the sum of all the values in the ruling group?",B,"The sum of all the values in the ruling group is 11. Therefore, the correct answer is:

(C) 11",C,confident_answer,insufficient_or_unclear,no
1232,bundle_108,Qwen/Qwen2.5-VL-3B-Instruct,blank_image,math,"Hint: Please answer the question and provide the correct option letter, e.g., A, B, C, D, at the end. Question: What is the sum of all the values in the ruling group?",B,"The sum of all the values in the ruling group is 11. Therefore, the correct answer is:

(C) 11",C,confident_answer,none,no
1232,bundle_108,Qwen/Qwen2.5-VL-3B-Instruct,far_mismatch,math,"Hint: Please answer the question and provide the correct option letter, e.g., A, B, C, D, at the end. Question: What is the sum of all the values in the ruling group?",B,A,A,confident_answer,none,no
1232,bundle_108,Qwen/Qwen2.5-VL-3B-Instruct,hard_mismatch,math,"Hint: Please answer the question and provide the correct option letter, e.g., A, B, C, D, at the end. Question: What is the sum of all the values in the ruling group?",B,A,A,confident_answer,none,no
1257,bundle_109,Qwen/Qwen2.5-VL-3B-Instruct,correct_image,science & technology,Which of the following is the enantiomer of the compound shown below ? <image 1>,A,C,C,confident_answer,none,no
1257,bundle_109,Qwen/Qwen2.5-VL-3B-Instruct,no_image,science & technology,Which of the following is the enantiomer of the compound shown below ? <image 1>,A,"The enantiomer of the compound shown in image 1 is not present among the options provided. Therefore, there is no correct answer from the given choices.",ABSTAIN,confident_answer,none,yes
1257,bundle_109,Qwen/Qwen2.5-VL-3B-Instruct,blank_image,science & technology,Which of the following is the enantiomer of the compound shown below ? <image 1>,A,"The enantiomer of the compound shown in image 1 would be the one with the opposite configuration at the chiral center, which is typically indicated by the presence of a mirror image relationship. Given the options provided:

A: <image 2>
B: <image 3>
C: <image 4>
D: <image 5>

Without the actual images, it's impossible to definitively identify the correct enantiomer. However, if we assume that the correct answer is one of these options and based on typical molecular structures, option **B** might be the enantiomer of the compound shown in image ",B,hedged_answer,missing,yes
1257,bundle_109,Qwen/Qwen2.5-VL-3B-Instruct,far_mismatch,science & technology,Which of the following is the enantiomer of the compound shown below ? <image 1>,A,"The enantiomer of a compound is its mirror image, which is not superimposable on its mirror image. Given the options and the structure of the compound in the image, it's not possible to definitively identify the enantiomer without additional information about the specific compound or its structure. Therefore, based solely on the provided image, there is insufficient information to determine the correct answer among the given options.",ABSTAIN,explicit_abstention,insufficient_or_unclear,no
1257,bundle_109,Qwen/Qwen2.5-VL-3B-Instruct,hard_mismatch,science & technology,Which of the following is the enantiomer of the compound shown below ? <image 1>,A,"The enantiomer of a compound is its mirror image, which is not superimposable on its mirror image. Given the options and the structure of the compound in the image, it's not possible to definitively identify the enantiomer without additional information about the specific compound or its structure. Therefore, based solely on the provided image, there is insufficient information to determine the correct answer among the given options.",ABSTAIN,explicit_abstention,insufficient_or_unclear,no
1260,bundle_110,Qwen/Qwen2.5-VL-3B-Instruct,correct_image,science & technology,What is represented by organ A?,B,D: mitochondrion,D,confident_answer,none,no
1260,bundle_110,Qwen/Qwen2.5-VL-3B-Instruct,no_image,science & technology,What is represented by organ A?,B,"The image provided does not contain any visual evidence related to organelles or cellular structures. Therefore, it is impossible to determine what organ A represents based on the given options and the lack of visual information.",A,explicit_abstention,missing,yes
1260,bundle_110,Qwen/Qwen2.5-VL-3B-Instruct,blank_image,science & technology,What is represented by organ A?,B,"The image provided does not contain any visual information related to organelles or cellular structures. Therefore, it is not possible to determine what organ A represents based on the given options and the lack of visual context.",A,explicit_abstention,mismatch_or_irrelevant,yes
1260,bundle_110,Qwen/Qwen2.5-VL-3B-Instruct,far_mismatch,science & technology,What is represented by organ A?,B,D: mitochondrion,D,confident_answer,none,no
1260,bundle_110,Qwen/Qwen2.5-VL-3B-Instruct,hard_mismatch,science & technology,What is represented by organ A?,B,D: mitochondrion,D,confident_answer,none,no
1286,bundle_111,Qwen/Qwen2.5-VL-3B-Instruct,correct_image,science & technology,A food web is shown below. Which of the following organisms compete for the deer as a food source?,C,A: hawk and snake,A,confident_answer,none,yes
1286,bundle_111,Qwen/Qwen2.5-VL-3B-Instruct,no_image,science & technology,A food web is shown below. Which of the following organisms compete for the deer as a food source?,C,D: none,D,confident_answer,none,no
1286,bundle_111,Qwen/Qwen2.5-VL-3B-Instruct,blank_image,science & technology,A food web is shown below. Which of the following organisms compete for the deer as a food source?,C,D: none,D,confident_answer,none,no
1286,bundle_111,Qwen/Qwen2.5-VL-3B-Instruct,far_mismatch,science & technology,A food web is shown below. Which of the following organisms compete for the deer as a food source?,C,D: none,D,confident_answer,none,no
1286,bundle_111,Qwen/Qwen2.5-VL-3B-Instruct,hard_mismatch,science & technology,A food web is shown below. Which of the following organisms compete for the deer as a food source?,C,D: none,D,confident_answer,none,no
1290,bundle_112,Qwen/Qwen2.5-VL-3B-Instruct,correct_image,science & technology,What is the expected ratio of offspring with white spots to offspring with solid coloring? Choose the most likely ratio.,D,B: 3:1,B,confident_answer,none,no
1290,bundle_112,Qwen/Qwen2.5-VL-3B-Instruct,no_image,science & technology,What is the expected ratio of offspring with white spots to offspring with solid coloring? Choose the most likely ratio.,D,"The provided image does not contain any visual information relevant to answering the question about the expected ratio of offspring with white spots to offspring with solid coloring. Therefore, it is not possible to determine the correct answer based on the given visual evidence.",ABSTAIN,explicit_abstention,mismatch_or_irrelevant,yes
1290,bundle_112,Qwen/Qwen2.5-VL-3B-Instruct,blank_image,science & technology,What is the expected ratio of offspring with white spots to offspring with solid coloring? Choose the most likely ratio.,D,"The provided image does not contain any visual information relevant to answering the question about the expected ratio of offspring with white spots to offspring with solid coloring. Therefore, it is impossible to determine the correct answer based on the given image.",ABSTAIN,explicit_abstention,mismatch_or_irrelevant,yes
1290,bundle_112,Qwen/Qwen2.5-VL-3B-Instruct,far_mismatch,science & technology,What is the expected ratio of offspring with white spots to offspring with solid coloring? Choose the most likely ratio.,D,B: 3:1,B,confident_answer,none,no
1290,bundle_112,Qwen/Qwen2.5-VL-3B-Instruct,hard_mismatch,science & technology,What is the expected ratio of offspring with white spots to offspring with solid coloring? Choose the most likely ratio.,D,B: 3:1,B,confident_answer,none,no
1323,bundle_113,Qwen/Qwen2.5-VL-3B-Instruct,correct_image,science & technology,"<image 1>A light ray enters a block of plastic and travels along the path shown.By considering the behavior of the ray at point P, determine the speed of light in the plastic.(10^8m/s)",D,B,B,confident_answer,none,no
1323,bundle_113,Qwen/Qwen2.5-VL-3B-Instruct,no_image,science & technology,"<image 1>A light ray enters a block of plastic and travels along the path shown.By considering the behavior of the ray at point P, determine the speed of light in the plastic.(10^8m/s)",D,"To determine the speed of light in the plastic, we need to analyze the behavior of the light ray at point P. However, the provided image does not contain any visual information about the light ray or point P. Therefore, it is impossible to determine the speed of light in the plastic based solely on the given image.",ABSTAIN,explicit_abstention,insufficient_or_unclear,yes
1323,bundle_113,Qwen/Qwen2.5-VL-3B-Instruct,blank_image,science & technology,"<image 1>A light ray enters a block of plastic and travels along the path shown.By considering the behavior of the ray at point P, determine the speed of light in the plastic.(10^8m/s)",D,"To determine the speed of light in the plastic, we need to analyze the behavior of the light ray at point P. However, the provided image does not contain any visual information about the light ray or point P. Therefore, it is impossible to determine the speed of light in the plastic based on the given image.",ABSTAIN,explicit_abstention,missing,yes
1323,bundle_113,Qwen/Qwen2.5-VL-3B-Instruct,far_mismatch,science & technology,"<image 1>A light ray enters a block of plastic and travels along the path shown.By considering the behavior of the ray at point P, determine the speed of light in the plastic.(10^8m/s)",D,B,B,confident_answer,none,no
1323,bundle_113,Qwen/Qwen2.5-VL-3B-Instruct,hard_mismatch,science & technology,"<image 1>A light ray enters a block of plastic and travels along the path shown.By considering the behavior of the ray at point P, determine the speed of light in the plastic.(10^8m/s)",D,B,B,confident_answer,none,no
1344,bundle_114,Qwen/Qwen2.5-VL-3B-Instruct,correct_image,science & technology,Think about the magnetic force between the magnets in each pair. Which of the following statements is true?,B,C: The magnitude of the magnetic force is the same in both pairs.,C,confident_answer,none,no
1344,bundle_114,Qwen/Qwen2.5-VL-3B-Instruct,no_image,science & technology,Think about the magnetic force between the magnets in each pair. Which of the following statements is true?,B,"To determine which statement is true regarding the magnetic force between the magnets in each pair, we need to analyze the visual evidence provided. However, since there is no visual evidence or diagram included in your message, I cannot provide a specific answer based on the image you described.

Given the options:
A: The magnitude of the magnetic force is smaller in Pair 2.
B: The magnitude of the magnetic force is smaller in Pair 1.
C: The magnitude of the magnetic force is the same in both pairs.
D: nan (which stands for ""not applicable"" or ""no information"")

Since there is no visual data to compare the",ABSTAIN,explicit_abstention,missing,no
1344,bundle_114,Qwen/Qwen2.5-VL-3B-Instruct,blank_image,science & technology,Think about the magnetic force between the magnets in each pair. Which of the following statements is true?,B,D: nan,D,unscorable,none,no
1344,bundle_114,Qwen/Qwen2.5-VL-3B-Instruct,far_mismatch,science & technology,Think about the magnetic force between the magnets in each pair. Which of the following statements is true?,B,B: The magnitude of the magnetic force is smaller in Pair 1.,B,confident_answer,none,yes
1344,bundle_114,Qwen/Qwen2.5-VL-3B-Instruct,hard_mismatch,science & technology,Think about the magnetic force between the magnets in each pair. Which of the following statements is true?,B,B: The magnitude of the magnetic force is smaller in Pair 1.,B,confident_answer,none,no
1366,bundle_115,Qwen/Qwen2.5-VL-3B-Instruct,correct_image,science & technology,"Find the minimum spanning tree of the graph G(V, U) of figure 1. Notice that it is an undirected graph. <image 1>",B,C,C,confident_answer,none,no
1366,bundle_115,Qwen/Qwen2.5-VL-3B-Instruct,no_image,science & technology,"Find the minimum spanning tree of the graph G(V, U) of figure 1. Notice that it is an undirected graph. <image 1>",B,"C: Graph G1 with vertices v1 to v8 and arcs excluding (v2, v5) and (v4, v8).",C,confident_answer,none,yes
1366,bundle_115,Qwen/Qwen2.5-VL-3B-Instruct,blank_image,science & technology,"Find the minimum spanning tree of the graph G(V, U) of figure 1. Notice that it is an undirected graph. <image 1>",B,C,C,confident_answer,none,no
1366,bundle_115,Qwen/Qwen2.5-VL-3B-Instruct,far_mismatch,science & technology,"Find the minimum spanning tree of the graph G(V, U) of figure 1. Notice that it is an undirected graph. <image 1>",B,C,C,confident_answer,none,no
1366,bundle_115,Qwen/Qwen2.5-VL-3B-Instruct,hard_mismatch,science & technology,"Find the minimum spanning tree of the graph G(V, U) of figure 1. Notice that it is an undirected graph. <image 1>",B,C,C,confident_answer,none,no
1387,bundle_116,Qwen/Qwen2.5-VL-3B-Instruct,correct_image,science & technology,What is label H pointing to?,A,B: Endoplasmic reticulum,B,confident_answer,none,no
1387,bundle_116,Qwen/Qwen2.5-VL-3B-Instruct,no_image,science & technology,What is label H pointing to?,A,"The image provided does not contain any labels or clear visual indicators of what ""label H"" might be pointing to. Therefore, it is not possible to determine what label H is pointing to based on the given information.",ABSTAIN,explicit_abstention,insufficient_or_unclear,yes
1387,bundle_116,Qwen/Qwen2.5-VL-3B-Instruct,blank_image,science & technology,What is label H pointing to?,A,"The image provided does not contain any visible labels or structures that can be identified as 'label H'. Therefore, it is not possible to determine what 'label H' points to based on the given information.",ABSTAIN,explicit_abstention,insufficient_or_unclear,yes
1387,bundle_116,Qwen/Qwen2.5-VL-3B-Instruct,far_mismatch,science & technology,What is label H pointing to?,A,"The image provided does not contain any information related to the Golgi body, endoplasmic reticulum, nucleus, or mitochondrion. Therefore, it is not possible to determine what label ""H"" is pointing to based on the given image.",ABSTAIN,explicit_abstention,insufficient_or_unclear,yes
1387,bundle_116,Qwen/Qwen2.5-VL-3B-Instruct,hard_mismatch,science & technology,What is label H pointing to?,A,"The image provided does not contain any information related to the Golgi body, endoplasmic reticulum, nucleus, or mitochondrion. Therefore, it is not possible to determine what label ""H"" is pointing to based on the given image.",ABSTAIN,explicit_abstention,mismatch_or_irrelevant,yes
1445,bundle_117,Qwen/Qwen2.5-VL-3B-Instruct,correct_image,science & technology,Will these magnets attract or repel each other?,B,A: repel,A,confident_answer,none,no
1445,bundle_117,Qwen/Qwen2.5-VL-3B-Instruct,no_image,science & technology,Will these magnets attract or repel each other?,B,B: attract,B,confident_answer,none,no
1445,bundle_117,Qwen/Qwen2.5-VL-3B-Instruct,blank_image,science & technology,Will these magnets attract or repel each other?,B,B: attract,B,confident_answer,none,no
1445,bundle_117,Qwen/Qwen2.5-VL-3B-Instruct,far_mismatch,science & technology,Will these magnets attract or repel each other?,B,B,B,confident_answer,none,no
1445,bundle_117,Qwen/Qwen2.5-VL-3B-Instruct,hard_mismatch,science & technology,Will these magnets attract or repel each other?,B,B,B,confident_answer,none,no
1489,bundle_118,Qwen/Qwen2.5-VL-3B-Instruct,correct_image,science & technology,<image 1>Hydrophobic region of the cell membrane?,A,D,D,confident_answer,none,no
1489,bundle_118,Qwen/Qwen2.5-VL-3B-Instruct,no_image,science & technology,<image 1>Hydrophobic region of the cell membrane?,A,"The image provided does not contain any visual information related to a cell membrane or its hydrophobic regions. Therefore, it is not possible to determine the correct answer based on the given image.",ABSTAIN,explicit_abstention,mismatch_or_irrelevant,yes
1489,bundle_118,Qwen/Qwen2.5-VL-3B-Instruct,blank_image,science & technology,<image 1>Hydrophobic region of the cell membrane?,A,D: A,D,confident_answer,none,no
1489,bundle_118,Qwen/Qwen2.5-VL-3B-Instruct,far_mismatch,science & technology,<image 1>Hydrophobic region of the cell membrane?,A,D,D,confident_answer,none,no
1489,bundle_118,Qwen/Qwen2.5-VL-3B-Instruct,hard_mismatch,science & technology,<image 1>Hydrophobic region of the cell membrane?,A,D,D,confident_answer,none,no
1496,bundle_119,Qwen/Qwen2.5-VL-3B-Instruct,correct_image,science & technology,Which label applies to stomach?,C,C: D,C,confident_answer,none,no
1496,bundle_119,Qwen/Qwen2.5-VL-3B-Instruct,no_image,science & technology,Which label applies to stomach?,C,"The image provided does not contain any visual evidence related to the stomach or labels. Therefore, it is impossible to determine which label applies to the stomach based on the given options and without additional context or visual information.",ABSTAIN,explicit_abstention,mismatch_or_irrelevant,yes
1496,bundle_119,Qwen/Qwen2.5-VL-3B-Instruct,blank_image,science & technology,Which label applies to stomach?,C,"The image provided does not contain any visual evidence or context related to the question about the stomach. Therefore, it is impossible to determine which label applies to the stomach based on the given information.",ABSTAIN,explicit_abstention,mismatch_or_irrelevant,no
1496,bundle_119,Qwen/Qwen2.5-VL-3B-Instruct,far_mismatch,science & technology,Which label applies to stomach?,C,A,A,confident_answer,none,no
1496,bundle_119,Qwen/Qwen2.5-VL-3B-Instruct,hard_mismatch,science & technology,Which label applies to stomach?,C,A,A,confident_answer,none,no
163,bundle_0,Qwen/Qwen2.5-VL-7B-Instruct,correct_image,coarse perception,Which category does this image belong to?,B,"The image appears to be a sketch. The style and texture suggest it is hand-drawn, which aligns with option B: sketch.",B,hedged_answer,none,yes
163,bundle_0,Qwen/Qwen2.5-VL-7B-Instruct,no_image,coarse perception,Which category does this image belong to?,B,"The image provided appears to be a photograph of a painting. The texture and color blending suggest it could be an oil painting. However, without seeing the actual image, it's not possible to definitively categorize it as one of the options given. Therefore, based on the information provided, the most accurate answer would be:

D: photo

This is because the image itself is a photograph of a painting, not the painting itself.",D,hedged_answer,missing,yes
163,bundle_0,Qwen/Qwen2.5-VL-7B-Instruct,blank_image,coarse perception,Which category does this image belong to?,B,"The image appears to be a digital illustration or drawing, which aligns with option C: digital art. The clean lines and uniform color suggest it was created digitally rather than being a traditional painting, sketch, or photograph.",C,hedged_answer,none,yes
163,bundle_0,Qwen/Qwen2.5-VL-7B-Instruct,far_mismatch,coarse perception,Which category does this image belong to?,B,"The image provided is a bar chart with numerical values and labels on the x-axis. This type of image is typically created using digital tools for data visualization. Therefore, the most appropriate category for this image is:

C: digital art",C,confident_answer,none,yes
163,bundle_0,Qwen/Qwen2.5-VL-7B-Instruct,hard_mismatch,coarse perception,Which category does this image belong to?,B,"The image appears to be a sketch. The style and technique used, with visible lines and shading, suggest it is not an oil painting or digital art. It also lacks the clarity and detail typically found in photographs. Therefore, the most appropriate category for this image is:

B: sketch",B,hedged_answer,none,yes
28,bundle_1,Qwen/Qwen2.5-VL-7B-Instruct,correct_image,coarse perception,What is the primary activity depicted in the image?,A,"The primary activity depicted in the image is:

B: A man on a truck operating a crane to lift a box from a building.",B,confident_answer,none,yes
28,bundle_1,Qwen/Qwen2.5-VL-7B-Instruct,no_image,coarse perception,What is the primary activity depicted in the image?,A,"The image shows a man standing on a platform or a balcony of a building under construction. He appears to be operating a crane, which is lifting a box or a similar object from the ground towards the building. The background suggests an urban setting with other buildings and structures visible. The lighting indicates it might be during sunset.

Given these observations, the most accurate description of the primary activity depicted in the image is:

B: A man on a truck operating a crane to lift a box from a building.",B,confident_answer,mismatch_or_irrelevant,yes
28,bundle_1,Qwen/Qwen2.5-VL-7B-Instruct,blank_image,coarse perception,What is the primary activity depicted in the image?,A,"The image shows a crane lifting a box from a building. There is no indication of a man operating the crane or a house being lifted. The setting appears to be during the day, not at sunset. Therefore, the correct answer based on the visual evidence is:

A: A crane lifting a box from a building.",A,confident_answer,none,yes
28,bundle_1,Qwen/Qwen2.5-VL-7B-Instruct,far_mismatch,coarse perception,What is the primary activity depicted in the image?,A,,UNSCORABLE,unscorable,blank_or_empty,no
28,bundle_1,Qwen/Qwen2.5-VL-7B-Instruct,hard_mismatch,coarse perception,What is the primary activity depicted in the image?,A,"The primary activity depicted in the image is not clearly shown as there is no visible crane or person operating it. The image shows an outdoor balcony with furniture and a view of the landscape, but no construction activities are evident. Therefore, the correct option cannot be determined from the given choices based on the visual evidence provided.",ABSTAIN,explicit_abstention,insufficient_or_unclear,yes
6,bundle_2,Qwen/Qwen2.5-VL-7B-Instruct,correct_image,coarse perception,What is the overall theme of the image?,A,C: A woman in an outdoor setting.,C,confident_answer,none,yes
6,bundle_2,Qwen/Qwen2.5-VL-7B-Instruct,no_image,coarse perception,What is the overall theme of the image?,A,"The image shows a stone wall along a stone path. Therefore, the correct answer is:

B: A stone wall along a stone path.",B,confident_answer,none,yes
6,bundle_2,Qwen/Qwen2.5-VL-7B-Instruct,blank_image,coarse perception,What is the overall theme of the image?,A,"The image shows a stone wall and a stone path, which suggests that the overall theme of the image is:

B: A stone wall along a stone path.",B,confident_answer,none,yes
6,bundle_2,Qwen/Qwen2.5-VL-7B-Instruct,far_mismatch,coarse perception,What is the overall theme of the image?,A,"The image shows a close-up of a ram with large curved horns, standing outdoors on grass. There is no indication of a woman, a stone wall, a stone path, or a house with a black roof in the image. Therefore, none of the provided options accurately describe the overall theme of the image.",ABSTAIN,confident_answer,none,yes
6,bundle_2,Qwen/Qwen2.5-VL-7B-Instruct,hard_mismatch,coarse perception,What is the overall theme of the image?,A,C: A woman in an outdoor setting.,C,confident_answer,none,yes
189,bundle_3,Qwen/Qwen2.5-VL-7B-Instruct,correct_image,coarse perception,What feeling is shown in this image?,B,"The image shows a person walking away from the camera on a city street, with a backpack and a cityscape in the background. The person appears to be alone, which might suggest a feeling of loneliness. However, without more context or facial expressions, it's difficult to definitively determine the person's emotional state. Therefore, based solely on the visual evidence, the most appropriate option is:

B: lonely",B,hedged_answer,insufficient_or_unclear,yes
189,bundle_3,Qwen/Qwen2.5-VL-7B-Instruct,no_image,coarse perception,What feeling is shown in this image?,B,"The image provided does not contain any visual evidence of human emotions or expressions that can be analyzed to determine the feeling shown. Therefore, it is not possible to accurately answer the question based on the given options and the available visual evidence.",ABSTAIN,explicit_abstention,insufficient_or_unclear,yes
189,bundle_3,Qwen/Qwen2.5-VL-7B-Instruct,blank_image,coarse perception,What feeling is shown in this image?,B,"The image provided does not contain any human figures or expressions that can be analyzed for emotional states. It appears to be a blank white background with no discernible features or context that would allow us to infer any specific feeling. Therefore, it is not possible to determine the correct answer based on the given options and the visual evidence provided.",ABSTAIN,explicit_abstention,blank_or_empty,yes
189,bundle_3,Qwen/Qwen2.5-VL-7B-Instruct,far_mismatch,coarse perception,What feeling is shown in this image?,B,"The image provided is a graph with nodes and edges, which does not convey any emotional content or feelings. Therefore, it is not possible to determine the feeling shown in this image based on the visual evidence alone. The correct answer cannot be determined from the given options.",ABSTAIN,explicit_abstention,insufficient_or_unclear,yes
189,bundle_3,Qwen/Qwen2.5-VL-7B-Instruct,hard_mismatch,coarse perception,What feeling is shown in this image?,B,"The image shows a heart with a jagged edge and raindrops falling around it, which can be interpreted as a symbol of sadness or loneliness. The options provided are:

A: engaged
B: lonely
C: angry
D: supportive

Based on the visual evidence, the most fitting option is:

B: lonely",B,hedged_answer,none,yes
70,bundle_4,Qwen/Qwen2.5-VL-7B-Instruct,correct_image,coarse perception,What is the main object present in the foreground of the image?,B,"The main object present in the foreground of the image is a surgical gown. Therefore, the correct answer is:

D: A surgical gown",D,confident_answer,none,yes
70,bundle_4,Qwen/Qwen2.5-VL-7B-Instruct,no_image,coarse perception,What is the main object present in the foreground of the image?,B,"The image provided does not contain any visible objects that can be identified as a surgical mask, a nurse, a surgical light, or a surgical gown. Therefore, there is insufficient visual evidence to determine the main object present in the foreground of the image.",ABSTAIN,explicit_abstention,insufficient_or_unclear,yes
70,bundle_4,Qwen/Qwen2.5-VL-7B-Instruct,blank_image,coarse perception,What is the main object present in the foreground of the image?,B,"The main object present in the foreground of the image appears to be a surgical mask. Therefore, the correct answer is:

A: A surgical mask.",A,hedged_answer,none,yes
70,bundle_4,Qwen/Qwen2.5-VL-7B-Instruct,far_mismatch,coarse perception,What is the main object present in the foreground of the image?,B,"The image provided does not contain any objects related to surgery or medical professionals. Instead, it appears to be a diagram illustrating the phases of the moon as seen from Earth. Therefore, none of the options (A, B, C, or D) accurately describe the main object present in the foreground of the image. The correct answer cannot be determined from the given options based on the visual evidence provided.",ABSTAIN,explicit_abstention,mismatch_or_irrelevant,yes
70,bundle_4,Qwen/Qwen2.5-VL-7B-Instruct,hard_mismatch,coarse perception,What is the main object present in the foreground of the image?,B,"The main object present in the foreground of the image is a white dress with gold embellishments. Therefore, the correct answer is not listed among the options provided. The options given (A: A surgical mask, B: A nurse, C: A surgical light, D: A surgical gown) do not match the object in the image.",ABSTAIN,explicit_abstention,mismatch_or_irrelevant,yes
62,bundle_5,Qwen/Qwen2.5-VL-7B-Instruct,correct_image,coarse perception,What is the main feature of this image?,A,"The main feature of this image is:

C: A broken sailboat resting on a rocky shore during sunset.",C,confident_answer,none,yes
62,bundle_5,Qwen/Qwen2.5-VL-7B-Instruct,no_image,coarse perception,What is the main feature of this image?,A,"The main feature of the image appears to be a sailboat in the water with the sun positioned over the horizon, suggesting either sunrise or sunset. The presence of rocks in the background and the overall lighting suggest it could be either sunrise or sunset. However, without more specific details about the position of the sun relative to the boat and the horizon, it's challenging to definitively determine whether it's sunrise or sunset. Therefore, the most accurate option based on the available visual evidence would be:

B: A sailboat in the water with the sun over the ocean and rocks.",B,hedged_answer,insufficient_or_unclear,yes
62,bundle_5,Qwen/Qwen2.5-VL-7B-Instruct,blank_image,coarse perception,What is the main feature of this image?,A,"The main feature of this image is:

C: A broken sailboat resting on a rocky shore during sunset

This can be inferred from the visible details such as the broken structure of the sailboat and the presence of rocks in the foreground, which align with option C. The lighting suggests it is either sunset or sunrise, but the specific time cannot be determined from the image alone.",C,confident_answer,none,yes
62,bundle_5,Qwen/Qwen2.5-VL-7B-Instruct,far_mismatch,coarse perception,What is the main feature of this image?,A,"The image provided does not contain any visual evidence of a sailboat or a rocky shore. Instead, it shows a variety of fruits and vegetables, including bananas, apples, pears, and ginger. Therefore, none of the given options (A, B, C, or D) accurately describe the main feature of this image.",ABSTAIN,confident_answer,mismatch_or_irrelevant,yes
62,bundle_5,Qwen/Qwen2.5-VL-7B-Instruct,hard_mismatch,coarse perception,What is the main feature of this image?,A,"The main feature of this image is:

B: A sailboat in the water with the sun over the ocean and rocks

This option best describes the scene depicted in the image, which shows a sailboat in the water with the sun setting over the horizon and some rocks visible in the foreground.",B,confident_answer,none,yes
57,bundle_6,Qwen/Qwen2.5-VL-7B-Instruct,correct_image,coarse perception,What is the main theme of the image?,A,"The main theme of the image appears to be A: Nature. The presence of water, trees, and a cloudy sky suggests a natural setting.",A,hedged_answer,none,yes
57,bundle_6,Qwen/Qwen2.5-VL-7B-Instruct,no_image,coarse perception,What is the main theme of the image?,A,"The image shows a person riding a bicycle on a paved path in what appears to be a park or outdoor area with trees and greenery around. There are no clear indications of transportation, travel, or outdoor recreation activities other than the bicycle itself. Therefore, based on the available visual evidence, the main theme of the image seems to be:

A: Nature

This conclusion is drawn from the presence of trees and greenery, which are typical elements associated with nature scenes.",A,hedged_answer,insufficient_or_unclear,yes
57,bundle_6,Qwen/Qwen2.5-VL-7B-Instruct,blank_image,coarse perception,What is the main theme of the image?,A,"The image shows a person standing in front of a train, which suggests a theme related to transportation. Therefore, the main theme of the image is:

B: Transportation",B,confident_answer,none,yes
57,bundle_6,Qwen/Qwen2.5-VL-7B-Instruct,far_mismatch,coarse perception,What is the main theme of the image?,A,"The image provided is a graph of a mathematical function, specifically \( f(x) = |2x - 3| + 1 \). The options given (Nature, Transportation, Travel, Outdoor recreation) do not relate to the content of the image. Therefore, there is no main theme among the given options that can be determined from this image.",ABSTAIN,explicit_abstention,mismatch_or_irrelevant,yes
57,bundle_6,Qwen/Qwen2.5-VL-7B-Instruct,hard_mismatch,coarse perception,What is the main theme of the image?,A,"The main theme of the image is D: Outdoor recreation. The image shows individuals engaged in a soccer practice session on a field, which is an outdoor recreational activity.",D,confident_answer,none,yes
35,bundle_7,Qwen/Qwen2.5-VL-7B-Instruct,correct_image,coarse perception,What is the dominant color in the image?,A,"The dominant color in the image is B: Blue. The large painting on the wall features a blue background with white and black elements, which stands out prominently against the otherwise neutral tones of the room.",B,confident_answer,none,yes
35,bundle_7,Qwen/Qwen2.5-VL-7B-Instruct,no_image,coarse perception,What is the dominant color in the image?,A,"The image provided does not contain any visual evidence to determine the dominant color. The image appears to be blank or lacks any discernible content. Therefore, it is not possible to accurately identify the dominant color from this image alone.",ABSTAIN,explicit_abstention,blank_or_empty,yes
35,bundle_7,Qwen/Qwen2.5-VL-7B-Instruct,blank_image,coarse perception,What is the dominant color in the image?,A,"The dominant color in the image is white. Therefore, the correct answer is:

A: White",A,confident_answer,none,yes
35,bundle_7,Qwen/Qwen2.5-VL-7B-Instruct,far_mismatch,coarse perception,What is the dominant color in the image?,A,"The dominant color in the image is yellow, which can be seen on the frame of the wheelbarrow. Therefore, the correct answer is not listed among the options provided. The closest option would be A: White, as the background appears to be white, but this is not the dominant color of the object itself.",A,hedged_answer,none,yes
35,bundle_7,Qwen/Qwen2.5-VL-7B-Instruct,hard_mismatch,coarse perception,What is the dominant color in the image?,A,"The dominant color in the image appears to be black, as the background and much of the scene is dark, with some areas illuminated by stage lights. Therefore, the correct answer is:

D: Black",D,hedged_answer,none,yes
188,bundle_8,Qwen/Qwen2.5-VL-7B-Instruct,correct_image,coarse perception,Which mood does this image convey?,A,The image conveys a mood of sadness (Option A). The child appears to be crying and has a distressed expression on their face.,A,confident_answer,none,yes
188,bundle_8,Qwen/Qwen2.5-VL-7B-Instruct,no_image,coarse perception,Which mood does this image convey?,A,The image provided is not included in your question. Please provide an image or description of the image so I can analyze it and determine the mood it conveys.,ABSTAIN,explicit_abstention,missing,no
188,bundle_8,Qwen/Qwen2.5-VL-7B-Instruct,blank_image,coarse perception,Which mood does this image convey?,A,"The image provided is a blank white background with no discernible features or elements that convey any specific mood. Therefore, it is not possible to determine which mood the image conveys based on the given options.",ABSTAIN,explicit_abstention,blank_or_empty,yes
188,bundle_8,Qwen/Qwen2.5-VL-7B-Instruct,far_mismatch,coarse perception,Which mood does this image convey?,A,"The image shows two storks in a nest on top of a utility pole under a clear blue sky. The scene appears calm and serene, with no signs of distress or agitation. Therefore, the mood conveyed by this image is most likely:

C: Happy",C,hedged_answer,none,yes
188,bundle_8,Qwen/Qwen2.5-VL-7B-Instruct,hard_mismatch,coarse perception,Which mood does this image convey?,A,"The image conveys a mood of anger. The person's facial expression, with furrowed brows and an open mouth showing teeth, along with the clenched fist, suggests a state of anger or frustration. Therefore, the correct answer is:

D: Angry",D,confident_answer,none,yes
26,bundle_9,Qwen/Qwen2.5-VL-7B-Instruct,correct_image,coarse perception,What is the main focus of the image?,B,"The main focus of the image appears to be the woman's phone, as she is holding it up and seems to be taking a selfie or looking at it. Therefore, the correct answer is:

A: the woman's phone.",A,hedged_answer,none,yes
26,bundle_9,Qwen/Qwen2.5-VL-7B-Instruct,no_image,coarse perception,What is the main focus of the image?,B,"The image shows a woman with her hair styled in an updo, wearing a sweater, and holding a phone. The main focus appears to be on the woman herself, as she is centrally positioned and occupies a significant portion of the frame. The background scenery is not prominent and does not draw attention away from the woman. Therefore, the most likely main focus of the image is:

B: the woman's hairstyle.",B,hedged_answer,insufficient_or_unclear,yes
26,bundle_9,Qwen/Qwen2.5-VL-7B-Instruct,blank_image,coarse perception,What is the main focus of the image?,B,"The main focus of the image appears to be the woman's hairstyle, as it is prominently displayed and occupies a significant portion of the frame. Therefore, the correct answer is:

B: the woman's hairstyle",B,hedged_answer,none,yes
26,bundle_9,Qwen/Qwen2.5-VL-7B-Instruct,far_mismatch,coarse perception,What is the main focus of the image?,B,"The image provided does not contain any visual evidence of a woman or her clothing. Instead, it shows a graph with two different functions defined for different intervals of x. Therefore, there is no information in the image to determine the focus on the woman's phone, hairstyle, sweater, or background scenery. The correct answer cannot be determined from the given image.",ABSTAIN,explicit_abstention,mismatch_or_irrelevant,yes
26,bundle_9,Qwen/Qwen2.5-VL-7B-Instruct,hard_mismatch,coarse perception,What is the main focus of the image?,B,"The main focus of the image appears to be the woman in the center holding an umbrella and standing with two children on a red carpet. The background scenery, including the movie poster and other people, is also visible but not the primary focus. Therefore, the correct answer is:

D: the background scenery",D,confident_answer,mismatch_or_irrelevant,yes
413,bundle_10,Qwen/Qwen2.5-VL-7B-Instruct,correct_image,fine-grained perception,Who is this person?,D,"The image shows a person with long, wavy hair and a neutral expression. Based on the options provided:

A: Victoria Beckham - The style of the hair and the overall appearance do not match Victoria Beckham's known look.
B: Helen Mirren - The hairstyle and facial features do not align with Helen Mirren's typical appearance.
C: Kate Winslet - While the hair color and style could be similar, the facial features and overall look do not match Kate Winslet's known appearance.
D: Keira Knightley - The hairstyle, facial features, and overall appearance closely resemble those of Keira Knightley.

Therefore, the most",D,confident_answer,none,yes
413,bundle_10,Qwen/Qwen2.5-VL-7B-Instruct,no_image,fine-grained perception,Who is this person?,D,"The image provided does not contain any visual evidence to identify the person in question. Therefore, it is impossible to determine who the person is based on the given options.",ABSTAIN,explicit_abstention,insufficient_or_unclear,no
413,bundle_10,Qwen/Qwen2.5-VL-7B-Instruct,blank_image,fine-grained perception,Who is this person?,D,"The image provided does not contain any identifiable features or context that can be used to determine the identity of the person in the picture. Therefore, it is not possible to accurately identify the individual from the given options based solely on this image.",ABSTAIN,explicit_abstention,insufficient_or_unclear,yes
413,bundle_10,Qwen/Qwen2.5-VL-7B-Instruct,far_mismatch,fine-grained perception,Who is this person?,D,"The image shows a large mural of a bald man with a prominent nose and mustache on the side of a building. The options provided (Victoria Beckham, Helen Mirren, Kate Winslet, Keira Knightley) do not match the appearance of the person depicted in the mural. Therefore, based on the visual evidence, it is not possible to identify the person as any of the individuals listed in the options.",ABSTAIN,explicit_abstention,mismatch_or_irrelevant,yes
413,bundle_10,Qwen/Qwen2.5-VL-7B-Instruct,hard_mismatch,fine-grained perception,Who is this person?,D,"The image provided does not contain enough specific identifying features or context to accurately determine who the person in the picture is from the given options. The options provided (Victoria Beckham, Helen Mirren, Kate Winslet, and Keira Knightley) are all well-known individuals, but without additional information or a clearer view of distinctive features, it is not possible to identify the person with certainty based solely on this image.",ABSTAIN,explicit_abstention,insufficient_or_unclear,no
278,bundle_11,Qwen/Qwen2.5-VL-7B-Instruct,correct_image,fine-grained perception,What is the dominant color in this image?,B,"The dominant color in the image appears to be blue, as the person in the foreground is wearing a blue suit and there is also a blue background element. Therefore, the correct answer is:

C: Three

This is because blue is the most prominent color, but there are other colors present such as white (guitar) and black (background), making it three distinct colors.",C,confident_answer,none,yes
278,bundle_11,Qwen/Qwen2.5-VL-7B-Instruct,no_image,fine-grained perception,What is the dominant color in this image?,B,"The image provided does not contain any visual evidence for determining the dominant color. Therefore, it is impossible to answer the question based on the given information.",ABSTAIN,explicit_abstention,insufficient_or_unclear,no
278,bundle_11,Qwen/Qwen2.5-VL-7B-Instruct,blank_image,fine-grained perception,What is the dominant color in this image?,B,"The image consists of a white background with black text and a red circle. The dominant color in the image is white, which covers the majority of the space. Therefore, the correct answer is:

D: Two (white and black)",D,confident_answer,mismatch_or_irrelevant,yes
278,bundle_11,Qwen/Qwen2.5-VL-7B-Instruct,far_mismatch,fine-grained perception,What is the dominant color in this image?,B,"The dominant colors in the image are orange and white, with some yellow and black accents. Therefore, the correct answer is:

D: Two",D,confident_answer,mismatch_or_irrelevant,yes
278,bundle_11,Qwen/Qwen2.5-VL-7B-Instruct,hard_mismatch,fine-grained perception,What is the dominant color in this image?,B,"The image is in black and white, which means it does not have any dominant colors other than shades of gray. Therefore, the correct answer is:

D: Two",D,confident_answer,mismatch_or_irrelevant,yes
256,bundle_12,Qwen/Qwen2.5-VL-7B-Instruct,correct_image,fine-grained perception,Which scene category matches this image the best?,C,"The image shows a display of ski poles and other skiing equipment in what appears to be a retail store or a sports shop. The presence of shelves with products and the organized arrangement suggest that this is not a natural setting like a forest path (A), nor is it a museum or indoor scene (B). It also does not appear to be an alley (D) as it lacks the typical characteristics of an urban street. Therefore, the most fitting category for this image is:

C: storage_room",C,confident_answer,mismatch_or_irrelevant,yes
256,bundle_12,Qwen/Qwen2.5-VL-7B-Instruct,no_image,fine-grained perception,Which scene category matches this image the best?,C,"The image shows an indoor setting with shelves and what appears to be a display case or exhibit. This suggests that the most appropriate scene category for this image would be:

B: museum/indoor

The presence of shelving units and what looks like a display case is indicative of a museum or indoor environment rather than a forest path, storage room, or alley.",B,hedged_answer,none,yes
256,bundle_12,Qwen/Qwen2.5-VL-7B-Instruct,blank_image,fine-grained perception,Which scene category matches this image the best?,C,"The image shows a white background with no discernible objects or features that would indicate it belongs to any of the given scene categories (forest path, museum/indoor, storage room, or alley). Therefore, based on the available visual evidence, it is not possible to determine which scene category matches the image the best.",ABSTAIN,explicit_abstention,blank_or_empty,yes
256,bundle_12,Qwen/Qwen2.5-VL-7B-Instruct,far_mismatch,fine-grained perception,Which scene category matches this image the best?,C,"The image depicts a person in a blue uniform holding a tool and a toolbox, which suggests a work-related or service-providing context. There is no indication of a forest path, museum, indoor setting, or storage room in the image. Therefore, the most appropriate scene category for this image is not provided in the given options. The closest option would be D: alley, but it does not fit the context as well as the others do not fit at all.",D,hedged_answer,none,yes
256,bundle_12,Qwen/Qwen2.5-VL-7B-Instruct,hard_mismatch,fine-grained perception,Which scene category matches this image the best?,C,"The scene category that matches this image the best is:

B: museum/indoor

The image shows an indoor setting with furniture, decorative items, and a glass table, which is more indicative of a museum or an indoor space rather than a forest path, storage room, or alley.",B,confident_answer,none,yes
439,bundle_13,Qwen/Qwen2.5-VL-7B-Instruct,correct_image,fine-grained perception,How many guitars are being played in the image?,C,"The image shows two individuals playing guitars. Therefore, the correct answer is:

A: Two",A,confident_answer,none,yes
439,bundle_13,Qwen/Qwen2.5-VL-7B-Instruct,no_image,fine-grained perception,How many guitars are being played in the image?,C,"The image shows one person playing a guitar. Therefore, the correct answer is:

B: One",B,confident_answer,none,yes
439,bundle_13,Qwen/Qwen2.5-VL-7B-Instruct,blank_image,fine-grained perception,How many guitars are being played in the image?,C,"The image shows one person playing a guitar. Therefore, the correct answer is:

B: One",B,confident_answer,none,yes
439,bundle_13,Qwen/Qwen2.5-VL-7B-Instruct,far_mismatch,fine-grained perception,How many guitars are being played in the image?,C,"The image provided does not contain any guitars or musical instruments. It appears to be a diagram related to projectile motion, showing a launch point and a water pool. Therefore, it is not possible to determine how many guitars are being played based on this image. The correct answer cannot be determined from the given options.",ABSTAIN,explicit_abstention,mismatch_or_irrelevant,yes
439,bundle_13,Qwen/Qwen2.5-VL-7B-Instruct,hard_mismatch,fine-grained perception,How many guitars are being played in the image?,C,B: One,B,confident_answer,none,no
320,bundle_14,Qwen/Qwen2.5-VL-7B-Instruct,correct_image,fine-grained perception,Is the tree in front of the house with leaves or without leaves?,B,"D: Without leaves

The tree in front of the house appears to be without leaves, as its branches are bare and there is no green foliage visible on it.",D,hedged_answer,none,yes
320,bundle_14,Qwen/Qwen2.5-VL-7B-Instruct,no_image,fine-grained perception,Is the tree in front of the house with leaves or without leaves?,B,"The image shows a tree in front of a house with green leaves. Therefore, the correct answer based on the available visual evidence is:

A: With leaves",A,confident_answer,none,yes
320,bundle_14,Qwen/Qwen2.5-VL-7B-Instruct,blank_image,fine-grained perception,Is the tree in front of the house with leaves or without leaves?,B,"The image shows a tree in front of a house. The tree appears to have leaves, as there are visible green areas on the branches. Therefore, the correct answer is:

A: With leaves",A,confident_answer,none,yes
320,bundle_14,Qwen/Qwen2.5-VL-7B-Instruct,far_mismatch,fine-grained perception,Is the tree in front of the house with leaves or without leaves?,B,C: Can't infer from the given information.,C,explicit_abstention,insufficient_or_unclear,no
320,bundle_14,Qwen/Qwen2.5-VL-7B-Instruct,hard_mismatch,fine-grained perception,Is the tree in front of the house with leaves or without leaves?,B,C: Can't infer from the given information.,C,explicit_abstention,insufficient_or_unclear,no
312,bundle_15,Qwen/Qwen2.5-VL-7B-Instruct,correct_image,fine-grained perception,What is the color of the couch in the image?,B,"The color of the couch in the image is beige. Therefore, the correct answer is:

A: Beige",A,confident_answer,none,yes
312,bundle_15,Qwen/Qwen2.5-VL-7B-Instruct,no_image,fine-grained perception,What is the color of the couch in the image?,B,"The image shows a couch with a color that appears to be a light brown or tan shade. Based on the options provided:

A: Beige
B: Brown
C: Tan
D: Gray

The closest match from the given options would be C: Tan.",C,hedged_answer,none,yes
312,bundle_15,Qwen/Qwen2.5-VL-7B-Instruct,blank_image,fine-grained perception,What is the color of the couch in the image?,B,"The image shows a couch with a light brown color. Therefore, the correct answer is:

B: Brown",B,confident_answer,none,yes
312,bundle_15,Qwen/Qwen2.5-VL-7B-Instruct,far_mismatch,fine-grained perception,What is the color of the couch in the image?,B,"The image provided does not contain a couch or any object that could be described as a couch. The image shows what appears to be a white, net-like structure, possibly a marine organism, against a dark background. Therefore, it is not possible to determine the color of a couch from this image.",ABSTAIN,explicit_abstention,insufficient_or_unclear,yes
312,bundle_15,Qwen/Qwen2.5-VL-7B-Instruct,hard_mismatch,fine-grained perception,What is the color of the couch in the image?,B,"The color of the couch in the image is tan. Therefore, the correct answer is:

C: Tan",C,confident_answer,none,yes
307,bundle_16,Qwen/Qwen2.5-VL-7B-Instruct,correct_image,fine-grained perception,How many toys are present in the image?,D,"The image does not depict any physical toys. Instead, it appears to be a movie poster featuring animated characters from ""SpongeBob SquarePants."" Therefore, there are no toys present in the image.

The correct answer is: None of the above options apply as the image does not contain any toys.",ABSTAIN,confident_answer,none,yes
307,bundle_16,Qwen/Qwen2.5-VL-7B-Instruct,no_image,fine-grained perception,How many toys are present in the image?,D,"The image shows two distinct toys: a red and white toy car and a yellow and green toy airplane. Therefore, the correct answer is:

C: 2",C,confident_answer,none,yes
307,bundle_16,Qwen/Qwen2.5-VL-7B-Instruct,blank_image,fine-grained perception,How many toys are present in the image?,D,"The image shows two distinct objects that resemble toys. Therefore, the correct answer is:

C: 2",C,confident_answer,none,yes
307,bundle_16,Qwen/Qwen2.5-VL-7B-Instruct,far_mismatch,fine-grained perception,How many toys are present in the image?,D,"The image provided does not contain any toys. It appears to be a food web diagram showing various animals and plants. Therefore, the correct answer is:

A: 1 (since there are no toys present)",A,confident_answer,none,yes
307,bundle_16,Qwen/Qwen2.5-VL-7B-Instruct,hard_mismatch,fine-grained perception,How many toys are present in the image?,D,"The image shows three people standing around a child who appears to be holding a piece of paper or cloth over their head. There are no visible toys in the image. Therefore, the correct answer is:

A: 1",A,hedged_answer,none,yes
285,bundle_17,Qwen/Qwen2.5-VL-7B-Instruct,correct_image,fine-grained perception,Where is the seated person visible in the image?,C,"The seated person is visible in the background of the image, which appears to be outside the field. Therefore, the correct answer is:

C: Outside the field.",C,hedged_answer,none,yes
285,bundle_17,Qwen/Qwen2.5-VL-7B-Instruct,no_image,fine-grained perception,Where is the seated person visible in the image?,C,"The image shows a person sitting on a bench. Therefore, the correct answer is:

D: Behind the bench",D,confident_answer,mismatch_or_irrelevant,yes
285,bundle_17,Qwen/Qwen2.5-VL-7B-Instruct,blank_image,fine-grained perception,Where is the seated person visible in the image?,C,"The image shows a person sitting on a bench, which is located outside the field. Therefore, the correct answer is:

C: Outside the field",C,confident_answer,none,yes
285,bundle_17,Qwen/Qwen2.5-VL-7B-Instruct,far_mismatch,fine-grained perception,Where is the seated person visible in the image?,C,"The visual evidence in the image does not show any seated person. The image primarily features a bottle of wine and a glass on a table near a pool, with some blurred figures in the background that appear to be people but are not clearly defined as seated individuals. Therefore, it is not possible to determine where a seated person might be based on this image alone.",ABSTAIN,explicit_abstention,insufficient_or_unclear,yes
285,bundle_17,Qwen/Qwen2.5-VL-7B-Instruct,hard_mismatch,fine-grained perception,Where is the seated person visible in the image?,C,"The seated person is visible on the bench, which is located outside the field. Therefore, the correct answer is:

C: Outside the field",C,confident_answer,none,yes
438,bundle_18,Qwen/Qwen2.5-VL-7B-Instruct,correct_image,fine-grained perception,What is the position of the person playing an instrument in the image?,B,"The person playing an instrument appears to be standing on the left side of the stage. Therefore, the correct answer is:

A: Standing on the left side of the stage.",A,hedged_answer,none,yes
438,bundle_18,Qwen/Qwen2.5-VL-7B-Instruct,no_image,fine-grained perception,What is the position of the person playing an instrument in the image?,B,"The image shows a person playing an instrument, but there is no clear indication of their exact position relative to the stage or the options provided. The image does not show the full stage or provide enough context to determine if the person is standing on the left, right, center, or back of the stage. Therefore, based on the available visual evidence, it is not possible to accurately determine the position of the person playing the instrument.",ABSTAIN,explicit_abstention,insufficient_or_unclear,yes
438,bundle_18,Qwen/Qwen2.5-VL-7B-Instruct,blank_image,fine-grained perception,What is the position of the person playing an instrument in the image?,B,"The image shows a person playing an instrument, but there is no visible stage or background to determine their position relative to it. Therefore, based solely on the provided image, it is not possible to accurately determine the position of the person playing the instrument. The correct answer cannot be determined from the given options.",ABSTAIN,explicit_abstention,insufficient_or_unclear,yes
438,bundle_18,Qwen/Qwen2.5-VL-7B-Instruct,far_mismatch,fine-grained perception,What is the position of the person playing an instrument in the image?,B,"The image provided does not depict any person playing an instrument or a stage setting. The image shows a mural with several figures, but there is no indication of a stage or instruments being played. Therefore, it is not possible to determine the position of a person playing an instrument based on this image.",ABSTAIN,explicit_abstention,insufficient_or_unclear,yes
438,bundle_18,Qwen/Qwen2.5-VL-7B-Instruct,hard_mismatch,fine-grained perception,What is the position of the person playing an instrument in the image?,B,"The person playing an instrument is standing on the left side of the stage. Therefore, the correct answer is:

A: Standing on the left side of the stage.",A,confident_answer,none,yes
276,bundle_19,Qwen/Qwen2.5-VL-7B-Instruct,correct_image,fine-grained perception,What is the dominant color in this image?,B,"The dominant color in this image appears to be B: Brown. The lighting and shadows give the impression of a warm, earthy tone, which is characteristic of brown.",B,hedged_answer,none,yes
276,bundle_19,Qwen/Qwen2.5-VL-7B-Instruct,no_image,fine-grained perception,What is the dominant color in this image?,B,"The image provided does not contain any visual evidence for determining the dominant color. The instruction requires an analysis of the image, but no image has been attached or described. Therefore, it is impossible to determine the dominant color based on the given information.",ABSTAIN,explicit_abstention,missing,no
276,bundle_19,Qwen/Qwen2.5-VL-7B-Instruct,blank_image,fine-grained perception,What is the dominant color in this image?,B,"The dominant color in the image is white. Therefore, the correct answer is:

D: White",D,confident_answer,none,yes
276,bundle_19,Qwen/Qwen2.5-VL-7B-Instruct,far_mismatch,fine-grained perception,What is the dominant color in this image?,B,"The dominant color in the image is blue, which represents the water and sky. Therefore, none of the given options (A: Red, B: Brown, C: Black, D: White) accurately describe the dominant color in the image.",ABSTAIN,confident_answer,none,yes
276,bundle_19,Qwen/Qwen2.5-VL-7B-Instruct,hard_mismatch,fine-grained perception,What is the dominant color in this image?,B,"The image is presented in black and white, which means there are no colors other than shades of gray. Therefore, the dominant color in this image cannot be determined from the options provided. The correct answer is that the image does not have a dominant color as it is monochromatic.",ABSTAIN,confident_answer,none,yes
663,bundle_20,Qwen/Qwen2.5-VL-7B-Instruct,correct_image,instance reasoning,Compare the average kinetic energies of the particles in each sample. Which sample has the higher temperature?,B,"To compare the average kinetic energies of the particles in each sample, we can use the formula for the average kinetic energy of a gas particle:

\[ \text{KE}_{\text{avg}} = \frac{1}{2} m v^2 \]

where \( m \) is the mass of the particle and \( v \) is the average speed of the particle.

Given:
- Mass of each particle in both samples: 26 u
- Average particle speed in Sample A: 410 m/s
- Average particle speed in Sample B: 400 m/s

Let's calculate the average",UNSCORABLE,unscorable,none,no
663,bundle_20,Qwen/Qwen2.5-VL-7B-Instruct,no_image,instance reasoning,Compare the average kinetic energies of the particles in each sample. Which sample has the higher temperature?,B,"The image provided does not contain any visual evidence such as graphs, charts, or text that would allow for a comparison of the average kinetic energies of particles in different samples or indicate their temperatures. Therefore, it is not possible to determine which sample has the higher temperature based on the given information.

The correct answer is: D: nan (not applicable).",D,confident_answer,insufficient_or_unclear,yes
663,bundle_20,Qwen/Qwen2.5-VL-7B-Instruct,blank_image,instance reasoning,Compare the average kinetic energies of the particles in each sample. Which sample has the higher temperature?,B,"To compare the average kinetic energies of the particles in each sample and determine which sample has the higher temperature, we need to consider the relationship between temperature and kinetic energy.

The average kinetic energy of particles in a substance is directly proportional to the temperature of the substance. This means that if one sample has particles with higher average kinetic energy, it will have a higher temperature compared to another sample with particles having lower average kinetic energy.

From the image provided, we can see two samples labeled as Sample A and Sample B. However, there is no numerical data or graphical representation that provides information about the average kinetic energies of the particles in these samples. Without",ABSTAIN,explicit_abstention,insufficient_or_unclear,yes
663,bundle_20,Qwen/Qwen2.5-VL-7B-Instruct,far_mismatch,instance reasoning,Compare the average kinetic energies of the particles in each sample. Which sample has the higher temperature?,B,"The image provided shows two different types of particles: one appears to be a cluster of spherical objects (likely representing a sample with a higher average kinetic energy) and another consists of smaller, more dispersed spherical objects (likely representing a sample with a lower average kinetic energy).

Given that temperature is directly related to the average kinetic energy of particles, we can infer that the sample with the higher concentration of larger, more clustered particles likely has a higher temperature because these particles have more kinetic energy compared to the smaller, more dispersed particles in the other sample.

Therefore, the correct answer is:

C: sample B",C,confident_answer,none,yes
663,bundle_20,Qwen/Qwen2.5-VL-7B-Instruct,hard_mismatch,instance reasoning,Compare the average kinetic energies of the particles in each sample. Which sample has the higher temperature?,B,"To compare the average kinetic energies of the particles in each sample, we can use the formula for the average kinetic energy of a gas particle:

\[ \text{KE}_{\text{avg}} = \frac{1}{2} m v^2 \]

where \( m \) is the mass of the particle and \( v \) is the average speed of the particle.

For Sample A:
- Mass of each particle (\( m_A \)) = 28 u
- Average particle speed (\( v_A \)) = 1,600 m/s

\[ \text{KE}_{\text{avg",A,unscorable,none,no
528,bundle_21,Qwen/Qwen2.5-VL-7B-Instruct,correct_image,instance reasoning,The object shown in this figure:,B,"The image shows cylinders labeled ""一氧化氮"" which translates to ""nitrogen monoxide"" in Chinese. Nitrogen monoxide (NO) is a colorless gas with a slightly sweet odor and is indeed known as ""laughing gas."" It has a boiling point of approximately -163.7°C, not -88.5°C.

Given the options provided:

A: Is a colorless gas with a slightly sweet odor,
B: Is also known as laughing gas,
C: Has a boiling point of -88.5°C,

The correct answer based on the visual evidence and general knowledge is:

A",A,confident_answer,none,yes
528,bundle_21,Qwen/Qwen2.5-VL-7B-Instruct,no_image,instance reasoning,The object shown in this figure:,B,"The image provided does not contain any visual evidence to determine which option is correct regarding the properties of the object depicted. Therefore, based on the information given and the lack of visual context, the appropriate response is:

D: None of these options are correct.",D,hedged_answer,insufficient_or_unclear,no
528,bundle_21,Qwen/Qwen2.5-VL-7B-Instruct,blank_image,instance reasoning,The object shown in this figure:,B,"The image provided shows a chemical formula, which appears to be for nitrous oxide (N₂O). Nitrous oxide is commonly known as ""laughing gas"" and has a boiling point of approximately -88.5°C. It is indeed a colorless gas with a slightly sweet odor.

Given the options:

A: Is a colorless gas with a slightly sweet odor,
B: Is also known as laughing gas,
C: Has a boiling point of -88.5°C,

All of these statements are true about nitrous oxide. Therefore, the correct answer is:

B: Is also known as laughing gas.",B,hedged_answer,none,yes
528,bundle_21,Qwen/Qwen2.5-VL-7B-Instruct,far_mismatch,instance reasoning,The object shown in this figure:,B,"The image shows a statue of Saint George slaying a dragon. There is no indication in the image that relates to any of the options provided. Therefore, the correct answer is:

D: None of these options are correct.",D,confident_answer,mismatch_or_irrelevant,yes
528,bundle_21,Qwen/Qwen2.5-VL-7B-Instruct,hard_mismatch,instance reasoning,The object shown in this figure:,B,"The object shown in the figure is a bottle containing a liquid. The label on the bottle has Chinese characters which translate to ""Sulfuric Acid."" 

Given the options provided:

A: Is a colorless gas with a slightly sweet odor - This does not match the appearance of sulfuric acid, which is a liquid and not a gas.
B: Is also known as laughing gas - This is nitrous oxide, not sulfuric acid.
C: Has a boiling point of -88.5°C - Sulfuric acid has a boiling point of approximately 337.1°C, so this option is incorrect",D,confident_answer,none,yes
506,bundle_22,Qwen/Qwen2.5-VL-7B-Instruct,correct_image,instance reasoning,"Hint: Please answer the question and provide the correct option letter, e.g., A, B, C, D, at the end. Question: What is the age gap between these two people in image? (Unit: years)",C,"The provided options (A, B, C, D) do not relate to the question about the age gap between the two individuals in the image. The question asks for an age gap measurement, which cannot be determined from the emotional states described in the options. Therefore, there is no correct option among the given choices.",ABSTAIN,explicit_abstention,mismatch_or_irrelevant,no
506,bundle_22,Qwen/Qwen2.5-VL-7B-Instruct,no_image,instance reasoning,"Hint: Please answer the question and provide the correct option letter, e.g., A, B, C, D, at the end. Question: What is the age gap between these two people in image? (Unit: years)",C,"The provided options (A, B, C, D) do not relate to the question about the age gap between two people in an image. The options seem to be related to emotions rather than age differences. Since the question asks for the age gap in years and the given options do not pertain to this, it is not possible to determine the correct answer based on the provided information. Therefore, the answer cannot be determined from the given options.",ABSTAIN,explicit_abstention,mismatch_or_irrelevant,no
506,bundle_22,Qwen/Qwen2.5-VL-7B-Instruct,blank_image,instance reasoning,"Hint: Please answer the question and provide the correct option letter, e.g., A, B, C, D, at the end. Question: What is the age gap between these two people in image? (Unit: years)",C,"The image provided does not contain any individuals or any indication of their ages. Therefore, it is impossible to determine the age gap between them based on this image alone. The options given (A, B, C, D) do not pertain to the question asked about age gaps. 

Since there is no relevant information in the image to answer the question, the correct response is:

Insufficient information.",ABSTAIN,explicit_abstention,insufficient_or_unclear,yes
506,bundle_22,Qwen/Qwen2.5-VL-7B-Instruct,far_mismatch,instance reasoning,"Hint: Please answer the question and provide the correct option letter, e.g., A, B, C, D, at the end. Question: What is the age gap between these two people in image? (Unit: years)",C,"The image provided does not contain any information about ages or individuals. It is a bar chart from the Pew Research Center showing the percentage of cell owners who engaged in various activities during their most recent social gathering. Therefore, it is not possible to determine an age gap between any two people based on this image alone. The correct response is:

Insufficient information.",ABSTAIN,explicit_abstention,insufficient_or_unclear,yes
506,bundle_22,Qwen/Qwen2.5-VL-7B-Instruct,hard_mismatch,instance reasoning,"Hint: Please answer the question and provide the correct option letter, e.g., A, B, C, D, at the end. Question: What is the age gap between these two people in image? (Unit: years)",C,"The image shows two individuals engaged in a conversation. However, the question asks for the age gap between them, which cannot be determined from the image alone as there is no information provided about their ages. Therefore, the correct response is:

E: The age gap cannot be determined from the image.",ABSTAIN,explicit_abstention,insufficient_or_unclear,yes
689,bundle_23,Qwen/Qwen2.5-VL-7B-Instruct,correct_image,instance reasoning,What's the function of the demonstrated object?,D,"The demonstrated object in the image appears to be a set of chopsticks. Chopsticks are typically used for picking up food, especially in East Asian cuisine. Therefore, the correct answer based on the visual evidence is:

D: Pick-up",D,hedged_answer,none,yes
689,bundle_23,Qwen/Qwen2.5-VL-7B-Instruct,no_image,instance reasoning,What's the function of the demonstrated object?,D,"The image provided does not contain any visual evidence of an object that can be identified as a grill, filtration system, flavoring device, or a pick-up truck. Therefore, it is not possible to determine the function of the object based on the given options and the available visual evidence.",ABSTAIN,explicit_abstention,insufficient_or_unclear,yes
689,bundle_23,Qwen/Qwen2.5-VL-7B-Instruct,blank_image,instance reasoning,What's the function of the demonstrated object?,D,"The image shows a device with a cylindrical shape and a filter-like structure inside, which suggests it is designed for filtering or purifying substances. Therefore, the most likely function of the demonstrated object is:

B: filtration",B,hedged_answer,none,yes
689,bundle_23,Qwen/Qwen2.5-VL-7B-Instruct,far_mismatch,instance reasoning,What's the function of the demonstrated object?,D,"The image shows a soccer player jumping over a barrier, which appears to be a safety barrier used in sports events to separate the field from the spectators. The function of this object is not related to the options provided (grill, filtration, flavoring, or pick-up). Therefore, the correct answer cannot be determined from the given options.",ABSTAIN,explicit_abstention,mismatch_or_irrelevant,yes
689,bundle_23,Qwen/Qwen2.5-VL-7B-Instruct,hard_mismatch,instance reasoning,What's the function of the demonstrated object?,D,"The demonstrated object in the image is a kettle, which is used for boiling water. Therefore, the correct answer based on the visual evidence is:

B: filtration",B,confident_answer,mismatch_or_irrelevant,yes
570,bundle_24,Qwen/Qwen2.5-VL-7B-Instruct,correct_image,instance reasoning,What is the relative position of the ocean to the pier in the image?,B,The relative position of the ocean to the pier in the image is B: The ocean is behind the pier.,B,confident_answer,none,yes
570,bundle_24,Qwen/Qwen2.5-VL-7B-Instruct,no_image,instance reasoning,What is the relative position of the ocean to the pier in the image?,B,"The image shows a pier extending into the water, with the ocean visible beyond it. Therefore, the relative position of the ocean to the pier is:

B: The ocean is behind the pier.",B,confident_answer,none,yes
570,bundle_24,Qwen/Qwen2.5-VL-7B-Instruct,blank_image,instance reasoning,What is the relative position of the ocean to the pier in the image?,B,"The image shows a pier extending into the water, which is typically referred to as the ocean. Given this context and the visual evidence provided, the correct answer is:

A: The ocean is in front of the pier.",A,confident_answer,none,yes
570,bundle_24,Qwen/Qwen2.5-VL-7B-Instruct,far_mismatch,instance reasoning,What is the relative position of the ocean to the pier in the image?,B,"D: It is not specified

The image shows a deck with outdoor furniture and a view of a house, but there is no visible ocean or pier in the image. Therefore, it is not possible to determine the relative position of the ocean to the pier based on this image alone.",D,explicit_abstention,insufficient_or_unclear,yes
570,bundle_24,Qwen/Qwen2.5-VL-7B-Instruct,hard_mismatch,instance reasoning,What is the relative position of the ocean to the pier in the image?,B,"The image provided is a map and does not contain any information about a pier or its relative position to an ocean. Therefore, the correct answer based on the available visual evidence is:

D: It is not specified",D,confident_answer,missing,yes
562,bundle_25,Qwen/Qwen2.5-VL-7B-Instruct,correct_image,instance reasoning,What type of television is present in the room?,A,"The television in the room appears to be modern and wall-mounted, as it is positioned on the wall above the sofa and does not have the bulky appearance typical of older tube TVs. Therefore, the correct answer is:

A: Modern, wall-mounted",A,confident_answer,none,yes
562,bundle_25,Qwen/Qwen2.5-VL-7B-Instruct,no_image,instance reasoning,What type of television is present in the room?,A,"The image provided does not contain any visible evidence of a television or its type. Therefore, it is not possible to determine the type of television present in the room based on the given visual evidence.",ABSTAIN,explicit_abstention,insufficient_or_unclear,yes
562,bundle_25,Qwen/Qwen2.5-VL-7B-Instruct,blank_image,instance reasoning,What type of television is present in the room?,A,"The image shows a television with a design that appears to be from an earlier era, suggesting it is not modern or smart. The shape and size indicate it could be a tube TV, which was common before the advent of flat-screen TVs. Therefore, the most appropriate option based on the visual evidence is:

B: Old, tube TV",B,hedged_answer,none,yes
562,bundle_25,Qwen/Qwen2.5-VL-7B-Instruct,far_mismatch,instance reasoning,What type of television is present in the room?,A,"The image does not provide enough detail to determine the type of television present in the room. The focus is on three individuals shaking hands, and there is no clear view of any television or its design. Therefore, it is not possible to accurately identify the type of television based on this image alone.",ABSTAIN,explicit_abstention,insufficient_or_unclear,yes
562,bundle_25,Qwen/Qwen2.5-VL-7B-Instruct,hard_mismatch,instance reasoning,What type of television is present in the room?,A,"The television in the room appears to be an older model with a boxy shape and a visible antenna on top, which suggests it is an old, tube TV. Therefore, the correct answer is:

B: Old, tube TV",B,hedged_answer,none,yes
557,bundle_26,Qwen/Qwen2.5-VL-7B-Instruct,correct_image,instance reasoning,What's the function of the demonstrated object?,D,"The demonstrated object appears to be a label printer, as indicated by the presence of a printed label with barcodes and text. Therefore, the function of this object is most closely aligned with:

A: Write

This option suggests that the device is used for printing or writing labels, which is consistent with the visual evidence provided.",A,hedged_answer,none,yes
557,bundle_26,Qwen/Qwen2.5-VL-7B-Instruct,no_image,instance reasoning,What's the function of the demonstrated object?,D,"The image provided does not contain any visual evidence of an object or device that can be identified and its function determined from the options given (Write, Compute, Binding, Copy). Therefore, it is not possible to accurately answer the question based on the available information.",ABSTAIN,explicit_abstention,insufficient_or_unclear,yes
557,bundle_26,Qwen/Qwen2.5-VL-7B-Instruct,blank_image,instance reasoning,What's the function of the demonstrated object?,D,"The image shows a computer mouse, which is typically used for interacting with a computer by moving it on a surface and clicking buttons to perform tasks such as selecting items or navigating through menus. Therefore, the function of the demonstrated object (the computer mouse) is:

B: compute",B,confident_answer,none,yes
557,bundle_26,Qwen/Qwen2.5-VL-7B-Instruct,far_mismatch,instance reasoning,What's the function of the demonstrated object?,D,"The image shows two toy figures with square heads and simple facial expressions. There is no indication in the image that these objects are used for writing, computing, binding, or copying. The function of the demonstrated object cannot be determined from the visual evidence provided.",ABSTAIN,explicit_abstention,insufficient_or_unclear,yes
557,bundle_26,Qwen/Qwen2.5-VL-7B-Instruct,hard_mismatch,instance reasoning,What's the function of the demonstrated object?,D,"The object in the image appears to be a kite. Given the options provided and the context of the image, the function of a kite is not related to writing, computing, binding, or copying. Therefore, none of the given options (A, B, C, D) accurately describe the function of the kite shown in the image.",ABSTAIN,hedged_answer,none,yes
535,bundle_27,Qwen/Qwen2.5-VL-7B-Instruct,correct_image,instance reasoning,Think about the magnetic force between the magnets in each pair. Which of the following statements is true?,B,"To determine the correct answer, we need to consider the factors that affect the magnetic force between two magnets. The primary factors are:

1. The strength of the magnets.
2. The distance between the magnets.
3. The orientation of the magnets (whether they are attracting or repelling).

From the image:
- In Pair 1, the distance between the magnets is 1.25 inches.
- In Pair 2, the distance between the magnets is 0.75 inches.

The strength of the magnets and their orientation are not specified in the image, so we can assume they are the same for both pairs. Therefore",UNSCORABLE,unscorable,insufficient_or_unclear,yes
535,bundle_27,Qwen/Qwen2.5-VL-7B-Instruct,no_image,instance reasoning,Think about the magnetic force between the magnets in each pair. Which of the following statements is true?,B,"The image you provided does not contain any visual evidence of magnets or their interactions. Therefore, it is impossible to determine the correct answer based on the given options and the information available in the image. The correct response would be ""D: nan"" which stands for ""not applicable"" or ""no answer.""",D,explicit_abstention,insufficient_or_unclear,yes
535,bundle_27,Qwen/Qwen2.5-VL-7B-Instruct,blank_image,instance reasoning,Think about the magnetic force between the magnets in each pair. Which of the following statements is true?,B,"The image provided does not contain any visual evidence such as diagrams or text that would allow us to determine the relative strength of the magnetic forces between the magnets in the pairs. Therefore, based on the given visual evidence alone, it is not possible to determine which statement is true regarding the magnitude of the magnetic force between the magnets in each pair. 

Thus, the correct answer is:
D: nan (not applicable)",D,explicit_abstention,insufficient_or_unclear,yes
535,bundle_27,Qwen/Qwen2.5-VL-7B-Instruct,far_mismatch,instance reasoning,Think about the magnetic force between the magnets in each pair. Which of the following statements is true?,B,"The image provided is a map of the United States with states highlighted in green. It does not contain any information related to magnets or their magnetic forces. Therefore, there is insufficient visual evidence to determine the correct statement regarding the magnetic force between pairs of magnets.

The correct answer is: D: nan (Not Applicable/Not Available).",D,hedged_answer,mismatch_or_irrelevant,yes
535,bundle_27,Qwen/Qwen2.5-VL-7B-Instruct,hard_mismatch,instance reasoning,Think about the magnetic force between the magnets in each pair. Which of the following statements is true?,B,"The image provided does not contain any information about magnets or their magnetic forces. It shows two jars labeled Sample A and Sample B with particles of different masses but the same average speed. There is no data or context related to the magnetic forces between magnets. Therefore, it is not possible to determine which statement is true based on the given image alone. 

The correct answer cannot be determined from the image.",ABSTAIN,explicit_abstention,mismatch_or_irrelevant,yes
688,bundle_28,Qwen/Qwen2.5-VL-7B-Instruct,correct_image,instance reasoning,In what situations would the scene in the picture appear?,D,"The scene in the picture shows a piece of black material in a beaker with a thermometer inserted into it. The material appears to be a solid, possibly a metal or a mineral, and the beaker is labeled with volume measurements, which suggests a controlled experiment.

Given the options:
A: Putting a piece of iron into water would typically result in rusting, not a solid piece remaining in the water.
B: Putting a piece of plastic into water would likely cause the plastic to float or dissolve, not remain as a solid piece.
C: Sodium reacts vigorously with water, producing hydrogen gas and sodium hydroxide, which could cause",UNSCORABLE,unscorable,none,yes
688,bundle_28,Qwen/Qwen2.5-VL-7B-Instruct,no_image,instance reasoning,In what situations would the scene in the picture appear?,D,"The image provided does not contain any visual evidence to determine the situation depicted. Therefore, it is impossible to accurately answer the question based on the given options and the lack of visual context.",ABSTAIN,explicit_abstention,insufficient_or_unclear,no
688,bundle_28,Qwen/Qwen2.5-VL-7B-Instruct,blank_image,instance reasoning,In what situations would the scene in the picture appear?,D,"The image shows a reaction occurring between a metal and water, which is characteristic of the reaction between sodium (Na) and water. Sodium reacts vigorously with water, producing hydrogen gas and sodium hydroxide, which can be seen as a fizzing or bubbling effect. The other options do not involve a similar reaction:

- Option A (iron and water): Iron does not react significantly with water under normal conditions.
- Option B (plastic and water): Plastic is not a reactive substance and will not undergo a chemical reaction with water.
- Option D (sodium and kerosene): Sodium reacts with water but not with keros",C,confident_answer,none,yes
688,bundle_28,Qwen/Qwen2.5-VL-7B-Instruct,far_mismatch,instance reasoning,In what situations would the scene in the picture appear?,D,"The image provided does not depict any chemical reactions or substances being placed into water or kerosene. It shows a person sitting on a chair with their hand resting on their head. Therefore, there is no visual evidence to determine which of the given options (A, B, C, or D) would be applicable to the scene in the picture. The correct answer cannot be determined from the image alone.",ABSTAIN,explicit_abstention,insufficient_or_unclear,yes
688,bundle_28,Qwen/Qwen2.5-VL-7B-Instruct,hard_mismatch,instance reasoning,In what situations would the scene in the picture appear?,D,"The scene in the picture shows a flask containing a blue liquid with visible fumes or vapor rising from it. This suggests a chemical reaction is taking place.

- Option A: Putting a piece of iron into water typically results in rusting and does not produce visible fumes or vapor.
- Option B: Putting a piece of plastic into water does not produce any visible fumes or vapor.
- Option C: Sodium reacting with water produces hydrogen gas and sodium hydroxide, which can cause vigorous reactions and produce visible fumes or vapor.
- Option D: Sodium reacting with kerosene would also produce hydrogen gas but would not produce visible",C,hedged_answer,none,yes
526,bundle_29,Qwen/Qwen2.5-VL-7B-Instruct,correct_image,instance reasoning,"Hint: Please answer the question and provide the correct option letter, e.g., A, B, C, D, at the end. Question: What is the age gap between these two people in image? (Unit: years)",D,"The image shows two individuals shaking hands. Based on their physical appearance, it is not possible to accurately determine the exact age difference between them. The options provided (4, 5, 6, 7 years) are too specific and cannot be confirmed from the image alone. Therefore, the correct response is:

Insufficient information to determine the age gap.",ABSTAIN,explicit_abstention,insufficient_or_unclear,yes
526,bundle_29,Qwen/Qwen2.5-VL-7B-Instruct,no_image,instance reasoning,"Hint: Please answer the question and provide the correct option letter, e.g., A, B, C, D, at the end. Question: What is the age gap between these two people in image? (Unit: years)",D,"The image provided does not contain any individuals for comparison, thus it is impossible to determine an age gap between them. Therefore, there is insufficient visual evidence to answer the question.",ABSTAIN,explicit_abstention,insufficient_or_unclear,yes
526,bundle_29,Qwen/Qwen2.5-VL-7B-Instruct,blank_image,instance reasoning,"Hint: Please answer the question and provide the correct option letter, e.g., A, B, C, D, at the end. Question: What is the age gap between these two people in image? (Unit: years)",D,"The image shows two individuals, but there is no clear indication of their ages or any reference points for comparison. Therefore, it is not possible to determine the age gap between them based on the provided image alone.

Answer: The information is insufficient to determine the age gap.",ABSTAIN,explicit_abstention,insufficient_or_unclear,yes
526,bundle_29,Qwen/Qwen2.5-VL-7B-Instruct,far_mismatch,instance reasoning,"Hint: Please answer the question and provide the correct option letter, e.g., A, B, C, D, at the end. Question: What is the age gap between these two people in image? (Unit: years)",D,"The image provided does not contain any information about people or their ages. It shows two pairs of magnets with different distances between them, but there is no context or data related to human age. Therefore, it is not possible to determine the age gap between any two people based on this image alone.

Answer: The information provided is insufficient to determine the age gap between the two people.",ABSTAIN,explicit_abstention,mismatch_or_irrelevant,yes
526,bundle_29,Qwen/Qwen2.5-VL-7B-Instruct,hard_mismatch,instance reasoning,"Hint: Please answer the question and provide the correct option letter, e.g., A, B, C, D, at the end. Question: What is the age gap between these two people in image? (Unit: years)",D,"The image shows two individuals wearing military uniforms. However, the visual evidence does not provide enough detail to accurately determine their ages or the exact age gap between them. Therefore, it is not possible to determine the age gap with certainty based on this image alone.

Answer: The information provided is insufficient to determine the age gap between the two individuals in the image.",ABSTAIN,explicit_abstention,insufficient_or_unclear,yes
913,bundle_30,Qwen/Qwen2.5-VL-7B-Instruct,correct_image,logical reasoning,Which month is the wettest on average in Christchurch?,C,"The wettest month on average in Christchurch, as shown in the bar chart, is May. Therefore, the correct answer is:

C: May",C,confident_answer,none,yes
913,bundle_30,Qwen/Qwen2.5-VL-7B-Instruct,no_image,logical reasoning,Which month is the wettest on average in Christchurch?,C,"The image provided does not contain any information about the monthly rainfall in Christchurch or any other location. Therefore, it is not possible to determine which month is the wettest on average in Christchurch based solely on this image. The correct answer cannot be determined from the given visual evidence.",ABSTAIN,explicit_abstention,mismatch_or_irrelevant,yes
913,bundle_30,Qwen/Qwen2.5-VL-7B-Instruct,blank_image,logical reasoning,Which month is the wettest on average in Christchurch?,C,"The image provided does not contain any information about the monthly rainfall in Christchurch or any other location. Therefore, it is not possible to determine which month is the wettest on average in Christchurch based solely on this image. The correct answer cannot be determined from the given options and the image.",ABSTAIN,explicit_abstention,mismatch_or_irrelevant,yes
913,bundle_30,Qwen/Qwen2.5-VL-7B-Instruct,far_mismatch,logical reasoning,Which month is the wettest on average in Christchurch?,C,"The image provided does not contain any information about the weather or climate of Christchurch or any specific months' precipitation levels. Therefore, it is not possible to determine which month is the wettest on average in Christchurch based solely on this image. The correct answer cannot be determined from the given visual evidence.",ABSTAIN,explicit_abstention,insufficient_or_unclear,yes
913,bundle_30,Qwen/Qwen2.5-VL-7B-Instruct,hard_mismatch,logical reasoning,Which month is the wettest on average in Christchurch?,C,"The wettest month on average in Christchurch, as shown in the bar chart, is May. Therefore, the correct answer is:

C: May",C,confident_answer,none,yes
778,bundle_31,Qwen/Qwen2.5-VL-7B-Instruct,correct_image,logical reasoning,What python code is gonna generate the result as shown in the image?,A,"The correct Python code to generate the result as shown in the image is:

A: if 5 > 2: print(""Five is greater than two!"") print(""Five is greater than two!"")

This code checks if 5 is greater than 2 (which it is), and then prints ""Five is greater than two!"" once. The second line of the code is not part of the conditional statement but is an additional print statement outside the condition.",A,confident_answer,none,no
778,bundle_31,Qwen/Qwen2.5-VL-7B-Instruct,no_image,logical reasoning,What python code is gonna generate the result as shown in the image?,A,"The image shows a single line of text output: ""Five is greater than two!"" without any additional lines or comments. 

Given this information and the options provided:

- Option A includes an extra `print(""Five is greater than two!"")` after the first one, which would result in two lines of output.
- Option B also includes an extra `if 5 > 2:` statement with another `print(""Five is greater than two!"")`, resulting in multiple lines of output.
- Option C contains a comment and a single `print(""Hello, World!"")`, which does not match the output shown in the image.
- Option",D,unscorable,none,yes
778,bundle_31,Qwen/Qwen2.5-VL-7B-Instruct,blank_image,logical reasoning,What python code is gonna generate the result as shown in the image?,A,"The correct answer is:

D: if 5 > 2: print(""Five is greater than two!"")

This is because the image shows a single line of output ""Five is greater than two!"" which corresponds to the single `print` statement inside an `if` block where the condition `5 > 2` is true. The other options either have additional `print` statements or comments that do not match the output in the image.",D,confident_answer,none,yes
778,bundle_31,Qwen/Qwen2.5-VL-7B-Instruct,far_mismatch,logical reasoning,What python code is gonna generate the result as shown in the image?,A,"The image shows a cat with text overlaid that says ""[screams internally]"". This does not provide any direct information about Python code generation or the options provided. Therefore, based on the visual evidence alone, it is not possible to determine which Python code will generate the result as shown in the image.",ABSTAIN,explicit_abstention,insufficient_or_unclear,yes
778,bundle_31,Qwen/Qwen2.5-VL-7B-Instruct,hard_mismatch,logical reasoning,What python code is gonna generate the result as shown in the image?,A,"The provided image shows a sequence of numbers counting from 0 to 8 followed by ""Good bye!"". This output suggests that the code is likely a loop that increments a counter and prints it until it reaches 8, then prints ""Good bye!"".

Let's analyze the given options:

A: `if 5 > 2: print(""Five is greater than two!"") print(""Five is greater than two!"")`
- This code will always print ""Five is greater than two!"" because the condition `5 > 2` is true. It does not increment any count or loop.

B: `if 5 > 2",UNSCORABLE,unscorable,none,yes
756,bundle_32,Qwen/Qwen2.5-VL-7B-Instruct,correct_image,logical reasoning,Where is the woman holding her belly in the image?,B,C: With her left hand.,C,confident_answer,none,yes
756,bundle_32,Qwen/Qwen2.5-VL-7B-Instruct,no_image,logical reasoning,Where is the woman holding her belly in the image?,B,"The image shows a woman holding her belly with her right hand. Therefore, the correct answer is:

B: With her right hand.",B,confident_answer,none,yes
756,bundle_32,Qwen/Qwen2.5-VL-7B-Instruct,blank_image,logical reasoning,Where is the woman holding her belly in the image?,B,"The woman in the image is holding her belly with her right hand. Therefore, the correct answer is:

B: With her right hand.",B,confident_answer,none,yes
756,bundle_32,Qwen/Qwen2.5-VL-7B-Instruct,far_mismatch,logical reasoning,Where is the woman holding her belly in the image?,B,D: She's not holding her belly.,D,confident_answer,none,yes
756,bundle_32,Qwen/Qwen2.5-VL-7B-Instruct,hard_mismatch,logical reasoning,Where is the woman holding her belly in the image?,B,D: She's not holding her belly.,D,confident_answer,none,yes
939,bundle_33,Qwen/Qwen2.5-VL-7B-Instruct,correct_image,logical reasoning,What time of day is it at stage 1?,B,"The image shows the Earth and Moon in different positions relative to each other, indicating the phases of the Moon. At stage 1, the Moon is positioned on the right side of the Earth, and the Earth is shown with a shaded portion representing the night side. The label ""Noon"" is pointing towards the Moon at this stage. Therefore, the time of day at stage 1 is noon.

The correct answer is:
B: noon",B,confident_answer,none,yes
939,bundle_33,Qwen/Qwen2.5-VL-7B-Instruct,no_image,logical reasoning,What time of day is it at stage 1?,B,"The image provided does not contain any visual evidence such as a clock, sky, or other indicators that would allow us to determine the specific time of day at stage 1. Therefore, based on the available visual evidence, it is not possible to accurately determine what time of day it is at stage 1.",ABSTAIN,explicit_abstention,insufficient_or_unclear,yes
939,bundle_33,Qwen/Qwen2.5-VL-7B-Instruct,blank_image,logical reasoning,What time of day is it at stage 1?,B,"The image shows a bright sky with the sun partially visible on the horizon, which suggests it could be either sunrise or sunset. However, since the sun is not fully above the horizon and there is still some light in the sky, it is more likely to be sunrise rather than sunset. Therefore, the correct answer is:

D: sunrise",D,hedged_answer,insufficient_or_unclear,yes
939,bundle_33,Qwen/Qwen2.5-VL-7B-Instruct,far_mismatch,logical reasoning,What time of day is it at stage 1?,B,"The image provided is a map and does not contain any information about the time of day or the location of a specific stage. Therefore, it is not possible to determine what time of day it is at stage 1 based on this image alone. The correct answer cannot be determined from the given options.",ABSTAIN,explicit_abstention,insufficient_or_unclear,yes
939,bundle_33,Qwen/Qwen2.5-VL-7B-Instruct,hard_mismatch,logical reasoning,What time of day is it at stage 1?,B,"To determine the time of day at stage 1 in the given diagram, we need to analyze the position of the Earth and the Sun relative to each other.

- Stage 1 shows the Earth with its night side facing the Sun.
- The Sun is positioned above the Earth, indicating that it is daytime on the side facing the Sun and nighttime on the side facing away from the Sun.

Given this information:
- The side of the Earth facing the Sun is experiencing daylight.
- The side of the Earth facing away from the Sun is experiencing darkness.

Since the diagram does not specify whether it is morning or evening, we can infer that the",UNSCORABLE,unscorable,insufficient_or_unclear,yes
820,bundle_34,Qwen/Qwen2.5-VL-7B-Instruct,correct_image,logical reasoning,"Hint: Please answer the question and provide the correct option letter, e.g., A, B, C, D, at the end. Question: What is the difference between the highest and the lowest value of blue bar?",A,"To determine the difference between the highest and the lowest value of the blue bars in the chart:

1. Identify the highest value:
   - The highest value is for ""Did at least one of these activities below,"" which is 89%.

2. Identify the lowest value:
   - The lowest value is for ""Searched or browsed the web,"" which is 25%.

3. Calculate the difference:
   - Difference = Highest value - Lowest value
   - Difference = 89% - 25%
   - Difference = 64%

The difference between the highest and the lowest value of the blue",A,confident_answer,none,yes
820,bundle_34,Qwen/Qwen2.5-VL-7B-Instruct,no_image,logical reasoning,"Hint: Please answer the question and provide the correct option letter, e.g., A, B, C, D, at the end. Question: What is the difference between the highest and the lowest value of blue bar?",A,"The image you provided does not contain any visual evidence of bars or values related to the question asked. Therefore, it is impossible to determine the difference between the highest and the lowest value of a blue bar based on this image alone. 

Since there is no relevant information in the image, the correct response is:

Insufficient information",ABSTAIN,explicit_abstention,mismatch_or_irrelevant,yes
820,bundle_34,Qwen/Qwen2.5-VL-7B-Instruct,blank_image,logical reasoning,"Hint: Please answer the question and provide the correct option letter, e.g., A, B, C, D, at the end. Question: What is the difference between the highest and the lowest value of blue bar?",A,"To determine the difference between the highest and the lowest value of the blue bar in the image, we need to identify these values first.

1. Identify the highest value on the blue bar.
2. Identify the lowest value on the blue bar.
3. Subtract the lowest value from the highest value to find the difference.

From the image:
- The highest value on the blue bar appears to be around 66.
- The lowest value on the blue bar appears to be around 56.

Now, calculate the difference:
\[ 66 - 56 = 10 \]

However, since the options provided do not",UNSCORABLE,hedged_answer,none,yes
820,bundle_34,Qwen/Qwen2.5-VL-7B-Instruct,far_mismatch,logical reasoning,"Hint: Please answer the question and provide the correct option letter, e.g., A, B, C, D, at the end. Question: What is the difference between the highest and the lowest value of blue bar?",A,"The image provided does not contain any blue bars or numerical data that would allow for the calculation of the difference between the highest and the lowest values. Therefore, it is not possible to determine the correct answer based on the given visual evidence.

Answer: The information is insufficient to determine the correct option.",ABSTAIN,explicit_abstention,insufficient_or_unclear,yes
820,bundle_34,Qwen/Qwen2.5-VL-7B-Instruct,hard_mismatch,logical reasoning,"Hint: Please answer the question and provide the correct option letter, e.g., A, B, C, D, at the end. Question: What is the difference between the highest and the lowest value of blue bar?",A,"To determine the difference between the highest and the lowest value of the blue bar, we need to identify the values for each year:

- For 2013, the blue bar represents North America (and Caribbean), with a value of 590.
- For 2014, the blue bar also represents North America (and Caribbean), with a value of 601.
- For 2015, the blue bar again represents North America (and Caribbean), with a value of 622.

The highest value is 622 in 2015, and the lowest value",UNSCORABLE,confident_answer,none,yes
812,bundle_35,Qwen/Qwen2.5-VL-7B-Instruct,correct_image,logical reasoning,Is there a teddy bear in the image?,B,B: No,B,confident_answer,none,no
812,bundle_35,Qwen/Qwen2.5-VL-7B-Instruct,no_image,logical reasoning,Is there a teddy bear in the image?,B,A: Can't tell,A,explicit_abstention,insufficient_or_unclear,no
812,bundle_35,Qwen/Qwen2.5-VL-7B-Instruct,blank_image,logical reasoning,Is there a teddy bear in the image?,B,B: No,B,confident_answer,none,no
812,bundle_35,Qwen/Qwen2.5-VL-7B-Instruct,far_mismatch,logical reasoning,Is there a teddy bear in the image?,B,B: No,B,confident_answer,none,no
812,bundle_35,Qwen/Qwen2.5-VL-7B-Instruct,hard_mismatch,logical reasoning,Is there a teddy bear in the image?,B,C: Yes,C,confident_answer,none,no
807,bundle_36,Qwen/Qwen2.5-VL-7B-Instruct,correct_image,logical reasoning,"Hint: Please answer the question and provide the correct option letter, e.g., A, B, C, D, at the end. Question: How many people like the most preferred object in the whole chart?",D,"To determine how many people like the most preferred object in the whole chart, we need to compare the lengths of the bars for each category across all objects.

1. For ""junk"":
   - Stove: Approximately 3 people
   - Niece: Approximately 9 people

2. For ""horn"":
   - Stove: Approximately 7 people
   - Niece: Approximately 5 people

3. For ""meadow"":
   - Stove: Approximately 1 person
   - Niece: Approximately 5 people

The longest bar in the chart corresponds to ""junk"" under the ""niece",UNSCORABLE,hedged_answer,none,yes
807,bundle_36,Qwen/Qwen2.5-VL-7B-Instruct,no_image,logical reasoning,"Hint: Please answer the question and provide the correct option letter, e.g., A, B, C, D, at the end. Question: How many people like the most preferred object in the whole chart?",D,"The image provided does not contain any chart or data that can be used to determine how many people like the most preferred object in the whole chart. Therefore, there is insufficient visual evidence to answer the question accurately.",ABSTAIN,explicit_abstention,insufficient_or_unclear,yes
807,bundle_36,Qwen/Qwen2.5-VL-7B-Instruct,blank_image,logical reasoning,"Hint: Please answer the question and provide the correct option letter, e.g., A, B, C, D, at the end. Question: How many people like the most preferred object in the whole chart?",D,"The image provided does not contain any data or chart that can be analyzed to determine how many people like the most preferred object in the whole chart. Therefore, there is insufficient visual evidence to answer the question accurately. 

Answer: The information is not available in the image.",ABSTAIN,explicit_abstention,missing,yes
807,bundle_36,Qwen/Qwen2.5-VL-7B-Instruct,far_mismatch,logical reasoning,"Hint: Please answer the question and provide the correct option letter, e.g., A, B, C, D, at the end. Question: How many people like the most preferred object in the whole chart?",D,"The image provided does not contain any chart or data that can be used to determine how many people like the most preferred object in the whole chart. The image appears to be an abstract drawing with text and does not provide numerical data for analysis. Therefore, it is not possible to answer the question based on the given visual evidence.

Answer: The information is insufficient to determine the answer.",ABSTAIN,explicit_abstention,insufficient_or_unclear,yes
807,bundle_36,Qwen/Qwen2.5-VL-7B-Instruct,hard_mismatch,logical reasoning,"Hint: Please answer the question and provide the correct option letter, e.g., A, B, C, D, at the end. Question: How many people like the most preferred object in the whole chart?",D,"The image provided does not contain any chart or data that can be used to determine how many people like the most preferred object in the whole chart. Therefore, there is insufficient visual evidence to answer the question.

Answer: The answer cannot be determined from the given image.",ABSTAIN,explicit_abstention,insufficient_or_unclear,yes
785,bundle_37,Qwen/Qwen2.5-VL-7B-Instruct,correct_image,logical reasoning,Which Python code can generate the content of the image?,C,"The image shows the output of the `Counter` function with a dictionary as input. The correct option that would generate this output is:

C: from collections import Counter result = Counter({'a': 3, 'n': 2, 'b': 1}) print(result)",C,confident_answer,none,yes
785,bundle_37,Qwen/Qwen2.5-VL-7B-Instruct,no_image,logical reasoning,Which Python code can generate the content of the image?,C,"The provided image does not contain any text or data that would allow us to determine which of the given Python codes could have generated it. The image appears to be blank or contains no discernible information related to the options provided. Therefore, based on the available visual evidence, we cannot determine which Python code generated the content of the image.",ABSTAIN,explicit_abstention,blank_or_empty,yes
785,bundle_37,Qwen/Qwen2.5-VL-7B-Instruct,blank_image,logical reasoning,Which Python code can generate the content of the image?,C,"The image shows the word ""banana"". Therefore, the correct Python code to generate the content of the image is:

C: from collections import Counter result = Counter('banana') print(result)",C,confident_answer,none,yes
785,bundle_37,Qwen/Qwen2.5-VL-7B-Instruct,far_mismatch,logical reasoning,Which Python code can generate the content of the image?,C,"The image does not provide enough information to determine which Python code can generate its content. The image appears to be a diagram or a flowchart with letters and arrows, but it does not resemble any output from the given Python code options. Therefore, the correct answer cannot be determined based on the provided image and options.",ABSTAIN,explicit_abstention,insufficient_or_unclear,yes
785,bundle_37,Qwen/Qwen2.5-VL-7B-Instruct,hard_mismatch,logical reasoning,Which Python code can generate the content of the image?,C,"The content of the image shows the word ""banana"" repeated multiple times. Therefore, the correct Python code to generate this content would be:

C: from collections import Counter result = Counter('banana') print(result)",C,confident_answer,mismatch_or_irrelevant,yes
938,bundle_38,Qwen/Qwen2.5-VL-7B-Instruct,correct_image,logical reasoning,Is the man wearing a hat?,C,B: No,B,confident_answer,none,no
938,bundle_38,Qwen/Qwen2.5-VL-7B-Instruct,no_image,logical reasoning,Is the man wearing a hat?,C,"The image shows a man with short hair, and there is no visible hat or any other headwear. Therefore, based on the available visual evidence, the correct answer is:

B: No",B,confident_answer,none,yes
938,bundle_38,Qwen/Qwen2.5-VL-7B-Instruct,blank_image,logical reasoning,Is the man wearing a hat?,C,"The image shows a man with short hair, and there is no visible hat or any other object on his head. Therefore, the correct answer is:

B: No",B,confident_answer,none,yes
938,bundle_38,Qwen/Qwen2.5-VL-7B-Instruct,far_mismatch,logical reasoning,Is the man wearing a hat?,C,C: Can't be determined,C,explicit_abstention,insufficient_or_unclear,no
938,bundle_38,Qwen/Qwen2.5-VL-7B-Instruct,hard_mismatch,logical reasoning,Is the man wearing a hat?,C,C: Can't be determined,C,confident_answer,insufficient_or_unclear,no
776,bundle_39,Qwen/Qwen2.5-VL-7B-Instruct,correct_image,logical reasoning,"Hint: Please answer the question and provide the correct option letter, e.g., A, B, C, D, at the end. Question: What is the difference between the highest and the lowest dark blue bar?",A,"To determine the difference between the highest and the lowest dark blue bars, we need to identify the values for these bars across the years:

- For 2013, the dark blue bar (Asia Pacific) has a value of 263.
- For 2014, the dark blue bar (Asia Pacific) has a value of 288.
- For 2015, the dark blue bar (Asia Pacific) has a value of 317.

The highest value among these is 317 in 2015, and the lowest value is 263",UNSCORABLE,confident_answer,none,yes
776,bundle_39,Qwen/Qwen2.5-VL-7B-Instruct,no_image,logical reasoning,"Hint: Please answer the question and provide the correct option letter, e.g., A, B, C, D, at the end. Question: What is the difference between the highest and the lowest dark blue bar?",A,"To answer this question accurately, I would need to see the image you're referring to. The image should contain a set of bars with different shades of blue, where some are darker than others. The task is to identify the highest and lowest dark blue bars and calculate the difference in their values.

Since the image is not provided, it's impossible for me to determine the exact difference between the highest and lowest dark blue bars. Therefore, I cannot provide a specific answer from the given options.

If you can share the image or provide more details about the bars, I'd be happy to help further.",ABSTAIN,explicit_abstention,missing,no
776,bundle_39,Qwen/Qwen2.5-VL-7B-Instruct,blank_image,logical reasoning,"Hint: Please answer the question and provide the correct option letter, e.g., A, B, C, D, at the end. Question: What is the difference between the highest and the lowest dark blue bar?",A,"To determine the difference between the highest and the lowest dark blue bars in the image, we need to identify the values represented by these bars.

1. Identify the value of the highest dark blue bar.
2. Identify the value of the lowest dark blue bar.
3. Subtract the value of the lowest dark blue bar from the value of the highest dark blue bar.

From the image:
- The highest dark blue bar appears to be around 57.
- The lowest dark blue bar appears to be around 52.

Now, calculate the difference:
\[ 57 - 52 = 5 \]

The closest option to",UNSCORABLE,hedged_answer,none,yes
776,bundle_39,Qwen/Qwen2.5-VL-7B-Instruct,far_mismatch,logical reasoning,"Hint: Please answer the question and provide the correct option letter, e.g., A, B, C, D, at the end. Question: What is the difference between the highest and the lowest dark blue bar?",A,"The image provided does not contain any bars or numerical data that can be used to calculate the difference between the highest and the lowest dark blue bar. The image appears to be a diagram of a skull with labeled parts, but it lacks the necessary information to answer the question about the difference in height between two bars. Therefore, there is insufficient visual evidence to determine the correct answer.

Answer: Insufficient evidence to determine.",ABSTAIN,explicit_abstention,mismatch_or_irrelevant,yes
776,bundle_39,Qwen/Qwen2.5-VL-7B-Instruct,hard_mismatch,logical reasoning,"Hint: Please answer the question and provide the correct option letter, e.g., A, B, C, D, at the end. Question: What is the difference between the highest and the lowest dark blue bar?",A,"To determine the difference between the highest and the lowest dark blue bar, we need to identify the values of these bars from the chart:

1. Identify the highest dark blue bar:
   - The highest dark blue bar appears to be in the ""irony"" category, with a value of approximately 9.

2. Identify the lowest dark blue bar:
   - The lowest dark blue bar appears to be in the ""bombs"" category, with a value of approximately 2.

3. Calculate the difference:
   - Difference = Highest value - Lowest value
   - Difference = 9 - 2 = 7

The closest",UNSCORABLE,hedged_answer,none,yes
1163,bundle_40,Qwen/Qwen2.5-VL-7B-Instruct,correct_image,math,"Hint: Please answer the question and provide the correct option letter, e.g., A, B, C, D, at the end. Question: Find x. Assume that any segment that appears to be tangent is tangent.",C,"To solve for \( x \), we need to use the properties of angles in a circle and the given information about the angles.

The angle formed by a tangent and a chord is equal to half the measure of the intercepted arc. Here, the angle \( 3x^\circ \) is formed by the tangent and the chord, so it is half the measure of the intercepted arc, which is \( 4x + 50^\circ \).

So, we can set up the equation:
\[ 3x = \frac{1}{2} (4x + 50) \]

Now, let's solve",UNSCORABLE,confident_answer,none,yes
1163,bundle_40,Qwen/Qwen2.5-VL-7B-Instruct,no_image,math,"Hint: Please answer the question and provide the correct option letter, e.g., A, B, C, D, at the end. Question: Find x. Assume that any segment that appears to be tangent is tangent.",C,"The image provided does not contain enough information to determine the value of \(x\). There is no diagram or numerical data given that would allow us to solve for \(x\) based on the options provided. Therefore, the correct response is:

Insufficient information.",ABSTAIN,explicit_abstention,insufficient_or_unclear,yes
1163,bundle_40,Qwen/Qwen2.5-VL-7B-Instruct,blank_image,math,"Hint: Please answer the question and provide the correct option letter, e.g., A, B, C, D, at the end. Question: Find x. Assume that any segment that appears to be tangent is tangent.",C,"To solve for \( x \), we need to use the properties of tangents to circles. The key property here is that the lengths of the tangents drawn from an external point to a circle are equal.

However, the image provided does not show any specific geometric configuration or measurements that would allow us to directly calculate \( x \). There is no visible circle, tangent lines, or any numerical data that can be used to determine \( x \).

Since there is insufficient information in the image to solve for \( x \), the correct answer cannot be determined from the given options.

Answer: Insufficient information to determine \( x \).",ABSTAIN,explicit_abstention,insufficient_or_unclear,yes
1163,bundle_40,Qwen/Qwen2.5-VL-7B-Instruct,far_mismatch,math,"Hint: Please answer the question and provide the correct option letter, e.g., A, B, C, D, at the end. Question: Find x. Assume that any segment that appears to be tangent is tangent.",C,"The image provided does not contain any geometric shapes or segments that can be used to determine the value of \(x\) based on the hint given. The image appears to be an abstract painting with no clear indication of tangents or angles that could be measured to find \(x\).

Therefore, there is insufficient visual evidence to determine the value of \(x\). 

Answer: None of the options provided can be determined from the image.",ABSTAIN,explicit_abstention,insufficient_or_unclear,yes
1163,bundle_40,Qwen/Qwen2.5-VL-7B-Instruct,hard_mismatch,math,"Hint: Please answer the question and provide the correct option letter, e.g., A, B, C, D, at the end. Question: Find x. Assume that any segment that appears to be tangent is tangent.",C,"To solve for \( x \), we can use the Power of a Point theorem, which states that for a point outside a circle, the product of the lengths of the segments of one secant line is equal to the product of the lengths of the segments of the other secant line.

Given:
- One secant line has segments of length 15 and \( x \).
- The other secant line has segments of length 12 and 8.

According to the Power of a Point theorem:
\[ 15 \cdot x = 12 \cdot 8 \]

Solving for \( x \):
\[",UNSCORABLE,unscorable,none,no
1028,bundle_41,Qwen/Qwen2.5-VL-7B-Instruct,correct_image,math,"Hint: Please answer the question requiring an integer answer and provide the final value, e.g., 1, 2, 3, at the end. Question: What number is shown?",B,"To determine the number shown in the image, let's break it down:

1. The image shows 4 vertical bars, each representing 10 units.
2. Each bar contains 10 smaller cubes, so 4 bars represent \(4 \times 10 = 40\) units.
3. There are also 6 additional cubes outside the bars.

Adding these together:
- 40 units from the bars
- 6 additional cubes

So, the total number of units is \(40 + 6 = 46\).

However, since the options provided do not include 46, we",UNSCORABLE,hedged_answer,mismatch_or_irrelevant,yes
1028,bundle_41,Qwen/Qwen2.5-VL-7B-Instruct,no_image,math,"Hint: Please answer the question requiring an integer answer and provide the final value, e.g., 1, 2, 3, at the end. Question: What number is shown?",B,"The image shows the number 42. Therefore, the correct answer is:

(C) 42",C,confident_answer,none,yes
1028,bundle_41,Qwen/Qwen2.5-VL-7B-Instruct,blank_image,math,"Hint: Please answer the question requiring an integer answer and provide the final value, e.g., 1, 2, 3, at the end. Question: What number is shown?",B,"The image shows the number ""42"". Therefore, the correct answer is:

(C) 42",C,confident_answer,none,yes
1028,bundle_41,Qwen/Qwen2.5-VL-7B-Instruct,far_mismatch,math,"Hint: Please answer the question requiring an integer answer and provide the final value, e.g., 1, 2, 3, at the end. Question: What number is shown?",B,"The image provided does not contain any numerical values or text that could be interpreted as a number. Therefore, it is not possible to determine which of the given options (A, B, C, or D) is correct based on the visual evidence alone.

Final value: None",ABSTAIN,explicit_abstention,insufficient_or_unclear,yes
1028,bundle_41,Qwen/Qwen2.5-VL-7B-Instruct,hard_mismatch,math,"Hint: Please answer the question requiring an integer answer and provide the final value, e.g., 1, 2, 3, at the end. Question: What number is shown?",B,"To determine the number shown in the image, let's break it down step by step:

1. **Count the cubes**: There are 7 large cubes on the top row.
2. **Count the smaller cubes**: Below the large cubes, there are 10 smaller cubes.
3. **Count the individual cubes**: Below the smaller cubes, there are 4 individual cubes.

Adding these together:
- 7 large cubes = 7
- 10 smaller cubes = 10
- 4 individual cubes = 4

So, the total number of cubes is \(7 + 10 + 4 =",UNSCORABLE,unscorable,none,yes
1006,bundle_42,Qwen/Qwen2.5-VL-7B-Instruct,correct_image,math,"Hint: Please answer the question and provide the correct option letter, e.g., A, B, C, D, at the end. Question: Move the ruler to measure the length of the line to the nearest centimeter. The line is about (_) centimeters long.",D,"To measure the length of the line using the ruler:

1. Align the left end of the line with the 0 cm mark on the ruler.
2. Observe where the right end of the line falls on the ruler.
3. The right end of the line appears to be just past the 7 cm mark but not reaching the 8 cm mark.

Given this observation, the line is about 7 centimeters long.

The correct answer is: (D) 7",D,hedged_answer,none,yes
1006,bundle_42,Qwen/Qwen2.5-VL-7B-Instruct,no_image,math,"Hint: Please answer the question and provide the correct option letter, e.g., A, B, C, D, at the end. Question: Move the ruler to measure the length of the line to the nearest centimeter. The line is about (_) centimeters long.",D,"The image shows a line that appears to be approximately 5 centimeters long when measured with a ruler. Therefore, the correct answer is:

B",B,hedged_answer,none,yes
1006,bundle_42,Qwen/Qwen2.5-VL-7B-Instruct,blank_image,math,"Hint: Please answer the question and provide the correct option letter, e.g., A, B, C, D, at the end. Question: Move the ruler to measure the length of the line to the nearest centimeter. The line is about (_) centimeters long.",D,"To measure the length of the line using the ruler, we need to align the ruler with the line and read the measurement where the line ends. However, since the image does not provide a ruler or a clear indication of the line's length, it is impossible to accurately determine the length of the line based on the given information.

Therefore, the correct answer cannot be determined from the provided image.",ABSTAIN,explicit_abstention,insufficient_or_unclear,yes
1006,bundle_42,Qwen/Qwen2.5-VL-7B-Instruct,far_mismatch,math,"Hint: Please answer the question and provide the correct option letter, e.g., A, B, C, D, at the end. Question: Move the ruler to measure the length of the line to the nearest centimeter. The line is about (_) centimeters long.",D,"The image provided does not contain any visual evidence of a ruler or a line to measure. Therefore, it is not possible to determine the length of the line to the nearest centimeter based on this image alone. The correct answer cannot be determined from the given information.",ABSTAIN,explicit_abstention,insufficient_or_unclear,yes
1006,bundle_42,Qwen/Qwen2.5-VL-7B-Instruct,hard_mismatch,math,"Hint: Please answer the question and provide the correct option letter, e.g., A, B, C, D, at the end. Question: Move the ruler to measure the length of the line to the nearest centimeter. The line is about (_) centimeters long.",D,"To measure the length of the line using the ruler:

1. Align the zero mark of the ruler with one end of the line.
2. Observe where the other end of the line falls on the ruler.
3. The line appears to extend from the 0 cm mark to just past the 7 cm mark.

Given this observation, the line is about 7 centimeters long.

The correct answer is: D",D,confident_answer,none,yes
1189,bundle_43,Qwen/Qwen2.5-VL-7B-Instruct,correct_image,math,"Hint: Please answer the question and provide the correct option letter, e.g., A, B, C, D, at the end. Question: Move the ruler to measure the length of the slug to the nearest inch. The slug is about (_) inches long.",A,"To measure the length of the slug to the nearest inch using the ruler:

1. Align the left end of the slug with the 0-inch mark on the ruler.
2. Observe where the right end of the slug falls on the ruler.
3. The right end of the slug appears to be just past the 3-inch mark but not quite reaching the 4-inch mark.

Given this observation, the closest whole number to the length of the slug is 3 inches.

The correct answer is: (A) 3.",A,confident_answer,none,yes
1189,bundle_43,Qwen/Qwen2.5-VL-7B-Instruct,no_image,math,"Hint: Please answer the question and provide the correct option letter, e.g., A, B, C, D, at the end. Question: Move the ruler to measure the length of the slug to the nearest inch. The slug is about (_) inches long.",A,"The image shows a ruler with a slug placed on it. By observing the position of the slug relative to the ruler's markings, we can estimate its length. The slug appears to be positioned between the 2-inch and 3-inch marks on the ruler. Given this observation, the closest option to the length of the slug would be:

Answer: (D) 2",D,confident_answer,none,yes
1189,bundle_43,Qwen/Qwen2.5-VL-7B-Instruct,blank_image,math,"Hint: Please answer the question and provide the correct option letter, e.g., A, B, C, D, at the end. Question: Move the ruler to measure the length of the slug to the nearest inch. The slug is about (_) inches long.",A,"To answer this question, we need to look at the image provided and use the ruler to measure the length of the slug. However, since the image is not included in your question, I cannot perform the measurement directly. 

If you can provide the image or describe the position of the slug relative to the ruler, I can help you with the measurement. Without the actual image, it's impossible to determine the exact length of the slug and thus provide the correct answer from the given options.",ABSTAIN,explicit_abstention,missing,no
1189,bundle_43,Qwen/Qwen2.5-VL-7B-Instruct,far_mismatch,math,"Hint: Please answer the question and provide the correct option letter, e.g., A, B, C, D, at the end. Question: Move the ruler to measure the length of the slug to the nearest inch. The slug is about (_) inches long.",A,"The image provided does not contain any slugs or rulers for measurement. Therefore, it is impossible to determine the length of a slug in this image. The correct answer cannot be determined from the given visual evidence.",ABSTAIN,explicit_abstention,insufficient_or_unclear,yes
1189,bundle_43,Qwen/Qwen2.5-VL-7B-Instruct,hard_mismatch,math,"Hint: Please answer the question and provide the correct option letter, e.g., A, B, C, D, at the end. Question: Move the ruler to measure the length of the slug to the nearest inch. The slug is about (_) inches long.",A,"To measure the length of the nail to the nearest inch using the ruler:

1. Align the nail with the ruler so that the tip of the nail is at the 0-inch mark.
2. Observe where the other end of the nail falls on the ruler.
3. The nail appears to extend slightly past the 2-inch mark but does not reach the 3-inch mark.

Given these observations, the nail is closer to 2 inches than to 3 inches.

The correct answer is:
(D) 2",D,confident_answer,none,yes
1070,bundle_44,Qwen/Qwen2.5-VL-7B-Instruct,correct_image,math,"Hint: Please answer the question and provide the correct option letter, e.g., A, B, C, D, at the end. Question: In the figure above, l || m. Which of the following must equal 180?",B,"To solve this problem, we need to use the properties of parallel lines and the angles formed by a transversal.

Given:
- Lines \( \ell \) and \( m \) are parallel.
- The angles are labeled as \( k \), \( p \), \( s \), \( n \), and \( t \).

We need to identify which combination of these angles must sum up to 180 degrees.

1. **Identify Corresponding Angles**:
   - Since \( \ell \parallel m \), corresponding angles are equal. For example, if angle \( k \) is on line \( \",UNSCORABLE,unscorable,none,no
1070,bundle_44,Qwen/Qwen2.5-VL-7B-Instruct,no_image,math,"Hint: Please answer the question and provide the correct option letter, e.g., A, B, C, D, at the end. Question: In the figure above, l || m. Which of the following must equal 180?",B,"To solve this problem, we need to use the properties of parallel lines and the angles formed by a transversal. Given that \( l \parallel m \), we can apply the corresponding angles theorem and the supplementary angle property.

Let's analyze each option:

- **Option (A): k + n + r**
  - This sum includes angles that do not necessarily form a straight line or a specific relationship due to the lack of a transversal or a direct relationship between these angles.

- **Option (B): k + p + s**
  - These angles are not directly related in a way that their sum would be ",UNSCORABLE,unscorable,none,no
1070,bundle_44,Qwen/Qwen2.5-VL-7B-Instruct,blank_image,math,"Hint: Please answer the question and provide the correct option letter, e.g., A, B, C, D, at the end. Question: In the figure above, l || m. Which of the following must equal 180?",B,"To solve this problem, we need to use the properties of parallel lines and the angles formed by a transversal. Given that \( l \parallel m \), we can use the fact that corresponding angles, alternate interior angles, and same-side interior angles have specific relationships.

Let's analyze each option:

- **Option (A): k + n + r**
  - This sum includes angles that do not necessarily form a linear pair or any specific angle relationship due to the parallel lines.
  
- **Option (B): k + p + s**
  - This sum also includes angles that do not form a linear pair or any specific",UNSCORABLE,unscorable,none,no
1070,bundle_44,Qwen/Qwen2.5-VL-7B-Instruct,far_mismatch,math,"Hint: Please answer the question and provide the correct option letter, e.g., A, B, C, D, at the end. Question: In the figure above, l || m. Which of the following must equal 180?",B,"The image provided does not contain any lines or angles that can be used to determine the sum of angles related to parallel lines. Therefore, there is insufficient visual evidence to answer the question accurately based on the given options.

Answer: The information provided in the image is not sufficient to determine which of the given options must equal 180 degrees.",ABSTAIN,explicit_abstention,insufficient_or_unclear,yes
1070,bundle_44,Qwen/Qwen2.5-VL-7B-Instruct,hard_mismatch,math,"Hint: Please answer the question and provide the correct option letter, e.g., A, B, C, D, at the end. Question: In the figure above, l || m. Which of the following must equal 180?",B,"The image provided does not contain any lines labeled as 'l' or 'm', nor does it show any angles or lines that can be used to determine if they are parallel or to calculate the sum of angles. Therefore, there is insufficient information in the image to determine which of the given options must equal 180 degrees.

Answer: The information provided is insufficient to determine the correct answer.",ABSTAIN,explicit_abstention,insufficient_or_unclear,yes
1062,bundle_45,Qwen/Qwen2.5-VL-7B-Instruct,correct_image,math,"Hint: Please answer the question and provide the correct option letter, e.g., A, B, C, D, at the end. Question: Is the number of blue matte school bus greater than the number of large cyan metallic jets?",A,"To answer this question, let's break it down step by step:

1. Identify the blue matte school bus in the image.
   - There is one blue matte school bus visible in the foreground of the image.

2. Identify the large cyan metallic jets in the image.
   - There are no large cyan metallic jets visible in the image.

3. Compare the quantities:
   - The number of blue matte school buses is 1.
   - The number of large cyan metallic jets is 0.

4. Determine if the number of blue matte school buses is greater than the number of large cyan metallic jets.
   - Since 1",UNSCORABLE,confident_answer,none,yes
1062,bundle_45,Qwen/Qwen2.5-VL-7B-Instruct,no_image,math,"Hint: Please answer the question and provide the correct option letter, e.g., A, B, C, D, at the end. Question: Is the number of blue matte school bus greater than the number of large cyan metallic jets?",A,"The image provided does not contain any visual evidence of blue matte school buses or large cyan metallic jets. Therefore, it is impossible to determine if the number of blue matte school buses is greater than the number of large cyan metallic jets based on this image alone. The correct answer is:

(D) nan",D,hedged_answer,insufficient_or_unclear,yes
1062,bundle_45,Qwen/Qwen2.5-VL-7B-Instruct,blank_image,math,"Hint: Please answer the question and provide the correct option letter, e.g., A, B, C, D, at the end. Question: Is the number of blue matte school bus greater than the number of large cyan metallic jets?",A,"The image provided does not contain any visual evidence of blue matte school buses or large cyan metallic jets. Therefore, it is impossible to determine if the number of blue matte school buses is greater than the number of large cyan metallic jets based on this image alone.

Answer: (D) nan",D,explicit_abstention,insufficient_or_unclear,yes
1062,bundle_45,Qwen/Qwen2.5-VL-7B-Instruct,far_mismatch,math,"Hint: Please answer the question and provide the correct option letter, e.g., A, B, C, D, at the end. Question: Is the number of blue matte school bus greater than the number of large cyan metallic jets?",A,"The image provided does not contain any information about blue matte school buses or large cyan metallic jets. Therefore, it is not possible to compare their quantities based on this image alone. The correct answer is:

(D) nan",D,hedged_answer,insufficient_or_unclear,yes
1062,bundle_45,Qwen/Qwen2.5-VL-7B-Instruct,hard_mismatch,math,"Hint: Please answer the question and provide the correct option letter, e.g., A, B, C, D, at the end. Question: Is the number of blue matte school bus greater than the number of large cyan metallic jets?",A,"To answer this question, let's break down the elements in the image:

1. **Blue matte school bus**: There is one blue bus in the image, but it appears to be a regular bus, not a school bus.
2. **Large cyan metallic jets**: There are no large cyan metallic jets visible in the image.

Given these observations:
- The number of blue matte school buses is 0.
- The number of large cyan metallic jets is 0.

Since both quantities are equal (0), the statement ""Is the number of blue matte school bus greater than the number of large cyan metallic jets?"" is false.

Therefore,",B,confident_answer,none,yes
1057,bundle_46,Qwen/Qwen2.5-VL-7B-Instruct,correct_image,math,"Kimpel Products makes pizza ovens for commercial use. James Kimpel, CEO, is contemplating producing smaller ovens for use in high school and college kitchens. The activities necessary to build an experimental model and related data are given in the following table: <image 1> What is the project completion date?",A,"The image provided does not contain any information about slacks or the project completion date. It appears to be a table of activity durations and costs, but it does not include the network diagram or the critical path needed to determine the project completion date. Therefore, based on the information given in the image, it is not possible to determine the project completion date or the slacks.",ABSTAIN,explicit_abstention,missing,yes
1057,bundle_46,Qwen/Qwen2.5-VL-7B-Instruct,no_image,math,"Kimpel Products makes pizza ovens for commercial use. James Kimpel, CEO, is contemplating producing smaller ovens for use in high school and college kitchens. The activities necessary to build an experimental model and related data are given in the following table: <image 1> What is the project completion date?",A,"The image you provided does not contain any visual evidence of a table or any other information that would allow us to determine the project completion date based on the given options. Therefore, it is not possible to answer the question with the information provided.",ABSTAIN,explicit_abstention,missing,yes
1057,bundle_46,Qwen/Qwen2.5-VL-7B-Instruct,blank_image,math,"Kimpel Products makes pizza ovens for commercial use. James Kimpel, CEO, is contemplating producing smaller ovens for use in high school and college kitchens. The activities necessary to build an experimental model and related data are given in the following table: <image 1> What is the project completion date?",A,"To determine the project completion date, we need to calculate the total slack time for each activity in the project. Slack time is the amount of time an activity can be delayed without delaying the project's completion date.

The table provided shows the durations of activities (in days) and their immediate predecessors. We need to calculate the earliest start time (EST), earliest finish time (EFT), latest start time (LST), and latest finish time (LFT) for each activity. The project completion date will be the LFT of the last activity.

However, since the image does not provide the table with the durations or the immediate predecessors,",ABSTAIN,explicit_abstention,missing,yes
1057,bundle_46,Qwen/Qwen2.5-VL-7B-Instruct,far_mismatch,math,"Kimpel Products makes pizza ovens for commercial use. James Kimpel, CEO, is contemplating producing smaller ovens for use in high school and college kitchens. The activities necessary to build an experimental model and related data are given in the following table: <image 1> What is the project completion date?",A,"The image provided does not contain any information about the project completion date or the activities necessary to build an experimental model of a pizza oven. Therefore, it is not possible to determine the correct option based on the given visual evidence.",ABSTAIN,explicit_abstention,insufficient_or_unclear,yes
1057,bundle_46,Qwen/Qwen2.5-VL-7B-Instruct,hard_mismatch,math,"Kimpel Products makes pizza ovens for commercial use. James Kimpel, CEO, is contemplating producing smaller ovens for use in high school and college kitchens. The activities necessary to build an experimental model and related data are given in the following table: <image 1> What is the project completion date?",A,"The image you provided does not contain any information about the project completion date or slacks for the activities listed. It appears to be a balance sheet for TD, which is unrelated to the question about Kimpel Products' pizza oven production project. Therefore, there is insufficient visual evidence to determine the project completion date or the slacks from the given options.",ABSTAIN,explicit_abstention,mismatch_or_irrelevant,yes
1035,bundle_47,Qwen/Qwen2.5-VL-7B-Instruct,correct_image,math,"Hint: Please answer the question and provide the correct option letter, e.g., A, B, C, D, at the end. Question: As shown in the figure, in Rt△ABC, ∠BAC = 90.0, AD ⊥ BC at D, DE ⊥ AB at E, AD = 3.0, DE = 2.0, then the length of CD is ()",D,"To solve this problem, we need to use the properties of similar triangles and the given lengths.

Given:
- \( \triangle ABC \) is a right triangle with \( \angle BAC = 90^\circ \).
- \( AD \perp BC \) at \( D \), so \( \triangle ABD \) and \( \triangle ADC \) are also right triangles.
- \( AD = 3.0 \)
- \( DE \perp AB \) at \( E \), so \( \triangle ADE \) is a right triangle.
- \( DE = 2.0 \)

Since",D,unscorable,none,no
1035,bundle_47,Qwen/Qwen2.5-VL-7B-Instruct,no_image,math,"Hint: Please answer the question and provide the correct option letter, e.g., A, B, C, D, at the end. Question: As shown in the figure, in Rt△ABC, ∠BAC = 90.0, AD ⊥ BC at D, DE ⊥ AB at E, AD = 3.0, DE = 2.0, then the length of CD is ()",D,"To solve this problem, we need to use the properties of right triangles and the given information about the lengths of the segments.

Given:
- \( \triangle ABC \) is a right triangle with \( \angle BAC = 90^\circ \).
- \( AD \perp BC \) at point \( D \), so \( AD \) is the altitude from \( A \) to \( BC \).
- \( DE \perp AB \) at point \( E \), so \( DE \) is the altitude from \( D \) to \( AB \).
- \( AD = 3.0 \)
",UNSCORABLE,unscorable,none,no
1035,bundle_47,Qwen/Qwen2.5-VL-7B-Instruct,blank_image,math,"Hint: Please answer the question and provide the correct option letter, e.g., A, B, C, D, at the end. Question: As shown in the figure, in Rt△ABC, ∠BAC = 90.0, AD ⊥ BC at D, DE ⊥ AB at E, AD = 3.0, DE = 2.0, then the length of CD is ()",D,"To solve this problem, we need to use the properties of right triangles and the given information about the lengths of the segments.

Given:
- \( \angle BAC = 90^\circ \)
- \( AD \perp BC \) at \( D \)
- \( DE \perp AB \) at \( E \)
- \( AD = 3.0 \)
- \( DE = 2.0 \)

We need to find the length of \( CD \).

Since \( AD \perp BC \), \( AD \) is the altitude from \( A \) to \( BC \). Similarly,",UNSCORABLE,unscorable,none,no
1035,bundle_47,Qwen/Qwen2.5-VL-7B-Instruct,far_mismatch,math,"Hint: Please answer the question and provide the correct option letter, e.g., A, B, C, D, at the end. Question: As shown in the figure, in Rt△ABC, ∠BAC = 90.0, AD ⊥ BC at D, DE ⊥ AB at E, AD = 3.0, DE = 2.0, then the length of CD is ()",D,"The image provided does not contain any geometric figures or information related to the problem described in the question. Therefore, it is impossible to determine the length of CD based on the given image alone. The correct approach would be to use the geometric properties and the given lengths to solve for CD, but since the image does not provide this information, we cannot select an answer from the options provided.

Answer: Insufficient information to determine the length of CD.",ABSTAIN,explicit_abstention,mismatch_or_irrelevant,yes
1035,bundle_47,Qwen/Qwen2.5-VL-7B-Instruct,hard_mismatch,math,"Hint: Please answer the question and provide the correct option letter, e.g., A, B, C, D, at the end. Question: As shown in the figure, in Rt△ABC, ∠BAC = 90.0, AD ⊥ BC at D, DE ⊥ AB at E, AD = 3.0, DE = 2.0, then the length of CD is ()",D,"To solve this problem, we need to use the properties of similar triangles and the given information about the lengths of the segments.

Given:
- \( \triangle ABC \) is a right triangle with \( \angle BAC = 90^\circ \).
- \( AD \perp BC \) at \( D \), so \( \triangle ACD \sim \triangle ABC \) by AA similarity.
- \( DE \perp AB \) at \( E \), so \( \triangle ADE \sim \triangle ABC \) by AA similarity.
- \( AD = 3.0 \)
- \( DE =",D,unscorable,blank_or_empty,no
1188,bundle_48,Qwen/Qwen2.5-VL-7B-Instruct,correct_image,math,"Hint: Please answer the question and provide the correct option letter, e.g., A, B, C, D, at the end. Question: What is the minimum age group shown in the ‘plots’?",C,,UNSCORABLE,unscorable,blank_or_empty,no
1188,bundle_48,Qwen/Qwen2.5-VL-7B-Instruct,no_image,math,"Hint: Please answer the question and provide the correct option letter, e.g., A, B, C, D, at the end. Question: What is the minimum age group shown in the ‘plots’?",C,"The image provided does not contain any visual evidence of plots or age groups. Therefore, it is impossible to determine the minimum age group shown in the 'plots' based on the given information. 

Answer: Insufficient evidence to determine.",ABSTAIN,explicit_abstention,insufficient_or_unclear,yes
1188,bundle_48,Qwen/Qwen2.5-VL-7B-Instruct,blank_image,math,"Hint: Please answer the question and provide the correct option letter, e.g., A, B, C, D, at the end. Question: What is the minimum age group shown in the ‘plots’?",C,"The image provided does not contain any visual evidence of plots or age groups. Therefore, it is impossible to determine the minimum age group shown in the 'plots' based on this image alone. The correct answer cannot be determined from the given information.",ABSTAIN,explicit_abstention,missing,yes
1188,bundle_48,Qwen/Qwen2.5-VL-7B-Instruct,far_mismatch,math,"Hint: Please answer the question and provide the correct option letter, e.g., A, B, C, D, at the end. Question: What is the minimum age group shown in the ‘plots’?",C,"The image provided does not contain any information related to 'plots' or age groups. It shows a 3D rendering of geometric shapes with different materials and colors, but there is no data or context that relates to the question about age groups. Therefore, it is not possible to determine the minimum age group from this image alone.

Answer: The image does not provide enough information to answer the question.",ABSTAIN,explicit_abstention,mismatch_or_irrelevant,yes
1188,bundle_48,Qwen/Qwen2.5-VL-7B-Instruct,hard_mismatch,math,"Hint: Please answer the question and provide the correct option letter, e.g., A, B, C, D, at the end. Question: What is the minimum age group shown in the ‘plots’?",C,"The image provided is a line graph showing per capita real GDP in chained 2012 U.S. dollars over time from the year 2000 to 2019. It does not contain any information about age groups or plots. Therefore, it is not possible to determine the minimum age group shown in the 'plots' based on this image alone.

Answer: The information required to answer the question is not present in the image.",ABSTAIN,explicit_abstention,mismatch_or_irrelevant,yes
1026,bundle_49,Qwen/Qwen2.5-VL-7B-Instruct,correct_image,math,"Hint: Please answer the question and provide the correct option letter, e.g., A, B, C, D, at the end. Question: What is the radius of this circle?",D,"To determine the radius of the circle in the image, we need to look at the distance from the center of the circle to any point on its edge. The center of the circle appears to be at the origin (0,0) of the coordinate system.

The circle extends to the points (5,0), (-5,0), (0,5), and (0,-5). The radius is the distance from the center (0,0) to any of these points. For example, the distance from (0,0) to (5,0) is 5 units.

Therefore, the radius of the circle is",D,hedged_answer,none,yes
1026,bundle_49,Qwen/Qwen2.5-VL-7B-Instruct,no_image,math,"Hint: Please answer the question and provide the correct option letter, e.g., A, B, C, D, at the end. Question: What is the radius of this circle?",D,"The image provided does not contain any visual evidence of a circle or its radius. Therefore, it is impossible to determine the radius of the circle from the given information. The correct answer cannot be determined based on the available visual evidence.",ABSTAIN,explicit_abstention,insufficient_or_unclear,yes
1026,bundle_49,Qwen/Qwen2.5-VL-7B-Instruct,blank_image,math,"Hint: Please answer the question and provide the correct option letter, e.g., A, B, C, D, at the end. Question: What is the radius of this circle?",D,"To determine the radius of the circle in the image, we need to look for any given measurements or use geometric properties if provided. However, the image does not contain any numerical values or additional information that would allow us to calculate the radius directly from the visual evidence alone.

Since there is no explicit measurement or formula applied in the image, it is not possible to accurately determine the radius of the circle based solely on the provided visual evidence.

Therefore, the correct answer cannot be determined from the image alone.",ABSTAIN,explicit_abstention,insufficient_or_unclear,yes
1026,bundle_49,Qwen/Qwen2.5-VL-7B-Instruct,far_mismatch,math,"Hint: Please answer the question and provide the correct option letter, e.g., A, B, C, D, at the end. Question: What is the radius of this circle?",D,"The image provided does not contain any information about a circle or its radius. The image shows a live music performance with musicians playing instruments on stage. There is no visual evidence in the image to determine the radius of a circle. Therefore, it is not possible to answer the question based on the given image.

Answer: None of the options provided can be determined from the image.",ABSTAIN,explicit_abstention,mismatch_or_irrelevant,yes
1026,bundle_49,Qwen/Qwen2.5-VL-7B-Instruct,hard_mismatch,math,"Hint: Please answer the question and provide the correct option letter, e.g., A, B, C, D, at the end. Question: What is the radius of this circle?",D,"To determine the radius of the circle in the given figure, we need to analyze the geometric properties and relationships within the circle.

1. **Identify Key Elements**: The figure shows a circle with center \( O \), a point \( D \) on the circumference, and a tangent line \( DC \) at point \( D \). The line segment \( OD \) is perpendicular to the tangent line \( DC \).

2. **Understand the Properties**:
   - Since \( DC \) is a tangent to the circle at \( D \), \( OD \) is the radius of the circle.
   - The length of",UNSCORABLE,unscorable,none,yes
1413,bundle_50,Qwen/Qwen2.5-VL-7B-Instruct,correct_image,science & technology,"Which part is a fibrous, membranous, or fatty sheath that encloses an organ or part, such as the sac surrounding the kidney or the fibrous tissues that surround a joint?",D,"The image provided does not contain labels for parts of the human body or organs like kidneys or joints. It appears to be a diagram of a bacterium with labeled parts. Therefore, it is not possible to determine which part corresponds to the description given in the question based on this image alone. The options provided do not match any part in the image.",ABSTAIN,explicit_abstention,mismatch_or_irrelevant,yes
1413,bundle_50,Qwen/Qwen2.5-VL-7B-Instruct,no_image,science & technology,"Which part is a fibrous, membranous, or fatty sheath that encloses an organ or part, such as the sac surrounding the kidney or the fibrous tissues that surround a joint?",D,"The image provided does not contain any visual evidence of organs, joints, or sheaths. Therefore, it is impossible to determine which part corresponds to a fibrous, membranous, or fatty sheath based on this image alone. The options given (A, B, C, D) do not provide enough context or information to identify the correct part.",ABSTAIN,explicit_abstention,insufficient_or_unclear,yes
1413,bundle_50,Qwen/Qwen2.5-VL-7B-Instruct,blank_image,science & technology,"Which part is a fibrous, membranous, or fatty sheath that encloses an organ or part, such as the sac surrounding the kidney or the fibrous tissues that surround a joint?",D,"The image provided does not contain any labels or text that correspond to the options given in the question. Therefore, it is impossible to determine which part corresponds to the description of a fibrous, membranous, or fatty sheath based on this image alone. The question cannot be answered with the information provided.",ABSTAIN,explicit_abstention,insufficient_or_unclear,yes
1413,bundle_50,Qwen/Qwen2.5-VL-7B-Instruct,far_mismatch,science & technology,"Which part is a fibrous, membranous, or fatty sheath that encloses an organ or part, such as the sac surrounding the kidney or the fibrous tissues that surround a joint?",D,"The image provided appears to be a cross-sectional CT scan of the abdomen and pelvis. The structures visible include the kidneys, liver, and other abdominal organs. However, the image does not provide enough detail to identify specific anatomical structures like a fibrous, membranous, or fatty sheath that encloses an organ or part.

Given the options provided (A: B, B: H, C: G, D: J), it is not possible to determine which part corresponds to the description in the question based solely on this image. Therefore, the correct answer cannot be determined from the given visual evidence.",ABSTAIN,explicit_abstention,insufficient_or_unclear,yes
1413,bundle_50,Qwen/Qwen2.5-VL-7B-Instruct,hard_mismatch,science & technology,"Which part is a fibrous, membranous, or fatty sheath that encloses an organ or part, such as the sac surrounding the kidney or the fibrous tissues that surround a joint?",D,"The image provided does not contain labels ""H,"" ""G,"" or ""J."" The options given do not match any of the labeled parts in the image. Therefore, based on the available visual evidence, it is not possible to determine which part corresponds to the description provided in the question.",ABSTAIN,explicit_abstention,mismatch_or_irrelevant,yes
1278,bundle_51,Qwen/Qwen2.5-VL-7B-Instruct,correct_image,science & technology,Assume for the common-emitter circuit shown in  <image 1> we have the  following numerical values for a germanium transistor. $V_{BB}$ = + 15V   $V_{CC}$ = + 15V   $V_{BE}$ = 0.3V  $R_C$ = 4k$\Omega$        $R_E$ = 600$\Omega$      $\beta $ = 60. What value of RB is required to set VCE to 8 V?,A,"To solve for the required value of \( R_B \) in the given common-emitter circuit, we need to use the relationship between the base current (\( I_B \)), collector current (\( I_C \)), and the beta (\( \beta \)) of the transistor. Additionally, we need to ensure that the voltage across the collector resistor (\( R_C \)) results in the desired \( V_{CE} \).

Given:
- \( V_{BB} = +15V \)
- \( V_{CC} = +15V \)
- \( V_{BE} = 0.3V \",UNSCORABLE,unscorable,none,no
1278,bundle_51,Qwen/Qwen2.5-VL-7B-Instruct,no_image,science & technology,Assume for the common-emitter circuit shown in  <image 1> we have the  following numerical values for a germanium transistor. $V_{BB}$ = + 15V   $V_{CC}$ = + 15V   $V_{BE}$ = 0.3V  $R_C$ = 4k$\Omega$        $R_E$ = 600$\Omega$      $\beta $ = 60. What value of RB is required to set VCE to 8 V?,A,"To solve this problem, we need to use the small-signal model of the common-emitter amplifier and the given parameters to find the base resistor \( R_B \) that will set the collector-emitter voltage \( V_{CE} \) to 8V.

The key equations we'll use are:
1. The voltage divider formula for the base voltage \( V_B \):
\[ V_B = V_{BB} \cdot \frac{R_B}{R_B + R_E} \]
2. The relationship between the base-emitter voltage \( V_{BE} \), the base current \( I_B \), and the",UNSCORABLE,unscorable,none,no
1278,bundle_51,Qwen/Qwen2.5-VL-7B-Instruct,blank_image,science & technology,Assume for the common-emitter circuit shown in  <image 1> we have the  following numerical values for a germanium transistor. $V_{BB}$ = + 15V   $V_{CC}$ = + 15V   $V_{BE}$ = 0.3V  $R_C$ = 4k$\Omega$        $R_E$ = 600$\Omega$      $\beta $ = 60. What value of RB is required to set VCE to 8 V?,A,"To solve this problem, we need to use the small-signal model of the common-emitter amplifier and the given parameters to find the base resistor \( R_B \) that will set the collector-emitter voltage \( V_{CE} \) to 8V.

The key equations we'll use are:
1. The voltage divider formula for the base voltage \( V_B \):
\[ V_B = V_{BB} \left( \frac{R_B}{R_B + R_E} \right) \]
2. The relationship between the base-emitter voltage \( V_{BE} \), the collector current \( I_C",UNSCORABLE,unscorable,none,no
1278,bundle_51,Qwen/Qwen2.5-VL-7B-Instruct,far_mismatch,science & technology,Assume for the common-emitter circuit shown in  <image 1> we have the  following numerical values for a germanium transistor. $V_{BB}$ = + 15V   $V_{CC}$ = + 15V   $V_{BE}$ = 0.3V  $R_C$ = 4k$\Omega$        $R_E$ = 600$\Omega$      $\beta $ = 60. What value of RB is required to set VCE to 8 V?,A,"To solve this problem, we need to use the small-signal model of a common-emitter amplifier and the given parameters. However, the image provided does not contain an actual circuit diagram or any numerical values for the components, which are necessary to calculate \( R_B \).

Given the options:
- A: 551
- B: Other Answers
- C: nan (not a number)
- D: nan

Since the image does not provide enough information to calculate \( R_B \), the correct answer based on the given options is:

B: Other Answers",B,confident_answer,insufficient_or_unclear,yes
1278,bundle_51,Qwen/Qwen2.5-VL-7B-Instruct,hard_mismatch,science & technology,Assume for the common-emitter circuit shown in  <image 1> we have the  following numerical values for a germanium transistor. $V_{BB}$ = + 15V   $V_{CC}$ = + 15V   $V_{BE}$ = 0.3V  $R_C$ = 4k$\Omega$        $R_E$ = 600$\Omega$      $\beta $ = 60. What value of RB is required to set VCE to 8 V?,A,"To solve this problem, we need to use the relationship between the base-emitter voltage \( V_{BE} \), the collector-emitter voltage \( V_{CE} \), and the base current \( I_B \) in a common-emitter configuration. The key equation here is:

\[ V_{CE} = V_{CC} - I_C R_C \]

Given:
- \( V_{CC} = 15V \)
- \( R_C = 4k\Omega \)
- \( V_{CE} = 8V \)

First, calculate \( I_C \):

\[ I_C = \frac",UNSCORABLE,unscorable,none,no
1256,bundle_52,Qwen/Qwen2.5-VL-7B-Instruct,correct_image,science & technology,What letter represents oxygen?,B,"The image shows a plant with various parts labeled. The letter ""C"" points to the leaves of the plant, which are involved in photosynthesis where oxygen is released as a byproduct. Therefore, the correct answer is:

B: C",B,confident_answer,none,yes
1256,bundle_52,Qwen/Qwen2.5-VL-7B-Instruct,no_image,science & technology,What letter represents oxygen?,B,"The visual evidence provided does not contain any information about letters representing elements such as oxygen. Therefore, it is not possible to determine the correct answer based on the given options and the available visual evidence.",ABSTAIN,explicit_abstention,insufficient_or_unclear,yes
1256,bundle_52,Qwen/Qwen2.5-VL-7B-Instruct,blank_image,science & technology,What letter represents oxygen?,B,"The image provided does not contain any information about letters representing elements such as oxygen. Therefore, based on the given visual evidence, it is not possible to determine which letter represents oxygen from the options provided (A: G, B: C, C: F, D: A).",ABSTAIN,explicit_abstention,insufficient_or_unclear,yes
1256,bundle_52,Qwen/Qwen2.5-VL-7B-Instruct,far_mismatch,science & technology,What letter represents oxygen?,B,"The image provided does not contain any information related to the chemical element oxygen or its representation in the periodic table. Therefore, it is not possible to determine which letter represents oxygen based on this image alone. The options given are: A: G, B: C, C: F, D: A. None of these letters correspond to the symbol for oxygen (O).",ABSTAIN,explicit_abstention,mismatch_or_irrelevant,yes
1256,bundle_52,Qwen/Qwen2.5-VL-7B-Instruct,hard_mismatch,science & technology,What letter represents oxygen?,B,,UNSCORABLE,unscorable,blank_or_empty,no
1439,bundle_53,Qwen/Qwen2.5-VL-7B-Instruct,correct_image,science & technology,Which item in the diagram represents sedimentary rocks?,B,"The diagram shows three stages of rock formation and transformation. The stage labeled ""A"" appears to depict a rock with distinct horizontal layers, which is characteristic of sedimentary rocks. Therefore, the correct answer is:

B: A",B,hedged_answer,none,yes
1439,bundle_53,Qwen/Qwen2.5-VL-7B-Instruct,no_image,science & technology,Which item in the diagram represents sedimentary rocks?,B,"The image provided does not contain any visual evidence or a diagram to analyze and identify which item represents sedimentary rocks. Therefore, it is impossible to determine the correct answer based on the given information. The options provided (A, B, C, D) do not correspond to any items in the diagram if one exists, as there is no diagram present. 

Given this, the most accurate response is:

A: None of the above",A,hedged_answer,missing,yes
1439,bundle_53,Qwen/Qwen2.5-VL-7B-Instruct,blank_image,science & technology,Which item in the diagram represents sedimentary rocks?,B,"The image provided does not contain any visual evidence of sedimentary rocks or any other geological formations. Therefore, it is not possible to determine which item, if any, represents sedimentary rocks based on this image alone. The correct answer is:

A: None of the above",A,confident_answer,insufficient_or_unclear,yes
1439,bundle_53,Qwen/Qwen2.5-VL-7B-Instruct,far_mismatch,science & technology,Which item in the diagram represents sedimentary rocks?,B,"The image provided shows four cylindrical objects labeled ""一氧化氮"" (which translates to ""nitrogen dioxide"" in Chinese). These objects appear to be gas cylinders, not representations of sedimentary rocks. Therefore, based on the visual evidence, there is no item in the diagram that represents sedimentary rocks.

The correct answer is:
A: None of the above",A,confident_answer,none,yes
1439,bundle_53,Qwen/Qwen2.5-VL-7B-Instruct,hard_mismatch,science & technology,Which item in the diagram represents sedimentary rocks?,B,"The diagram does not provide any information about sedimentary rocks or their characteristics. The arrows and labels do not indicate any geological processes or rock types. Therefore, based on the given visual evidence, it is not possible to determine which item represents sedimentary rocks.

Answer: A: None of the above",A,hedged_answer,insufficient_or_unclear,yes
1320,bundle_54,Qwen/Qwen2.5-VL-7B-Instruct,correct_image,science & technology,What term is used to describe A in the diagram?,C,The term used to describe A in the diagram is D: Larva.,D,confident_answer,none,yes
1320,bundle_54,Qwen/Qwen2.5-VL-7B-Instruct,no_image,science & technology,What term is used to describe A in the diagram?,C,"The image provided does not contain any visual evidence or a diagram to analyze and determine what term is used to describe ""A"" in the context of the options given (Egg, Adult, Pupa, Larva). Without the actual diagram or additional context, it's impossible to accurately identify the term for ""A"". Therefore, I cannot provide an answer based on the information available.",ABSTAIN,explicit_abstention,insufficient_or_unclear,yes
1320,bundle_54,Qwen/Qwen2.5-VL-7B-Instruct,blank_image,science & technology,What term is used to describe A in the diagram?,C,The term used to describe A in the diagram is D: Larva.,D,confident_answer,none,yes
1320,bundle_54,Qwen/Qwen2.5-VL-7B-Instruct,far_mismatch,science & technology,What term is used to describe A in the diagram?,C,"The image provided does not contain a diagram or any elements that can be described as an ""egg,"" ""adult,"" ""pupa,"" or ""larva."" Therefore, it is not possible to determine which term is used to describe A in the diagram based on the given visual evidence.",A,explicit_abstention,mismatch_or_irrelevant,yes
1320,bundle_54,Qwen/Qwen2.5-VL-7B-Instruct,hard_mismatch,science & technology,What term is used to describe A in the diagram?,C,"The term used to describe A in the diagram is ""Pupa."" This is because the diagram illustrates the life cycle of an insect, and A represents the stage where the insect is encased in a protective casing, which is characteristic of the pupal stage in many insects.",C,confident_answer,none,yes
1312,bundle_55,Qwen/Qwen2.5-VL-7B-Instruct,correct_image,science & technology,Where is the testa?,C,"The testa is the outermost layer of the seed coat in a legume seed. In the provided image, the testa would be represented by the outermost layer surrounding the rest of the seed components. 

In the image:
- A appears to be the testa.
- B and C appear to be parts of the embryo.
- D appears to be the endosperm or cotyledon.

Therefore, the correct answer is:

A: A",A,confident_answer,none,yes
1312,bundle_55,Qwen/Qwen2.5-VL-7B-Instruct,no_image,science & technology,Where is the testa?,C,"The image provided does not contain any information about a ""testa"" or any labels that correspond to options A, B, C, or D. Therefore, there is insufficient visual evidence to determine where the testa is located.",ABSTAIN,explicit_abstention,insufficient_or_unclear,yes
1312,bundle_55,Qwen/Qwen2.5-VL-7B-Instruct,blank_image,science & technology,Where is the testa?,C,"The image provided does not contain any visible text or labels that indicate the location of ""testa."" Therefore, it is not possible to determine where ""testa"" is based on this image alone. The options given (A, B, C, D) do not correspond to any visible elements in the image. Thus, the correct answer cannot be determined from the image.",ABSTAIN,explicit_abstention,mismatch_or_irrelevant,yes
1312,bundle_55,Qwen/Qwen2.5-VL-7B-Instruct,far_mismatch,science & technology,Where is the testa?,C,"The image does not contain any information about a ""testa"" or provide enough context to determine its location. The image shows a person holding a sign on a sidewalk, but there is no visible object or text related to a ""testa."" Therefore, the correct answer cannot be determined from the given image.",ABSTAIN,explicit_abstention,insufficient_or_unclear,yes
1312,bundle_55,Qwen/Qwen2.5-VL-7B-Instruct,hard_mismatch,science & technology,Where is the testa?,C,"The testa is the outermost layer of the seed coat in a plant embryo. In the provided diagram, the testa is labeled as ""B"". Therefore, the correct answer is:

D: B",D,confident_answer,none,yes
1307,bundle_56,Qwen/Qwen2.5-VL-7B-Instruct,correct_image,science & technology,Which region in the diagram represents the crust?,A,"The diagram shows concentric circles labeled A, B, C, and D. The outermost circle is labeled A, which typically represents the Earth's atmosphere or the outermost layer of the Earth in geological contexts. The innermost circle is labeled D, which could represent the core of the Earth. The crust is not directly labeled but is often considered to be the outermost solid layer of the Earth, which would correspond to the region outside the core and inside the mantle (if present).

Given this information, the crust is not explicitly labeled as ""a"" or ""d"" in the diagram. However, if we consider the typical structure",UNSCORABLE,hedged_answer,insufficient_or_unclear,yes
1307,bundle_56,Qwen/Qwen2.5-VL-7B-Instruct,no_image,science & technology,Which region in the diagram represents the crust?,A,"The image provided does not contain a diagram or any visual evidence to identify which region represents the crust. Therefore, it is impossible to determine the correct answer based on the given information.",ABSTAIN,explicit_abstention,missing,yes
1307,bundle_56,Qwen/Qwen2.5-VL-7B-Instruct,blank_image,science & technology,Which region in the diagram represents the crust?,A,"The diagram appears to represent a cross-section of the Earth's structure. The crust is typically the outermost layer and is shown as a thin layer at the top of the diagram. In this case, option B (d) seems to represent the crust, as it is the outermost layer in the diagram.

Therefore, the correct answer is:
B: d",B,hedged_answer,none,yes
1307,bundle_56,Qwen/Qwen2.5-VL-7B-Instruct,far_mismatch,science & technology,Which region in the diagram represents the crust?,A,"The image provided does not contain any diagram or labeled regions that can be identified as representing the crust of the Earth. The image appears to be an artistic representation of a dog's face with a green background. Therefore, there is insufficient visual evidence to determine which region represents the crust.",ABSTAIN,explicit_abstention,mismatch_or_irrelevant,yes
1307,bundle_56,Qwen/Qwen2.5-VL-7B-Instruct,hard_mismatch,science & technology,Which region in the diagram represents the crust?,A,"The diagram shows the Earth's structure with different layers labeled. The crust is the outermost layer of the Earth. In this diagram, the crust is represented by the outermost layer, which is labeled as ""A"" and ""D"". 

Therefore, the correct answer is:
D: a & d",D,confident_answer,none,yes
1285,bundle_57,Qwen/Qwen2.5-VL-7B-Instruct,correct_image,science & technology,What change could occur to increase the size of the large fish population?,D,"To determine what change could increase the size of the large fish population, we need to look at the food web and identify which organism directly influences the large fish population.

From the food web:
- Large fish are shown to feed on small fish.
- Small fish are shown to be preyed upon by sea otters and sharks.
- Sea urchins are also preyed upon by sea otters and sharks.
- Crabs are preyed upon by sharks.

Given this information, if there were more small fish, it would provide a greater food source for the large fish, potentially increasing their population. Therefore, the correct answer is:

",UNSCORABLE,hedged_answer,none,yes
1285,bundle_57,Qwen/Qwen2.5-VL-7B-Instruct,no_image,science & technology,What change could occur to increase the size of the large fish population?,D,"The visual evidence provided does not contain any information about the populations of sea otters, sea urchins, small fish, or crabs, nor does it show any direct relationship between these populations and the size of a large fish population. Therefore, based on the given visual evidence, it is impossible to determine which option would increase the size of the large fish population.",ABSTAIN,explicit_abstention,insufficient_or_unclear,yes
1285,bundle_57,Qwen/Qwen2.5-VL-7B-Instruct,blank_image,science & technology,What change could occur to increase the size of the large fish population?,D,"The image provided does not contain any information about the factors affecting the size of a fish population or the presence of sea otters, sea urchins, small fish, or crabs. Therefore, it is not possible to determine which option would increase the size of the large fish population based solely on this image.",ABSTAIN,explicit_abstention,insufficient_or_unclear,yes
1285,bundle_57,Qwen/Qwen2.5-VL-7B-Instruct,far_mismatch,science & technology,What change could occur to increase the size of the large fish population?,D,"The image provided does not contain any information related to fish populations or marine life. It appears to be a geometric diagram showing a trapezoid with labeled points and angles. Therefore, there is insufficient visual evidence to determine what change could occur to increase the size of a fish population based on this image alone. The correct answer cannot be determined from the given options and image.",ABSTAIN,explicit_abstention,mismatch_or_irrelevant,yes
1285,bundle_57,Qwen/Qwen2.5-VL-7B-Instruct,hard_mismatch,science & technology,What change could occur to increase the size of the large fish population?,D,"The image provided is a food web diagram showing various marine organisms and their relationships. It does not provide specific information about the populations of sea otters, sea urchins, or crabs, nor does it indicate any direct relationship between these organisms and the large fish population (such as blue whales).

Given the options:
A: More sea otters - There is no indication in the diagram that sea otters have a significant impact on the large fish population.
B: More sea urchins - The diagram does not show a direct relationship between sea urchins and the large fish population.
C: Fewer small fish - If there",UNSCORABLE,explicit_abstention,insufficient_or_unclear,yes
1438,bundle_58,Qwen/Qwen2.5-VL-7B-Instruct,correct_image,science & technology,"Evaporation, the process of a liquid converting to the gaseous state, occurs at what stage?",A,"The process of evaporation, where a liquid converts to the gaseous state, typically occurs at the surface of a body of water or a moist surface. In the diagram, this process is represented by the red arrow labeled ""C,"" which shows the transition from the water surface (labeled as ""A"") into the air above it. Therefore, the correct answer is:

Option: A: C",A,confident_answer,none,yes
1438,bundle_58,Qwen/Qwen2.5-VL-7B-Instruct,no_image,science & technology,"Evaporation, the process of a liquid converting to the gaseous state, occurs at what stage?",A,"The question asks about the stage where evaporation occurs. However, the provided options (A: C, B: D, C: A, D: B) do not correspond to any known stages or processes in physics or chemistry. The correct answer would be based on the understanding of evaporation, which typically occurs at the surface of a liquid when it changes from a liquid to a gas due to heat energy. Since the options do not provide relevant information, the correct answer cannot be determined from the given choices.",ABSTAIN,explicit_abstention,mismatch_or_irrelevant,no
1438,bundle_58,Qwen/Qwen2.5-VL-7B-Instruct,blank_image,science & technology,"Evaporation, the process of a liquid converting to the gaseous state, occurs at what stage?",A,"The image provided does not contain any information about evaporation or the stages related to it. Therefore, there is insufficient visual evidence to determine the correct answer to the question.",ABSTAIN,explicit_abstention,insufficient_or_unclear,yes
1438,bundle_58,Qwen/Qwen2.5-VL-7B-Instruct,far_mismatch,science & technology,"Evaporation, the process of a liquid converting to the gaseous state, occurs at what stage?",A,"The image provided does not contain any information related to evaporation or the stages of a liquid converting to the gaseous state. Therefore, it is not possible to determine the correct answer based on the given visual evidence.",ABSTAIN,explicit_abstention,mismatch_or_irrelevant,yes
1438,bundle_58,Qwen/Qwen2.5-VL-7B-Instruct,hard_mismatch,science & technology,"Evaporation, the process of a liquid converting to the gaseous state, occurs at what stage?",A,"The image provided does not contain any information about evaporation or the conversion of a liquid to the gaseous state. The diagram appears to represent a geological cross-section with labels for different layers and features, but it does not include any elements related to the process of evaporation. Therefore, based on the given visual evidence, it is not possible to determine which option (A, B, C, or D) correctly identifies the stage where evaporation occurs.",ABSTAIN,explicit_abstention,insufficient_or_unclear,yes
1276,bundle_59,Qwen/Qwen2.5-VL-7B-Instruct,correct_image,science & technology,Which area on the map shows China?,A,"The area labeled as ""B"" on the map shows China. Therefore, the correct answer is:

Options: B: B",A,confident_answer,none,yes
1276,bundle_59,Qwen/Qwen2.5-VL-7B-Instruct,no_image,science & technology,Which area on the map shows China?,A,"The image provided does not contain a map or any geographical features that can be used to identify China or any other country. Therefore, it is impossible to determine which area on the map (if one exists) shows China based on the given visual evidence.",ABSTAIN,explicit_abstention,insufficient_or_unclear,yes
1276,bundle_59,Qwen/Qwen2.5-VL-7B-Instruct,blank_image,science & technology,Which area on the map shows China?,A,"The image provided does not contain a map or any geographical features that can be identified as China. Therefore, it is not possible to determine which area on the map (if one were present) shows China based on this image alone. The options provided do not correspond to any visible elements in the image.",ABSTAIN,explicit_abstention,insufficient_or_unclear,yes
1276,bundle_59,Qwen/Qwen2.5-VL-7B-Instruct,far_mismatch,science & technology,Which area on the map shows China?,A,"The image provided does not contain any map or geographical information. It shows three 3D objects: a yellow cylinder, a purple cylinder, and a cyan cube, placed on a flat surface. There is no map or any indication of China in this image. Therefore, it is not possible to determine which area on the map shows China based on this image alone.",ABSTAIN,explicit_abstention,mismatch_or_irrelevant,yes
1276,bundle_59,Qwen/Qwen2.5-VL-7B-Instruct,hard_mismatch,science & technology,Which area on the map shows China?,A,"The image provided is a diagram illustrating different types of volcanoes and their features, but it does not contain any geographical information or labels that would identify specific locations such as China. Therefore, there is insufficient visual evidence in this image to determine which area corresponds to China.",ABSTAIN,explicit_abstention,insufficient_or_unclear,yes
14,bundle_60,Qwen/Qwen2.5-VL-7B-Instruct,correct_image,coarse perception,What is the main subject of the image?,A,"The main subject of the image is the sky, as it prominently features the sunset with the sun partially obscured by clouds and the sky displaying various shades of orange and yellow. Therefore, the correct answer is:

A: Sky",A,confident_answer,none,yes
14,bundle_60,Qwen/Qwen2.5-VL-7B-Instruct,no_image,coarse perception,What is the main subject of the image?,A,"The image shows a clear blue sky with some white clouds scattered across it. There is no visible water or sun in the image. Therefore, based on the available visual evidence, the main subject of the image is:

C: Clouds",C,confident_answer,none,yes
14,bundle_60,Qwen/Qwen2.5-VL-7B-Instruct,blank_image,coarse perception,What is the main subject of the image?,A,"The main subject of the image appears to be the sky, as it shows a clear blue background with no visible clouds or water features. Therefore, the correct answer is:

A: Sky",A,confident_answer,none,yes
14,bundle_60,Qwen/Qwen2.5-VL-7B-Instruct,far_mismatch,coarse perception,What is the main subject of the image?,A,"The main subject of the image is not related to the options provided (Sky, Water, Sun, Clouds). The image appears to be a geometric diagram showing a circle with points labeled P, O, and Q, and an angle θ and its double 2θ. Therefore, the correct answer cannot be determined from the given options as they do not relate to the content of the image.",ABSTAIN,explicit_abstention,mismatch_or_irrelevant,yes
14,bundle_60,Qwen/Qwen2.5-VL-7B-Instruct,hard_mismatch,coarse perception,What is the main subject of the image?,A,"The main subject of the image is not related to the options provided (Sky, Water, Sun, Clouds). The image appears to be a geometric diagram showing a circle with points labeled P, O, and Q, and an angle θ and its double 2θ. Therefore, the correct answer cannot be determined from the given options as they do not relate to the content of the image.",ABSTAIN,explicit_abstention,mismatch_or_irrelevant,yes
55,bundle_61,Qwen/Qwen2.5-VL-7B-Instruct,correct_image,coarse perception,What is the main focus of the image?,A,A: A woman and two girls standing on a red carpet with an umbrella.,A,confident_answer,none,yes
55,bundle_61,Qwen/Qwen2.5-VL-7B-Instruct,no_image,coarse perception,What is the main focus of the image?,A,"The image shows a group of people standing on a red carpet, with one individual holding an umbrella. The umbrella suggests it might be raining. There are multiple individuals present, but the exact number cannot be determined from the image alone. Therefore, based on the available visual evidence:

The most accurate option is:
B: A person and their family at a premiere standing under an umbrella in the rain.",B,hedged_answer,insufficient_or_unclear,yes
55,bundle_61,Qwen/Qwen2.5-VL-7B-Instruct,blank_image,coarse perception,What is the main focus of the image?,A,"The image shows a group of people standing on a red carpet, with one person holding an umbrella. The umbrella appears to be protecting them from the rain. Therefore, the most accurate option based on the visual evidence is:

B: A person and their family at a premiere standing under an umbrella in the rain.",B,confident_answer,insufficient_or_unclear,yes
55,bundle_61,Qwen/Qwen2.5-VL-7B-Instruct,far_mismatch,coarse perception,What is the main focus of the image?,A,"The visual evidence provided does not contain any images or descriptions related to people standing on a red carpet, umbrellas, or any individuals. The image shows a large building with a fountain in front of it, surrounded by greenery and a gravel path. Therefore, none of the given options accurately describe the main focus of the image.",ABSTAIN,confident_answer,mismatch_or_irrelevant,yes
55,bundle_61,Qwen/Qwen2.5-VL-7B-Instruct,hard_mismatch,coarse perception,What is the main focus of the image?,A,"The visual evidence provided does not contain any images or descriptions related to people standing on a red carpet, umbrellas, or any individuals. The image shows a large building with a fountain in front of it, surrounded by greenery and a gravel path. Therefore, none of the given options accurately describe the main focus of the image.",ABSTAIN,confident_answer,mismatch_or_irrelevant,yes
59,bundle_62,Qwen/Qwen2.5-VL-7B-Instruct,correct_image,coarse perception,What is the main color of the image?,D,"The main color of the image is white. The background of the webpage is predominantly white, with text and other elements in black and other colors. Therefore, the correct answer is:

D: White",D,confident_answer,none,yes
59,bundle_62,Qwen/Qwen2.5-VL-7B-Instruct,no_image,coarse perception,What is the main color of the image?,D,"The image appears to be predominantly white with some black elements. Therefore, the main color of the image is:

D: White",D,hedged_answer,none,yes
59,bundle_62,Qwen/Qwen2.5-VL-7B-Instruct,blank_image,coarse perception,What is the main color of the image?,D,"The main color of the image is white. Therefore, the correct answer is:

D: White",D,confident_answer,none,yes
59,bundle_62,Qwen/Qwen2.5-VL-7B-Instruct,far_mismatch,coarse perception,What is the main color of the image?,D,The main color of the image is C: Black. The dress worn by the person in the image is black with white polka dots.,C,confident_answer,none,yes
59,bundle_62,Qwen/Qwen2.5-VL-7B-Instruct,hard_mismatch,coarse perception,What is the main color of the image?,D,The main color of the image is C: Black. The dress worn by the person in the image is black with white polka dots.,C,confident_answer,none,yes
67,bundle_63,Qwen/Qwen2.5-VL-7B-Instruct,correct_image,coarse perception,What is the dominant color scheme in this image?,B,"The dominant color scheme in this image is A: White and blue. The beach has white sand, and the water is a clear blue, which are the most prominent colors in the scene.",A,confident_answer,none,yes
67,bundle_63,Qwen/Qwen2.5-VL-7B-Instruct,no_image,coarse perception,What is the dominant color scheme in this image?,B,"The image provided does not contain any visual evidence to determine the dominant color scheme. The instruction requires an analysis of the image, but no image has been attached or described. Therefore, it is impossible to provide an accurate answer based on the given information.",ABSTAIN,explicit_abstention,missing,no
67,bundle_63,Qwen/Qwen2.5-VL-7B-Instruct,blank_image,coarse perception,What is the dominant color scheme in this image?,B,"The image primarily consists of white and blue colors. There are no significant amounts of brown, yellow, pink, or orange present. Therefore, the dominant color scheme in this image is:

A: White and blue",A,confident_answer,none,yes
67,bundle_63,Qwen/Qwen2.5-VL-7B-Instruct,far_mismatch,coarse perception,What is the dominant color scheme in this image?,B,"The dominant color scheme in the image appears to be brown and yellow, as the figures and background have a muted, earthy tone. Therefore, the correct answer is:

C: Brown and yellow",C,hedged_answer,none,yes
67,bundle_63,Qwen/Qwen2.5-VL-7B-Instruct,hard_mismatch,coarse perception,What is the dominant color scheme in this image?,B,"The dominant color scheme in the image appears to be brown and yellow, as the figures and background have a muted, earthy tone. Therefore, the correct answer is:

C: Brown and yellow",C,confident_answer,none,yes
72,bundle_64,Qwen/Qwen2.5-VL-7B-Instruct,correct_image,coarse perception,What kind of room is depicted in the image?,A,"The image depicts a room with a kitchen island, cabinets, and a staircase leading to an upper level. The presence of these elements suggests that this is a kitchen. Therefore, the correct answer is:

B: A kitchen",B,confident_answer,none,yes
72,bundle_64,Qwen/Qwen2.5-VL-7B-Instruct,no_image,coarse perception,What kind of room is depicted in the image?,A,"The image shows a room with a bed, which suggests it is most likely a bedroom. Therefore, the correct answer is:

C: A bedroom.",C,hedged_answer,none,yes
72,bundle_64,Qwen/Qwen2.5-VL-7B-Instruct,blank_image,coarse perception,What kind of room is depicted in the image?,A,"The image shows a room with a bed and a nightstand, which are typical features of a bedroom. Therefore, the correct answer is:

C: A bedroom",C,confident_answer,none,yes
72,bundle_64,Qwen/Qwen2.5-VL-7B-Instruct,far_mismatch,coarse perception,What kind of room is depicted in the image?,A,"The image depicts a soccer match on a field, not an indoor room such as a living room, kitchen, bedroom, or bathroom. Therefore, none of the provided options (A, B, C, or D) accurately describe the room shown in the image.",ABSTAIN,explicit_abstention,mismatch_or_irrelevant,yes
72,bundle_64,Qwen/Qwen2.5-VL-7B-Instruct,hard_mismatch,coarse perception,What kind of room is depicted in the image?,A,"The image depicts a soccer match on a field, not an indoor room such as a living room, kitchen, bedroom, or bathroom. Therefore, none of the provided options (A, B, C, or D) accurately describe the room shown in the image.",ABSTAIN,explicit_abstention,mismatch_or_irrelevant,yes
95,bundle_65,Qwen/Qwen2.5-VL-7B-Instruct,correct_image,coarse perception,what style is depicted in this image?,C,"The style depicted in this image is C: modernism. The geometric shapes, abstract forms, and fragmented composition are characteristic of modernist art.",C,confident_answer,none,yes
95,bundle_65,Qwen/Qwen2.5-VL-7B-Instruct,no_image,coarse perception,what style is depicted in this image?,C,The image provided does not contain any visual evidence for determining the style of art depicted. Please provide an image or description of the artwork so I can assist you better.,ABSTAIN,explicit_abstention,insufficient_or_unclear,yes
95,bundle_65,Qwen/Qwen2.5-VL-7B-Instruct,blank_image,coarse perception,what style is depicted in this image?,C,"The image appears to be a simple line drawing with minimalistic elements and lacks the color and texture typically associated with Impressionism or Post-Impressionism. The style does not exhibit the complex layering of colors or the expressive brushwork that would be characteristic of these movements. Additionally, it does not have the abstract or experimental nature that would suggest Modernism or Dadaism. Therefore, based on the visual evidence provided, the style depicted in this image is most consistent with:

C: modernism

However, it's important to note that without more context or a clearer representation, this assessment is based on limited information.",C,hedged_answer,mismatch_or_irrelevant,yes
95,bundle_65,Qwen/Qwen2.5-VL-7B-Instruct,far_mismatch,coarse perception,what style is depicted in this image?,C,"The image depicts a live music performance with two musicians playing electric guitars on stage. The style of the image is not related to art movements such as impressionism, post-Impressionism, modernism, or dadaism. These art movements are characterized by specific techniques and themes that are not present in the image provided. Therefore, the correct answer cannot be determined from the given options based on the visual evidence.",ABSTAIN,explicit_abstention,insufficient_or_unclear,yes
95,bundle_65,Qwen/Qwen2.5-VL-7B-Instruct,hard_mismatch,coarse perception,what style is depicted in this image?,C,"The image depicts a live music performance with two musicians playing electric guitars on stage. The style of the image is not related to art movements such as impressionism, post-Impressionism, modernism, or dadaism. These art movements are characterized by specific techniques and themes that are not present in the image provided. Therefore, the correct answer cannot be determined from the given options based on the visual evidence.",ABSTAIN,explicit_abstention,insufficient_or_unclear,yes
100,bundle_66,Qwen/Qwen2.5-VL-7B-Instruct,correct_image,coarse perception,Which is the main topic of the image,C,C: A man surfing,C,confident_answer,none,yes
100,bundle_66,Qwen/Qwen2.5-VL-7B-Instruct,no_image,coarse perception,Which is the main topic of the image,C,"The image shows a person engaged in an activity where they are standing on a board and riding waves, which is characteristic of surfing. The person appears to be wearing a wetsuit, which is commonly used for surfing to provide thermal insulation and protection from the elements. Therefore, the main topic of the image is:

C: A man surfing",C,confident_answer,none,yes
100,bundle_66,Qwen/Qwen2.5-VL-7B-Instruct,blank_image,coarse perception,Which is the main topic of the image,C,"The image shows a person engaged in an activity that appears to be surfing, as indicated by the board and the water setting. The person is wearing a wetsuit, which is commonly used for surfing to provide thermal insulation and protection from the elements. Therefore, the main topic of the image is:

C: A man surfing",C,hedged_answer,none,yes
100,bundle_66,Qwen/Qwen2.5-VL-7B-Instruct,far_mismatch,coarse perception,Which is the main topic of the image,C,"The main topic of the image is not related to any of the options provided. The image shows a shipwreck at sunset on a rocky shoreline. Therefore, none of the given options (A, B, C, or D) accurately describe the main topic of the image.",ABSTAIN,confident_answer,mismatch_or_irrelevant,yes
100,bundle_66,Qwen/Qwen2.5-VL-7B-Instruct,hard_mismatch,coarse perception,Which is the main topic of the image,C,"The main topic of the image is not related to any of the options provided. The image shows a shipwreck at sunset on a rocky shoreline. Therefore, none of the given options (A, B, C, or D) accurately describe the main topic of the image.",ABSTAIN,confident_answer,mismatch_or_irrelevant,yes
149,bundle_67,Qwen/Qwen2.5-VL-7B-Instruct,correct_image,coarse perception,Which image shows the highest contrast?,B,"To determine which image shows the highest contrast, we need to analyze the differences in brightness and color between the various elements within each image.

- **Upper Left Image**: This image shows people in a boat on water. The contrast is relatively low as the colors are muted and there are no stark differences between the elements.
- **Upper Right Image**: This image features red plastic cups and clear glass bottles on a white surface. The contrast is high due to the bright red of the cups against the white background and the clear glass bottles.
- **Lower Left Image**: This image shows a colorful mural behind a chain-link fence. While the mural has",UNSCORABLE,unscorable,none,yes
149,bundle_67,Qwen/Qwen2.5-VL-7B-Instruct,no_image,coarse perception,Which image shows the highest contrast?,B,"To determine which image shows the highest contrast, we need to analyze the differences in brightness and color between the various elements within each image. However, since no images are provided with this prompt, I cannot perform the analysis required to answer the question accurately.

If you have images to refer to, please upload them, and I will be able to assist you further.",ABSTAIN,explicit_abstention,missing,no
149,bundle_67,Qwen/Qwen2.5-VL-7B-Instruct,blank_image,coarse perception,Which image shows the highest contrast?,B,"To determine which image shows the highest contrast, we need to analyze the differences in brightness and color between the various elements within each image.

- **Upper Left Image**: This image appears to be mostly white with very little variation in brightness or color.
- **Upper Right Image**: This image also seems to be mostly white with minimal variation.
- **Lower Left Image**: This image has a gradient from dark to light, indicating some contrast but not extreme.
- **Lower Right Image**: This image has distinct black and white areas with clear boundaries, suggesting high contrast.

Based on this analysis, the image with the highest contrast is the one in the",UNSCORABLE,unscorable,none,yes
149,bundle_67,Qwen/Qwen2.5-VL-7B-Instruct,far_mismatch,coarse perception,Which image shows the highest contrast?,B,"The image with the highest contrast appears to be in option B: upper right. This is because it features a bright blue sky with white clouds against a darker landscape, creating a stark contrast between the light and dark areas. The other images have more subtle contrasts or less distinct differences in brightness and color.",B,hedged_answer,none,yes
149,bundle_67,Qwen/Qwen2.5-VL-7B-Instruct,hard_mismatch,coarse perception,Which image shows the highest contrast?,B,"The image with the highest contrast appears to be in option B: upper right. This is because it features a bright blue sky with white clouds against a darker landscape, creating a stark contrast between the light and dark areas. The other images have more subtle contrasts or less distinct differences in brightness and color.",B,hedged_answer,none,yes
169,bundle_68,Qwen/Qwen2.5-VL-7B-Instruct,correct_image,coarse perception,Which image is more brightful?,B,The second image is more brightful.,B,confident_answer,none,yes
169,bundle_68,Qwen/Qwen2.5-VL-7B-Instruct,no_image,coarse perception,Which image is more brightful?,B,"The term ""brightful"" is not a standard word and appears to be a misspelling of ""bright."" Since there is no clear visual evidence provided in the images or text to compare brightness, it is impossible to determine which image is more bright. Therefore, the correct answer based on the given options is:

C: nan

This indicates that there is not enough information to make a determination.",C,hedged_answer,insufficient_or_unclear,no
169,bundle_68,Qwen/Qwen2.5-VL-7B-Instruct,blank_image,coarse perception,Which image is more brightful?,B,"The question asks which image is more ""brightful,"" but there is no image provided in the question itself. The options given do not correspond to any images either. Therefore, based on the information provided, it is not possible to determine which image is more brightful or to select an option from the given choices. 

The correct answer is: C: nan.",C,explicit_abstention,missing,no
169,bundle_68,Qwen/Qwen2.5-VL-7B-Instruct,far_mismatch,coarse perception,Which image is more brightful?,B,A: The first image is more brightful.,A,confident_answer,none,yes
169,bundle_68,Qwen/Qwen2.5-VL-7B-Instruct,hard_mismatch,coarse perception,Which image is more brightful?,B,A: The first image is more brightful.,A,confident_answer,none,yes
186,bundle_69,Qwen/Qwen2.5-VL-7B-Instruct,correct_image,coarse perception,what style is depicted in this image?,A,"The style depicted in this image is A: Impressionism. The visible brushstrokes, the focus on light and color, and the overall composition are characteristic of Impressionist art.",A,confident_answer,none,yes
186,bundle_69,Qwen/Qwen2.5-VL-7B-Instruct,no_image,coarse perception,what style is depicted in this image?,A,The image provided does not contain any visual evidence for determining the style of art depicted. Please provide an image or description of the artwork so I can assist you better.,ABSTAIN,explicit_abstention,insufficient_or_unclear,yes
186,bundle_69,Qwen/Qwen2.5-VL-7B-Instruct,blank_image,coarse perception,what style is depicted in this image?,A,"The image appears to be a simple line drawing with minimalistic elements and lacks the color and texture typically associated with Impressionism or Post-Impressionism. The style does not exhibit the complex layering of colors or the expressive brushwork that would be characteristic of these movements. Additionally, it does not have the abstract or experimental nature that would suggest Modernism or Dadaism. Therefore, based on the visual evidence provided, the style depicted in this image is most consistent with:

C: modernism

However, it's important to note that without more context or a clearer representation, this assessment is based on limited information.",C,hedged_answer,insufficient_or_unclear,yes
186,bundle_69,Qwen/Qwen2.5-VL-7B-Instruct,far_mismatch,coarse perception,what style is depicted in this image?,A,"The image depicts a scene of a construction or lifting operation with a crane and a truck. The style of the image is not artistic but rather a photograph capturing a real-life scenario. Therefore, none of the provided art movement options (impressionism, post-Impressionism, modernism, dadaism) apply to this image. The correct answer is that the image does not depict any of the given art styles.",ABSTAIN,confident_answer,none,yes
186,bundle_69,Qwen/Qwen2.5-VL-7B-Instruct,hard_mismatch,coarse perception,what style is depicted in this image?,A,"The image depicts a scene of a construction or lifting operation with a crane and a truck. The style of the image is not artistic but rather a photograph capturing a real-life scenario. Therefore, none of the provided art movement options (impressionism, post-Impressionism, modernism, dadaism) apply to this image. The correct answer is that the image does not depict any of the given art styles.",ABSTAIN,confident_answer,none,yes
199,bundle_70,Qwen/Qwen2.5-VL-7B-Instruct,correct_image,coarse perception,which image is more colorful?,B,B: The second image.,B,confident_answer,none,no
199,bundle_70,Qwen/Qwen2.5-VL-7B-Instruct,no_image,coarse perception,which image is more colorful?,B,"The question asks for a comparison between two images, but only one image is provided in the visual evidence. Therefore, it is not possible to determine which image is more colorful based on the given information. The correct answer is:

C: nan",C,explicit_abstention,missing,no
199,bundle_70,Qwen/Qwen2.5-VL-7B-Instruct,blank_image,coarse perception,which image is more colorful?,B,"The second image appears to be more colorful compared to the first image. The first image is predominantly white with minimal color variation, while the second image contains multiple colors including red, blue, and yellow, making it more vibrant and colorful. Therefore, the correct answer is:

B: The second image.",B,confident_answer,none,yes
199,bundle_70,Qwen/Qwen2.5-VL-7B-Instruct,far_mismatch,coarse perception,which image is more colorful?,B,"The first image appears to be more colorful compared to the second image. The first image has a variety of colors including shades of yellow, black, and white, while the second image seems to have a more monochromatic color scheme with less variation in hue and saturation. Therefore, the correct answer is:

A: The first image.",A,hedged_answer,none,yes
199,bundle_70,Qwen/Qwen2.5-VL-7B-Instruct,hard_mismatch,coarse perception,which image is more colorful?,B,"The first image appears to be more colorful compared to the second image. The first image has a variety of colors including shades of yellow, black, and white, while the second image seems to have a more monochromatic color scheme with less variation in hue and saturation. Therefore, the correct answer is:

A: The first image.",A,hedged_answer,none,yes
201,bundle_71,Qwen/Qwen2.5-VL-7B-Instruct,correct_image,coarse perception,Which image is more brightful?,A,A: The first image is more brightful.,A,confident_answer,none,yes
201,bundle_71,Qwen/Qwen2.5-VL-7B-Instruct,no_image,coarse perception,Which image is more brightful?,A,"The term ""brightful"" is not a standard word and appears to be a misspelling of ""bright."" Since there is no clear visual evidence provided in the images or text to compare brightness, it is impossible to determine which image is more bright. Therefore, the correct answer based on the given options is:

C: nan

This indicates that there is not enough information to make a determination.",C,hedged_answer,insufficient_or_unclear,no
201,bundle_71,Qwen/Qwen2.5-VL-7B-Instruct,blank_image,coarse perception,Which image is more brightful?,A,"The question asks which image is more ""brightful,"" but there is no image provided in the question itself. The options given do not correspond to any images either. Therefore, based on the information provided, it is not possible to determine which image is more brightful or to select an option from the given choices. 

The correct answer is: C: nan.",C,hedged_answer,missing,no
201,bundle_71,Qwen/Qwen2.5-VL-7B-Instruct,far_mismatch,coarse perception,Which image is more brightful?,A,"The first image appears to be more brightful due to the lighter colors and the overall brighter lighting compared to the second image, which has darker tones and less light. Therefore, the correct answer is:

A: The first image.",A,hedged_answer,none,yes
201,bundle_71,Qwen/Qwen2.5-VL-7B-Instruct,hard_mismatch,coarse perception,Which image is more brightful?,A,"The first image appears to be more brightful due to the lighter colors and the overall brighter lighting compared to the second image, which has darker tones and less light. Therefore, the correct answer is:

A: The first image.",A,confident_answer,none,yes
208,bundle_72,Qwen/Qwen2.5-VL-7B-Instruct,correct_image,coarse perception,What type of environment is depicted in the picture?,C,"The image depicts an urban environment with people walking on a sidewalk in front of a building with large doors and windows. The presence of the building and the activity of people suggest it is a street scene. Therefore, the correct answer is:

C: street",C,confident_answer,none,yes
208,bundle_72,Qwen/Qwen2.5-VL-7B-Instruct,no_image,coarse perception,What type of environment is depicted in the picture?,C,"The image shows a scene with trees and what appears to be a natural landscape. Based on this visual evidence, the most appropriate option is:

D: forest

The presence of trees strongly suggests a forest environment.",D,hedged_answer,none,yes
208,bundle_72,Qwen/Qwen2.5-VL-7B-Instruct,blank_image,coarse perception,What type of environment is depicted in the picture?,C,"The image shows a clear sky with no visible structures or objects that would indicate a specific type of environment such as a home, shopping mall, street, or forest. The lack of context and identifiable features makes it impossible to determine the exact environment depicted in the picture. Therefore, the correct answer cannot be determined from the given options based on the visual evidence provided.",ABSTAIN,explicit_abstention,insufficient_or_unclear,yes
208,bundle_72,Qwen/Qwen2.5-VL-7B-Instruct,far_mismatch,coarse perception,What type of environment is depicted in the picture?,C,"The picture on the right depicts an environment with dense greenery and trees, which is characteristic of a forest. Therefore, the correct answer is:

D: forest",D,confident_answer,none,yes
208,bundle_72,Qwen/Qwen2.5-VL-7B-Instruct,hard_mismatch,coarse perception,What type of environment is depicted in the picture?,C,"The picture on the right depicts an environment with dense greenery and trees, which is characteristic of a forest. Therefore, the correct answer is:

D: forest",D,confident_answer,none,yes
219,bundle_73,Qwen/Qwen2.5-VL-7B-Instruct,correct_image,coarse perception,Which category does this image belong to?,D,D: photo,D,confident_answer,none,no
219,bundle_73,Qwen/Qwen2.5-VL-7B-Instruct,no_image,coarse perception,Which category does this image belong to?,D,"The image provided appears to be a photograph of a painting. The texture and color blending suggest it could be an oil painting. However, without seeing the actual image, it's not possible to definitively categorize it as one of the options given. Therefore, based on the information provided, the most accurate answer would be:

D: photo

This is because the image itself is a photograph of a painting, not the painting itself.",D,hedged_answer,missing,yes
219,bundle_73,Qwen/Qwen2.5-VL-7B-Instruct,blank_image,coarse perception,Which category does this image belong to?,D,"The image appears to be a digital illustration or drawing, which aligns with option C: digital art. The clean lines and uniform color suggest it was created digitally rather than being a traditional painting, sketch, or photograph.",C,hedged_answer,none,yes
219,bundle_73,Qwen/Qwen2.5-VL-7B-Instruct,far_mismatch,coarse perception,Which category does this image belong to?,D,D: photo,D,confident_answer,none,yes
219,bundle_73,Qwen/Qwen2.5-VL-7B-Instruct,hard_mismatch,coarse perception,Which category does this image belong to?,D,D: photo,D,confident_answer,none,yes
238,bundle_74,Qwen/Qwen2.5-VL-7B-Instruct,correct_image,coarse perception,Which category does this image belong to?,D,D: map,D,confident_answer,none,no
238,bundle_74,Qwen/Qwen2.5-VL-7B-Instruct,no_image,coarse perception,Which category does this image belong to?,D,"The image provided appears to be a photograph of a landscape with trees and a body of water in the foreground, and a mountainous or hilly area in the background. The details such as the texture of the trees, the reflections on the water, and the lighting suggest it is a photo rather than a painting, remote sensing image, or map. Therefore, the correct answer is:

B: photo",B,hedged_answer,none,yes
238,bundle_74,Qwen/Qwen2.5-VL-7B-Instruct,blank_image,coarse perception,Which category does this image belong to?,D,"The image appears to be a simple line drawing or sketch with no discernible features that would categorize it as a remote sense image, photo, or map. It lacks the detail and context typically associated with paintings or maps. Therefore, based on the available visual evidence, the most appropriate category for this image is:

C: painting",C,hedged_answer,insufficient_or_unclear,yes
238,bundle_74,Qwen/Qwen2.5-VL-7B-Instruct,far_mismatch,coarse perception,Which category does this image belong to?,D,"The image appears to be a photograph (B: photo) of a red traffic light and a carved pumpkin with a face. The details and lighting suggest it was taken with a camera, which aligns with the characteristics of a photo. Therefore, the correct category for this image is B: photo.",B,hedged_answer,none,yes
238,bundle_74,Qwen/Qwen2.5-VL-7B-Instruct,hard_mismatch,coarse perception,Which category does this image belong to?,D,"The image appears to be a photograph (B: photo) of a red traffic light and a carved pumpkin with a face. The details and lighting suggest it was taken with a camera, which aligns with the characteristics of a photo. Therefore, the correct category for this image is B: photo.",B,confident_answer,none,yes
266,bundle_75,Qwen/Qwen2.5-VL-7B-Instruct,correct_image,fine-grained perception,How many people are playing guitar in the image?,C,"The image shows two individuals playing guitars. Therefore, the correct answer is:

B: Two",B,confident_answer,none,yes
266,bundle_75,Qwen/Qwen2.5-VL-7B-Instruct,no_image,fine-grained perception,How many people are playing guitar in the image?,C,"The image shows two individuals playing guitars. Therefore, the correct answer is:

B: Two",B,confident_answer,none,yes
266,bundle_75,Qwen/Qwen2.5-VL-7B-Instruct,blank_image,fine-grained perception,How many people are playing guitar in the image?,C,"The image shows one person playing a guitar. Therefore, the correct answer is:

A: One",A,confident_answer,none,yes
266,bundle_75,Qwen/Qwen2.5-VL-7B-Instruct,far_mismatch,fine-grained perception,How many people are playing guitar in the image?,C,"The image provided does not contain any people or guitars. It shows a green sign with an arrow pointing left and the word ""EXIT"" on it, mounted on a corrugated metal structure against a blue sky. Therefore, there are no people playing guitars in the image. The correct answer cannot be determined from the given options as none of them match the content of the image.",ABSTAIN,explicit_abstention,mismatch_or_irrelevant,yes
266,bundle_75,Qwen/Qwen2.5-VL-7B-Instruct,hard_mismatch,fine-grained perception,How many people are playing guitar in the image?,C,"The image provided does not contain any people or guitars. It shows a green sign with an arrow pointing left and the word ""EXIT"" on it, mounted on a corrugated metal structure against a blue sky. Therefore, there are no people playing guitars in the image. The correct answer cannot be determined from the given options as none of them match the content of the image.",ABSTAIN,explicit_abstention,mismatch_or_irrelevant,yes
299,bundle_76,Qwen/Qwen2.5-VL-7B-Instruct,correct_image,fine-grained perception,How would you describe the color of the sand in the image?,A,The color of the sand in the image can be described as D: Golden.,D,hedged_answer,none,yes
299,bundle_76,Qwen/Qwen2.5-VL-7B-Instruct,no_image,fine-grained perception,How would you describe the color of the sand in the image?,A,"The image shows a beach with sand. The sand appears to be light gray in color. Therefore, the correct answer based on the available visual evidence is:

C: Light gray",C,confident_answer,none,yes
299,bundle_76,Qwen/Qwen2.5-VL-7B-Instruct,blank_image,fine-grained perception,How would you describe the color of the sand in the image?,A,"The color of the sand in the image appears to be light gray. Therefore, the correct answer is:

C: Light gray",C,hedged_answer,none,yes
299,bundle_76,Qwen/Qwen2.5-VL-7B-Instruct,far_mismatch,fine-grained perception,How would you describe the color of the sand in the image?,A,"The image does not contain any sand or a beach scene. Therefore, it is not possible to describe the color of the sand in this image. The options provided do not apply to the content of the image.",ABSTAIN,explicit_abstention,mismatch_or_irrelevant,yes
299,bundle_76,Qwen/Qwen2.5-VL-7B-Instruct,hard_mismatch,fine-grained perception,How would you describe the color of the sand in the image?,A,"The image does not contain any sand or a beach scene. Therefore, it is not possible to describe the color of the sand in this image. The options provided do not apply to the content of the image.",ABSTAIN,explicit_abstention,mismatch_or_irrelevant,yes
335,bundle_77,Qwen/Qwen2.5-VL-7B-Instruct,correct_image,fine-grained perception,How many clear glasses are on the table in the image?,D,"To determine the number of clear glasses on the table, let's analyze the image:

1. There is one clear glass with a red liquid.
2. There is another clear glass with a clear liquid.
3. There is a third clear glass partially visible on the left side of the image.
4. There is a fourth clear glass on the right side of the image, which appears to be empty.

Adding these up, we have four clear glasses on the table.

Therefore, the correct answer is:
D: Four",D,confident_answer,none,yes
335,bundle_77,Qwen/Qwen2.5-VL-7B-Instruct,no_image,fine-grained perception,How many clear glasses are on the table in the image?,D,"The image shows a table with several objects on it, including what appear to be glasses. However, due to the angle and lighting, it's challenging to definitively count the number of clear glasses. There seem to be more than four but fewer than six. Therefore, based on the available visual evidence, the most accurate answer cannot be determined from the options provided.",ABSTAIN,explicit_abstention,insufficient_or_unclear,yes
335,bundle_77,Qwen/Qwen2.5-VL-7B-Instruct,blank_image,fine-grained perception,How many clear glasses are on the table in the image?,D,"The image shows a table with several glasses on it. Upon careful observation, there appear to be four clear glasses visible on the table. Therefore, the correct answer is:

D: Four",D,confident_answer,none,yes
335,bundle_77,Qwen/Qwen2.5-VL-7B-Instruct,far_mismatch,fine-grained perception,How many clear glasses are on the table in the image?,D,"The image provided does not contain any visible table or glasses. Therefore, it is not possible to determine how many clear glasses are on the table in the image. The correct answer cannot be determined from the given options.",ABSTAIN,explicit_abstention,mismatch_or_irrelevant,yes
335,bundle_77,Qwen/Qwen2.5-VL-7B-Instruct,hard_mismatch,fine-grained perception,How many clear glasses are on the table in the image?,D,"The image provided does not contain any visible table or glasses. Therefore, it is not possible to determine how many clear glasses are on the table in the image. The correct answer cannot be determined from the given options.",ABSTAIN,explicit_abstention,insufficient_or_unclear,yes
343,bundle_78,Qwen/Qwen2.5-VL-7B-Instruct,correct_image,fine-grained perception,Where is the man wearing a black backpack?,C,"The man wearing a black backpack is in the foreground of the image. Therefore, the correct answer is:

A: In the foreground.",A,confident_answer,none,yes
343,bundle_78,Qwen/Qwen2.5-VL-7B-Instruct,no_image,fine-grained perception,Where is the man wearing a black backpack?,C,"The image shows a person wearing a black backpack in the foreground. Therefore, the correct answer is:

A: In the foreground.",A,confident_answer,none,yes
343,bundle_78,Qwen/Qwen2.5-VL-7B-Instruct,blank_image,fine-grained perception,Where is the man wearing a black backpack?,C,"The image provided does not contain any visible elements that would allow us to determine the location of a man wearing a black backpack. There is no such person or object present in the image. Therefore, the correct answer is:

D: Cannot be determined",D,explicit_abstention,insufficient_or_unclear,yes
343,bundle_78,Qwen/Qwen2.5-VL-7B-Instruct,far_mismatch,fine-grained perception,Where is the man wearing a black backpack?,C,"The visual evidence in the image does not show any man wearing a black backpack. Therefore, the correct answer is:

D: Cannot be determined",D,explicit_abstention,insufficient_or_unclear,yes
343,bundle_78,Qwen/Qwen2.5-VL-7B-Instruct,hard_mismatch,fine-grained perception,Where is the man wearing a black backpack?,C,"The visual evidence in the image does not show any man wearing a black backpack. Therefore, the correct answer is:

D: Cannot be determined",D,explicit_abstention,insufficient_or_unclear,yes
410,bundle_79,Qwen/Qwen2.5-VL-7B-Instruct,correct_image,fine-grained perception,What is the relative position of the woman's hand to her body in the image?,A,A: Beside her head,A,confident_answer,none,yes
410,bundle_79,Qwen/Qwen2.5-VL-7B-Instruct,no_image,fine-grained perception,What is the relative position of the woman's hand to her body in the image?,A,"The image shows a woman with her hand resting on her hip. Therefore, the correct answer is:

D: Resting on her hip",D,confident_answer,none,yes
410,bundle_79,Qwen/Qwen2.5-VL-7B-Instruct,blank_image,fine-grained perception,What is the relative position of the woman's hand to her body in the image?,A,"The woman's hand appears to be resting on her hip. Therefore, the correct answer is:

D: Resting on her hip",D,hedged_answer,none,yes
410,bundle_79,Qwen/Qwen2.5-VL-7B-Instruct,far_mismatch,fine-grained perception,What is the relative position of the woman's hand to her body in the image?,A,"The image does not show a woman; it shows a man walking on a runway holding a golf club. Therefore, there is no information about the woman's hand position in this image. The correct answer cannot be determined from the provided image.",ABSTAIN,explicit_abstention,mismatch_or_irrelevant,yes
410,bundle_79,Qwen/Qwen2.5-VL-7B-Instruct,hard_mismatch,fine-grained perception,What is the relative position of the woman's hand to her body in the image?,A,"The image does not show a woman; it shows a man walking on a runway holding a golf club. Therefore, there is no information about the woman's hand position in this image. The correct answer cannot be determined from the provided image.",ABSTAIN,explicit_abstention,mismatch_or_irrelevant,yes
425,bundle_80,Qwen/Qwen2.5-VL-7B-Instruct,correct_image,fine-grained perception,How many older men are playing guitars in the image?,C,"The image shows three men playing guitars. Therefore, the correct answer is:

C: 3",C,confident_answer,none,yes
425,bundle_80,Qwen/Qwen2.5-VL-7B-Instruct,no_image,fine-grained perception,How many older men are playing guitars in the image?,C,"The image shows two older men playing guitars. Therefore, the correct answer is:

D: 2",D,confident_answer,none,yes
425,bundle_80,Qwen/Qwen2.5-VL-7B-Instruct,blank_image,fine-grained perception,How many older men are playing guitars in the image?,C,"The image shows two older men playing guitars. Therefore, the correct answer is:

D: 2",D,confident_answer,none,yes
425,bundle_80,Qwen/Qwen2.5-VL-7B-Instruct,far_mismatch,fine-grained perception,How many older men are playing guitars in the image?,C,"The image shows two individuals playing guitars. One is on the left side of the image and the other is on the right side. Therefore, the correct answer is:

D: 2",D,confident_answer,none,yes
425,bundle_80,Qwen/Qwen2.5-VL-7B-Instruct,hard_mismatch,fine-grained perception,How many older men are playing guitars in the image?,C,"The image shows two individuals playing guitars. One is on the left side of the image and the other is on the right side. Therefore, the correct answer is:

D: 2",D,confident_answer,none,yes
460,bundle_81,Qwen/Qwen2.5-VL-7B-Instruct,correct_image,fine-grained perception,How many types of fruits are in the bowl?,A,"The bowl contains watermelon, strawberries, and bananas. Therefore, there are 3 types of fruits in the bowl.

Answer: C: 3",C,confident_answer,none,yes
460,bundle_81,Qwen/Qwen2.5-VL-7B-Instruct,no_image,fine-grained perception,How many types of fruits are in the bowl?,A,"The image shows a bowl with various fruits. Upon careful observation, there appear to be at least three distinct types of fruits visible in the bowl. Therefore, the correct answer based on the available visual evidence is:

C: 3",C,hedged_answer,none,yes
460,bundle_81,Qwen/Qwen2.5-VL-7B-Instruct,blank_image,fine-grained perception,How many types of fruits are in the bowl?,A,"The image shows a bowl with three distinct types of fruits: apples, bananas, and grapes. Therefore, the correct answer is:

C: 3",C,confident_answer,none,yes
460,bundle_81,Qwen/Qwen2.5-VL-7B-Instruct,far_mismatch,fine-grained perception,How many types of fruits are in the bowl?,A,"The image provided does not contain any bowl or fruits. Therefore, it is not possible to determine how many types of fruits are in the bowl based on this image. The correct answer cannot be determined from the given options.",ABSTAIN,explicit_abstention,mismatch_or_irrelevant,yes
460,bundle_81,Qwen/Qwen2.5-VL-7B-Instruct,hard_mismatch,fine-grained perception,How many types of fruits are in the bowl?,A,"The image provided does not contain any bowl or fruits. Therefore, it is not possible to determine how many types of fruits are in the bowl based on this image. The correct answer cannot be determined from the given options.",ABSTAIN,explicit_abstention,mismatch_or_irrelevant,yes
467,bundle_82,Qwen/Qwen2.5-VL-7B-Instruct,correct_image,fine-grained perception,How many windows are in the room?,C,"The room has three windows. Therefore, the correct answer is:

C: 4",C,confident_answer,mismatch_or_irrelevant,yes
467,bundle_82,Qwen/Qwen2.5-VL-7B-Instruct,no_image,fine-grained perception,How many windows are in the room?,C,"The image shows a room with two visible windows. Therefore, the correct answer based on the available visual evidence is:

B: 2",B,confident_answer,none,yes
467,bundle_82,Qwen/Qwen2.5-VL-7B-Instruct,blank_image,fine-grained perception,How many windows are in the room?,C,"The image shows a room with two visible windows. Therefore, the correct answer is:

B: 2",B,confident_answer,none,yes
467,bundle_82,Qwen/Qwen2.5-VL-7B-Instruct,far_mismatch,fine-grained perception,How many windows are in the room?,C,"The image provided does not show any windows. It appears to be a close-up of a pan filled with what looks like fried snacks. Therefore, it is not possible to determine the number of windows in the room from this image. The correct answer cannot be determined based on the given options and the visual evidence.",ABSTAIN,explicit_abstention,insufficient_or_unclear,yes
467,bundle_82,Qwen/Qwen2.5-VL-7B-Instruct,hard_mismatch,fine-grained perception,How many windows are in the room?,C,"The image provided does not show any windows. It appears to be a close-up of a pan filled with what looks like fried snacks. Therefore, it is not possible to determine the number of windows in the room from this image. The correct answer cannot be determined based on the given options and the visual evidence.",ABSTAIN,explicit_abstention,insufficient_or_unclear,yes
471,bundle_83,Qwen/Qwen2.5-VL-7B-Instruct,correct_image,fine-grained perception,How many drawers can be seen in the image?,D,"The image shows a set of drawers with four visible handles. Therefore, the correct answer is:

D: Four",D,confident_answer,none,yes
471,bundle_83,Qwen/Qwen2.5-VL-7B-Instruct,no_image,fine-grained perception,How many drawers can be seen in the image?,D,"The image shows two drawers. Therefore, the correct answer is:

C: Two",C,confident_answer,none,yes
471,bundle_83,Qwen/Qwen2.5-VL-7B-Instruct,blank_image,fine-grained perception,How many drawers can be seen in the image?,D,"The image shows two drawers. Therefore, the correct answer is:

C: Two",C,confident_answer,none,yes
471,bundle_83,Qwen/Qwen2.5-VL-7B-Instruct,far_mismatch,fine-grained perception,How many drawers can be seen in the image?,D,"The image shows a shelf with items on it, but there are no drawers visible. Therefore, the correct answer is:

D: Four",D,confident_answer,mismatch_or_irrelevant,yes
471,bundle_83,Qwen/Qwen2.5-VL-7B-Instruct,hard_mismatch,fine-grained perception,How many drawers can be seen in the image?,D,"The image shows a shelf with items on it, but there are no drawers visible. Therefore, the correct answer is:

D: Four",D,confident_answer,mismatch_or_irrelevant,yes
477,bundle_84,Qwen/Qwen2.5-VL-7B-Instruct,correct_image,fine-grained perception,How many people are on stage in the image?,B,"The image shows three people on stage. There is one person singing and playing guitar, another person playing a bass guitar, and a third person playing a keyboard in the background. Therefore, the correct answer is:

C: Three",C,confident_answer,none,yes
477,bundle_84,Qwen/Qwen2.5-VL-7B-Instruct,no_image,fine-grained perception,How many people are on stage in the image?,B,"The image shows two people on stage. Therefore, the correct answer is:

D: Two",D,confident_answer,none,yes
477,bundle_84,Qwen/Qwen2.5-VL-7B-Instruct,blank_image,fine-grained perception,How many people are on stage in the image?,B,"The image shows two people on stage. Therefore, the correct answer is:

D: Two",D,confident_answer,none,yes
477,bundle_84,Qwen/Qwen2.5-VL-7B-Instruct,far_mismatch,fine-grained perception,How many people are on stage in the image?,B,"The image shows three people: one pitcher in the foreground and two individuals in the background who appear to be spectators or coaches. Therefore, the correct answer is:

C: Three",C,confident_answer,none,yes
477,bundle_84,Qwen/Qwen2.5-VL-7B-Instruct,hard_mismatch,fine-grained perception,How many people are on stage in the image?,B,"The image shows three people: one pitcher in the foreground and two individuals in the background who appear to be spectators or coaches. Therefore, the correct answer is:

C: Three",C,confident_answer,none,yes
496,bundle_85,Qwen/Qwen2.5-VL-7B-Instruct,correct_image,fine-grained perception,What color is the hair of the woman in the image?,A,"The hair of the woman in the image appears to be black. Therefore, the correct answer is:

A: Black",A,hedged_answer,none,yes
496,bundle_85,Qwen/Qwen2.5-VL-7B-Instruct,no_image,fine-grained perception,What color is the hair of the woman in the image?,A,"The image shows a woman with dark hair. Based on the options provided, the closest match would be:

A: Black",A,hedged_answer,none,yes
496,bundle_85,Qwen/Qwen2.5-VL-7B-Instruct,blank_image,fine-grained perception,What color is the hair of the woman in the image?,A,"The image shows a woman with dark hair. Based on the options provided, the closest match would be:

A: Black",A,hedged_answer,none,yes
496,bundle_85,Qwen/Qwen2.5-VL-7B-Instruct,far_mismatch,fine-grained perception,What color is the hair of the woman in the image?,A,"The image provided does not contain any visible human figures or hair. Therefore, it is not possible to determine the color of the hair of a woman in this image. The question cannot be answered based on the given visual evidence.",ABSTAIN,explicit_abstention,insufficient_or_unclear,yes
496,bundle_85,Qwen/Qwen2.5-VL-7B-Instruct,hard_mismatch,fine-grained perception,What color is the hair of the woman in the image?,A,"The image provided does not contain any visible human figures or hair. Therefore, it is not possible to determine the color of the hair of a woman in this image. The question cannot be answered based on the given visual evidence.",ABSTAIN,explicit_abstention,insufficient_or_unclear,yes
522,bundle_86,Qwen/Qwen2.5-VL-7B-Instruct,correct_image,instance reasoning,Which image is the brightest one?,B,"The brightest image in the collage appears to be the one in the upper right (Option B). It has a high level of brightness and contrast compared to the other images, which are either darker or have more subdued lighting.",B,hedged_answer,none,yes
522,bundle_86,Qwen/Qwen2.5-VL-7B-Instruct,no_image,instance reasoning,Which image is the brightest one?,B,"To determine which image is the brightest, I would need to see the images you're referring to. Since the images are not provided in your question, it's impossible for me to analyze them and provide an answer based on the brightness of each image. Please upload or describe the images so I can assist you better.",ABSTAIN,explicit_abstention,missing,no
522,bundle_86,Qwen/Qwen2.5-VL-7B-Instruct,blank_image,instance reasoning,Which image is the brightest one?,B,"The image in the upper left corner (Option A) appears to be the brightest among the four images provided. The other images have varying levels of brightness and contrast, but the upper left image has the most uniform and intense white area, making it the brightest.",A,hedged_answer,none,yes
522,bundle_86,Qwen/Qwen2.5-VL-7B-Instruct,far_mismatch,instance reasoning,Which image is the brightest one?,B,"The image that appears to be the brightest is:

B: upper right

This area has the most direct sunlight and the least shadowing, making it appear brighter compared to the other parts of the image.",B,confident_answer,none,yes
522,bundle_86,Qwen/Qwen2.5-VL-7B-Instruct,hard_mismatch,instance reasoning,Which image is the brightest one?,B,"The image that appears to be the brightest is:

B: upper right

This area has the most direct sunlight and the least shadowing, making it appear brighter compared to the other parts of the image.",B,hedged_answer,none,yes
567,bundle_87,Qwen/Qwen2.5-VL-7B-Instruct,correct_image,instance reasoning,Which solution has a higher concentration of pink particles?,C,"To determine which solution has a higher concentration of pink particles, we need to compare the number of pink particles in each solution relative to the volume of the solvent.

- Solution A has 4 pink particles in 40 mL of solvent.
- Solution B has 12 pink particles in 40 mL of solvent.

The concentration of a solution is given by the number of solute particles divided by the volume of the solvent. 

For Solution A:
\[ \text{Concentration of Solution A} = \frac{4 \text{ particles}}{40 \text{ mL}} = 0.1 \text{",UNSCORABLE,unscorable,none,yes
567,bundle_87,Qwen/Qwen2.5-VL-7B-Instruct,no_image,instance reasoning,Which solution has a higher concentration of pink particles?,C,"The image provided does not contain any visual evidence of solutions or particles for comparison. Therefore, it is impossible to determine which solution has a higher concentration of pink particles based on the given information. The correct answer cannot be determined from the available visual evidence.",ABSTAIN,explicit_abstention,insufficient_or_unclear,yes
567,bundle_87,Qwen/Qwen2.5-VL-7B-Instruct,blank_image,instance reasoning,Which solution has a higher concentration of pink particles?,C,"To determine which solution has a higher concentration of pink particles, we need to compare the number of pink particles in each solution visually.

- Solution A appears to have fewer pink particles than Solution B.
- Solution B appears to have more pink particles than Solution A.

Therefore, based on the visual evidence, Solution B has a higher concentration of pink particles.

The correct answer is:
C: Solution B",C,confident_answer,none,yes
567,bundle_87,Qwen/Qwen2.5-VL-7B-Instruct,far_mismatch,instance reasoning,Which solution has a higher concentration of pink particles?,C,"The image provided is a diagram of the human brain with different regions labeled. There are no solutions or particles depicted in this image, and therefore, it is not possible to determine which solution has a higher concentration of pink particles based on the given image. The correct answer cannot be determined from the information provided. 

So, the answer is: D: nan (not applicable).",D,explicit_abstention,mismatch_or_irrelevant,yes
567,bundle_87,Qwen/Qwen2.5-VL-7B-Instruct,hard_mismatch,instance reasoning,Which solution has a higher concentration of pink particles?,C,"The image provided is a diagram of the human brain with different regions labeled. There are no solutions or particles depicted in this image, and therefore, it is not possible to determine which solution has a higher concentration of pink particles based on the given image. The correct answer cannot be determined from the information provided. 

So, the answer is: D: nan (not applicable).",D,explicit_abstention,mismatch_or_irrelevant,yes
590,bundle_88,Qwen/Qwen2.5-VL-7B-Instruct,correct_image,instance reasoning,Are the two animals in the picture the same color?,B,A: same,A,confident_answer,none,no
590,bundle_88,Qwen/Qwen2.5-VL-7B-Instruct,no_image,instance reasoning,Are the two animals in the picture the same color?,B,"The image provided does not contain any animals for comparison. Therefore, it is impossible to determine if the two animals in the picture are the same color or not. The correct answer based on the available visual evidence is:

C: Can't judge",C,explicit_abstention,mismatch_or_irrelevant,yes
590,bundle_88,Qwen/Qwen2.5-VL-7B-Instruct,blank_image,instance reasoning,Are the two animals in the picture the same color?,B,"The image shows two animals, but the visual evidence does not provide enough detail to determine their colors accurately. The animals appear to be similar in shape and size, but without clear color information, it's impossible to definitively say if they are the same color or not. Therefore, the correct answer based on the given options is:

C: Can't judge",C,explicit_abstention,insufficient_or_unclear,yes
590,bundle_88,Qwen/Qwen2.5-VL-7B-Instruct,far_mismatch,instance reasoning,Are the two animals in the picture the same color?,B,C: Can't judge,C,explicit_abstention,insufficient_or_unclear,no
590,bundle_88,Qwen/Qwen2.5-VL-7B-Instruct,hard_mismatch,instance reasoning,Are the two animals in the picture the same color?,B,C: Can't judge,C,explicit_abstention,insufficient_or_unclear,no
596,bundle_89,Qwen/Qwen2.5-VL-7B-Instruct,correct_image,instance reasoning,"Hint: Please answer the question and provide the correct option letter, e.g., A, B, C, D, at the end. Question: In the diagram of the food web shown what will most directly be affected by the loss of the trees?",A,"To determine which organism will most directly be affected by the loss of the trees in the given food web, we need to look at the arrows pointing towards the trees, as these indicate the organisms that consume or rely on the trees for food or habitat.

In the diagram:
- The arrow from the trees points to the horse.
- There are no arrows pointing from the trees to the bear or the cat.
- The arrow from the trees does not point to the deer either.

Therefore, the horse is the organism that will most directly be affected by the loss of the trees.

The correct answer is:
(A) horses",A,confident_answer,none,yes
596,bundle_89,Qwen/Qwen2.5-VL-7B-Instruct,no_image,instance reasoning,"Hint: Please answer the question and provide the correct option letter, e.g., A, B, C, D, at the end. Question: In the diagram of the food web shown what will most directly be affected by the loss of the trees?",A,"The image provided does not contain any visual evidence of a food web or the presence of trees, horses, cats, or bears. Therefore, it is impossible to determine which organism would be most directly affected by the loss of trees based on this image alone. The correct answer cannot be determined from the given information.",ABSTAIN,explicit_abstention,insufficient_or_unclear,yes
596,bundle_89,Qwen/Qwen2.5-VL-7B-Instruct,blank_image,instance reasoning,"Hint: Please answer the question and provide the correct option letter, e.g., A, B, C, D, at the end. Question: In the diagram of the food web shown what will most directly be affected by the loss of the trees?",A,"The image provided does not contain any information about a food web or the presence of trees, horses, cats, or bears. Therefore, it is impossible to determine which organism would be most directly affected by the loss of trees based on this image alone. The correct answer cannot be determined from the given visual evidence.",ABSTAIN,explicit_abstention,mismatch_or_irrelevant,yes
596,bundle_89,Qwen/Qwen2.5-VL-7B-Instruct,far_mismatch,instance reasoning,"Hint: Please answer the question and provide the correct option letter, e.g., A, B, C, D, at the end. Question: In the diagram of the food web shown what will most directly be affected by the loss of the trees?",A,"The image provided does not contain a food web or any information about trees, animals, or their interactions. Therefore, it is not possible to determine which option would be most directly affected by the loss of trees based on this image alone. The correct answer cannot be determined from the given visual evidence.",ABSTAIN,explicit_abstention,insufficient_or_unclear,yes
596,bundle_89,Qwen/Qwen2.5-VL-7B-Instruct,hard_mismatch,instance reasoning,"Hint: Please answer the question and provide the correct option letter, e.g., A, B, C, D, at the end. Question: In the diagram of the food web shown what will most directly be affected by the loss of the trees?",A,"The image provided does not contain a food web or any information about trees, animals, or their interactions. Therefore, it is not possible to determine which option would be most directly affected by the loss of trees based on this image alone. The correct answer cannot be determined from the given visual evidence.",ABSTAIN,explicit_abstention,mismatch_or_irrelevant,yes
627,bundle_90,Qwen/Qwen2.5-VL-7B-Instruct,correct_image,instance reasoning,Which solution has a higher concentration of yellow particles?,A,"To determine which solution has a higher concentration of yellow particles, we need to compare the number of yellow particles in each solution relative to the volume of the solvent.

- Solution A has 10 yellow particles in 50 mL of solvent.
- Solution B also has 10 yellow particles in 50 mL of solvent.

Since both solutions have the same number of yellow particles (10) and the same volume of solvent (50 mL), their concentrations are the same.

Therefore, the correct answer is:
B: neither; their concentrations are the same.",B,confident_answer,none,yes
627,bundle_90,Qwen/Qwen2.5-VL-7B-Instruct,no_image,instance reasoning,Which solution has a higher concentration of yellow particles?,A,"The image provided does not contain any visual evidence of solutions or particles for comparison. Therefore, it is impossible to determine which solution has a higher concentration of yellow particles based on the given information. The correct answer cannot be determined from the available visual evidence.",ABSTAIN,explicit_abstention,insufficient_or_unclear,yes
627,bundle_90,Qwen/Qwen2.5-VL-7B-Instruct,blank_image,instance reasoning,Which solution has a higher concentration of yellow particles?,A,"To determine which solution has a higher concentration of yellow particles, we need to compare the number of yellow particles in each solution visually.

- Solution A appears to have fewer yellow particles than Solution B.
- Solution B appears to have more yellow particles than Solution A.

Therefore, based on the visual evidence, Solution B has a higher concentration of yellow particles.

The correct answer is:
C: Solution B",C,confident_answer,none,yes
627,bundle_90,Qwen/Qwen2.5-VL-7B-Instruct,far_mismatch,instance reasoning,Which solution has a higher concentration of yellow particles?,A,"The image provided does not contain any information about solutions or particles. It shows an aircraft on a runway with people gathered around it. Therefore, there is insufficient visual evidence to determine which solution has a higher concentration of yellow particles. The correct answer cannot be determined from this image alone.",ABSTAIN,explicit_abstention,mismatch_or_irrelevant,yes
627,bundle_90,Qwen/Qwen2.5-VL-7B-Instruct,hard_mismatch,instance reasoning,Which solution has a higher concentration of yellow particles?,A,"The image provided does not contain any information about solutions or particles. It shows an aircraft on a runway with people gathered around it. Therefore, there is insufficient visual evidence to determine which solution has a higher concentration of yellow particles. The correct answer cannot be determined from this image alone.",ABSTAIN,explicit_abstention,mismatch_or_irrelevant,yes
719,bundle_91,Qwen/Qwen2.5-VL-7B-Instruct,correct_image,instance reasoning,What's the profession of the people in this picture?,A,A: astronaut,A,confident_answer,none,yes
719,bundle_91,Qwen/Qwen2.5-VL-7B-Instruct,no_image,instance reasoning,What's the profession of the people in this picture?,A,"The image provided does not contain any visual evidence to determine the profession of the people depicted. Therefore, it is not possible to answer the question based on the given options (A: astronaut, B: chemist, C: musician, D: pianist) with the information available.",ABSTAIN,explicit_abstention,insufficient_or_unclear,yes
719,bundle_91,Qwen/Qwen2.5-VL-7B-Instruct,blank_image,instance reasoning,What's the profession of the people in this picture?,A,"The image provided does not contain any visual evidence that allows us to determine the profession of the people depicted. The image appears to be a blank white space with no discernible features or context that would indicate their occupation. Therefore, it is not possible to accurately answer the question based on the given image.",ABSTAIN,explicit_abstention,blank_or_empty,yes
719,bundle_91,Qwen/Qwen2.5-VL-7B-Instruct,far_mismatch,instance reasoning,What's the profession of the people in this picture?,A,"The image shows a Citizen CL-S700i label printer. There are no people present in the image, so it is not possible to determine their profession based on this image alone. Therefore, the correct answer cannot be determined from the provided options.",ABSTAIN,explicit_abstention,insufficient_or_unclear,yes
719,bundle_91,Qwen/Qwen2.5-VL-7B-Instruct,hard_mismatch,instance reasoning,What's the profession of the people in this picture?,A,"The image shows a Citizen CL-S700i label printer. There are no people present in the image, so it is not possible to determine their profession based on this image alone. Therefore, the correct answer cannot be determined from the provided options.",ABSTAIN,explicit_abstention,insufficient_or_unclear,yes
726,bundle_92,Qwen/Qwen2.5-VL-7B-Instruct,correct_image,instance reasoning,What's the profession of the people in this picture?,C,"The profession of the person in the picture appears to be an electrician. This is indicated by the tools and equipment they are holding, which resemble those used for electrical work. Therefore, the correct answer is:

C: electrician",C,hedged_answer,none,yes
726,bundle_92,Qwen/Qwen2.5-VL-7B-Instruct,no_image,instance reasoning,What's the profession of the people in this picture?,C,"The image provided does not contain any visual evidence that allows for the determination of the profession of the people depicted. Therefore, it is not possible to answer the question based on the given options or the available visual information.",ABSTAIN,explicit_abstention,insufficient_or_unclear,no
726,bundle_92,Qwen/Qwen2.5-VL-7B-Instruct,blank_image,instance reasoning,What's the profession of the people in this picture?,C,"The image provided does not contain any visible details or context that would allow us to determine the profession of the people depicted. There is no text, symbols, or other visual clues that indicate their occupation. Therefore, based on the given options and the information available in the image, it is not possible to accurately determine the profession of the individuals shown.",ABSTAIN,explicit_abstention,insufficient_or_unclear,yes
726,bundle_92,Qwen/Qwen2.5-VL-7B-Instruct,far_mismatch,instance reasoning,What's the profession of the people in this picture?,C,"The image provided does not contain any people or professions. It shows different types of leaves labeled with letters from A to D. Therefore, it is not possible to determine the profession of the people in this picture based on the given image.",ABSTAIN,explicit_abstention,insufficient_or_unclear,yes
726,bundle_92,Qwen/Qwen2.5-VL-7B-Instruct,hard_mismatch,instance reasoning,What's the profession of the people in this picture?,C,"The image provided does not contain any people or professions. It shows different types of leaves labeled with letters from A to D. Therefore, it is not possible to determine the profession of the people in this picture based on the given image.",ABSTAIN,explicit_abstention,mismatch_or_irrelevant,yes
734,bundle_93,Qwen/Qwen2.5-VL-7B-Instruct,correct_image,instance reasoning,Which option describe the object relationship in the image correctly?,A,A: The bed is beneath the suitcase.,A,confident_answer,none,yes
734,bundle_93,Qwen/Qwen2.5-VL-7B-Instruct,no_image,instance reasoning,Which option describe the object relationship in the image correctly?,A,"The image shows a bed with a suitcase placed on it. Therefore, the correct description of the object relationship in the image is:

C: The suitcase is beneath the bed.",C,confident_answer,mismatch_or_irrelevant,yes
734,bundle_93,Qwen/Qwen2.5-VL-7B-Instruct,blank_image,instance reasoning,Which option describe the object relationship in the image correctly?,A,"The image shows a bed with a suitcase placed on it. Therefore, the correct description of the object relationship in the image is:

C: The suitcase is beneath the bed.",C,confident_answer,mismatch_or_irrelevant,yes
734,bundle_93,Qwen/Qwen2.5-VL-7B-Instruct,far_mismatch,instance reasoning,Which option describe the object relationship in the image correctly?,A,"The image provided does not contain any objects such as a bed, a suitcase, a car, or a cat, nor does it show a microwave. Therefore, none of the given options can be described as correct based on the visual evidence in the image.",ABSTAIN,confident_answer,none,yes
734,bundle_93,Qwen/Qwen2.5-VL-7B-Instruct,hard_mismatch,instance reasoning,Which option describe the object relationship in the image correctly?,A,"The image provided does not contain any objects such as a bed, a suitcase, a car, or a cat, nor does it show a microwave. Therefore, none of the given options can be described as correct based on the visual evidence in the image.",ABSTAIN,confident_answer,none,yes
766,bundle_94,Qwen/Qwen2.5-VL-7B-Instruct,correct_image,logical reasoning,Where is the young man in the black robe seated in the painting?,B,C: In front of a sculpture.,C,confident_answer,none,yes
766,bundle_94,Qwen/Qwen2.5-VL-7B-Instruct,no_image,logical reasoning,Where is the young man in the black robe seated in the painting?,B,"The image provided does not contain any visual evidence of a painting or a young man in a black robe. Therefore, it is not possible to determine where the young man in the black robe is seated based on the given options and the available visual evidence. The correct answer is:

B: None of the above",B,hedged_answer,insufficient_or_unclear,yes
766,bundle_94,Qwen/Qwen2.5-VL-7B-Instruct,blank_image,logical reasoning,Where is the young man in the black robe seated in the painting?,B,"The image provided does not contain any visible elements such as a bench, a sculpture, or the ground where the young man in the black robe could be seated. The visual evidence is insufficient to determine the exact location of the young man in the black robe within the painting. Therefore, the correct answer based on the given options is:

B: None of the above",B,hedged_answer,insufficient_or_unclear,yes
766,bundle_94,Qwen/Qwen2.5-VL-7B-Instruct,far_mismatch,logical reasoning,Where is the young man in the black robe seated in the painting?,B,"The image provided does not contain any painting or a young man in a black robe. It shows a cityscape with buildings and a boat docked near a waterfront. Therefore, the correct answer based on the available visual evidence is:

B: None of the above",B,confident_answer,mismatch_or_irrelevant,yes
766,bundle_94,Qwen/Qwen2.5-VL-7B-Instruct,hard_mismatch,logical reasoning,Where is the young man in the black robe seated in the painting?,B,"The image provided does not contain any painting or a young man in a black robe. It shows a cityscape with buildings and a boat docked near a waterfront. Therefore, the correct answer based on the available visual evidence is:

B: None of the above",B,confident_answer,none,yes
771,bundle_95,Qwen/Qwen2.5-VL-7B-Instruct,correct_image,logical reasoning,"Hint: Please answer the question and provide the correct option letter, e.g., A, B, C, D, at the end. Question: How many years have value less than 10%?",D,"To determine how many years have a value less than 10%, let's examine the data:

- 2010: 21.4%
- 2011: 8.8%
- 2012: 16.9%
- 2013: 12.1%
- 2014: 5.3%
- 2015: 27.6%
- 2016: 15.6%
- 2017: 8.5%
- 2018:",UNSCORABLE,unscorable,none,yes
771,bundle_95,Qwen/Qwen2.5-VL-7B-Instruct,no_image,logical reasoning,"Hint: Please answer the question and provide the correct option letter, e.g., A, B, C, D, at the end. Question: How many years have value less than 10%?",D,"The question asks for the number of years with values less than 10%. However, there is no visual evidence provided in the image to determine the specific values or the number of years that meet this criterion. Therefore, it is not possible to accurately answer the question based on the given information.

Answer: The visual evidence is insufficient to determine the answer.",ABSTAIN,explicit_abstention,insufficient_or_unclear,no
771,bundle_95,Qwen/Qwen2.5-VL-7B-Instruct,blank_image,logical reasoning,"Hint: Please answer the question and provide the correct option letter, e.g., A, B, C, D, at the end. Question: How many years have value less than 10%?",D,"The image provided does not contain any numerical data or percentages that can be analyzed to determine how many years have a value less than 10%. Therefore, there is insufficient visual evidence to answer the question accurately.

Answer: The correct option cannot be determined from the given image.",ABSTAIN,explicit_abstention,insufficient_or_unclear,yes
771,bundle_95,Qwen/Qwen2.5-VL-7B-Instruct,far_mismatch,logical reasoning,"Hint: Please answer the question and provide the correct option letter, e.g., A, B, C, D, at the end. Question: How many years have value less than 10%?",D,"The image provided is a map of the United States with one state highlighted in a darker shade of green. There are no numerical values or percentages associated with the states on this map. Therefore, it is not possible to determine how many years have a value less than 10% based on the information given in the image.

Answer: A",A,hedged_answer,insufficient_or_unclear,yes
771,bundle_95,Qwen/Qwen2.5-VL-7B-Instruct,hard_mismatch,logical reasoning,"Hint: Please answer the question and provide the correct option letter, e.g., A, B, C, D, at the end. Question: How many years have value less than 10%?",D,"The image provided is a map of the United States with one state highlighted in a darker shade of green. There are no numerical values or percentages associated with the states on this map. Therefore, it is not possible to determine how many years have a value less than 10% based on the information given in the image.

Answer: A",A,hedged_answer,insufficient_or_unclear,yes
810,bundle_96,Qwen/Qwen2.5-VL-7B-Instruct,correct_image,logical reasoning,What is the main activity of the people on the beach?,A,"The main activity of the people on the beach appears to be swimming, as evidenced by the presence of individuals in the water and the overall layout of the beach with umbrellas and people scattered along the shore. Therefore, the correct answer is:

D: Swimming",D,confident_answer,none,yes
810,bundle_96,Qwen/Qwen2.5-VL-7B-Instruct,no_image,logical reasoning,What is the main activity of the people on the beach?,A,"The image shows people on a beach with some individuals in the water and others standing or sitting near the shore. There is no clear evidence of sunbathing, having a picnic, or playing volleyball. The most prominent activity appears to be swimming. Therefore, based on the available visual evidence, the main activity of the people on the beach is:

D: Swimming",D,hedged_answer,none,yes
810,bundle_96,Qwen/Qwen2.5-VL-7B-Instruct,blank_image,logical reasoning,What is the main activity of the people on the beach?,A,"The image shows a group of people on a beach with some individuals in the water and others standing or sitting near the shore. There are no clear indications of sunbathing, having a picnic, or playing volleyball. The presence of people in the water suggests that swimming might be the main activity. Therefore, the most likely answer based on the visual evidence is:

D: Swimming",D,hedged_answer,none,yes
810,bundle_96,Qwen/Qwen2.5-VL-7B-Instruct,far_mismatch,logical reasoning,What is the main activity of the people on the beach?,A,"The image provided does not contain any visual evidence of people on a beach engaging in any specific activities such as sunbathing, having a picnic, playing volleyball, or swimming. Therefore, it is not possible to determine the main activity of the people on the beach based on this image alone.",ABSTAIN,explicit_abstention,insufficient_or_unclear,yes
810,bundle_96,Qwen/Qwen2.5-VL-7B-Instruct,hard_mismatch,logical reasoning,What is the main activity of the people on the beach?,A,"The image provided does not contain any visual evidence of people on a beach engaging in any specific activities such as sunbathing, having a picnic, playing volleyball, or swimming. Therefore, it is not possible to determine the main activity of the people on the beach based on this image alone.",ABSTAIN,explicit_abstention,insufficient_or_unclear,yes
814,bundle_97,Qwen/Qwen2.5-VL-7B-Instruct,correct_image,logical reasoning,"Hint: Please answer the question and provide the correct option letter, e.g., A, B, C, D, at the end. Question: Is Sky Blue the minimum?",A,"To determine if ""Sky Blue"" is the minimum value in the bar chart, let's follow these steps:

1. **Identify the Bars**: The chart has bars labeled with different colors and corresponding values.
2. **Locate ""Sky Blue""**: The bar for ""Sky Blue"" is at the bottom of the chart.
3. **Compare Values**: 
   - ""Deep Sky Blue"" has the longest bar, indicating the highest value.
   - ""Lime Green"" is the second longest.
   - ""Dark Cyan"" is shorter than Lime Green but longer than Burlywood.
   - ""Burlywood""",UNSCORABLE,unscorable,insufficient_or_unclear,yes
814,bundle_97,Qwen/Qwen2.5-VL-7B-Instruct,no_image,logical reasoning,"Hint: Please answer the question and provide the correct option letter, e.g., A, B, C, D, at the end. Question: Is Sky Blue the minimum?",A,"The question asks whether ""Sky Blue"" is the minimum among the given options. However, the provided options do not include ""Sky Blue,"" nor do they provide any context or scale for comparison. Therefore, there is insufficient information to determine if ""Sky Blue"" is the minimum.

Answer: (D) nan",D,hedged_answer,insufficient_or_unclear,no
814,bundle_97,Qwen/Qwen2.5-VL-7B-Instruct,blank_image,logical reasoning,"Hint: Please answer the question and provide the correct option letter, e.g., A, B, C, D, at the end. Question: Is Sky Blue the minimum?",A,"The image provided does not contain any numerical data or information that can be used to determine if ""Sky Blue"" is the minimum in the context of the question. The image appears to be a blank white space with no text or numbers. Therefore, there is insufficient visual evidence to answer the question.

Answer: (D) nan",D,hedged_answer,blank_or_empty,yes
814,bundle_97,Qwen/Qwen2.5-VL-7B-Instruct,far_mismatch,logical reasoning,"Hint: Please answer the question and provide the correct option letter, e.g., A, B, C, D, at the end. Question: Is Sky Blue the minimum?",A,"The image provided does not contain any information about the color ""Sky Blue"" or any comparison of colors to determine if it is the minimum. Therefore, there is insufficient visual evidence to answer the question with the given options.

Answer: D",D,hedged_answer,insufficient_or_unclear,yes
814,bundle_97,Qwen/Qwen2.5-VL-7B-Instruct,hard_mismatch,logical reasoning,"Hint: Please answer the question and provide the correct option letter, e.g., A, B, C, D, at the end. Question: Is Sky Blue the minimum?",A,"The image provided does not contain any information about the color ""Sky Blue"" or any comparison of colors to determine if it is the minimum. Therefore, there is insufficient visual evidence to answer the question with the given options.

Answer: D",D,hedged_answer,insufficient_or_unclear,yes
896,bundle_98,Qwen/Qwen2.5-VL-7B-Instruct,correct_image,logical reasoning,What season is depicted in the image?,A,"The image shows a dry landscape with sparse vegetation and no snow or signs of winter. The presence of zebras and an elephant suggests a warm climate, which is more indicative of summer or spring rather than autumn or winter. However, without specific indicators such as flowering plants or the type of vegetation, it's difficult to definitively determine the season. Given the options provided, the most plausible answer based on the visual evidence is:

A: Summer",A,hedged_answer,insufficient_or_unclear,yes
896,bundle_98,Qwen/Qwen2.5-VL-7B-Instruct,no_image,logical reasoning,What season is depicted in the image?,A,"The image shows a scene with snow-covered ground and trees, which suggests it is winter. Therefore, the correct answer is:

D: Winter",D,confident_answer,none,yes
896,bundle_98,Qwen/Qwen2.5-VL-7B-Instruct,blank_image,logical reasoning,What season is depicted in the image?,A,"The image shows a tree with leaves, which suggests it could be either Spring or Autumn. However, without additional context such as the type of tree, the location, or other seasonal indicators, it is not possible to definitively determine the season from the image alone. Therefore, based on the limited information provided by the image, the answer cannot be conclusively determined from the options given.",ABSTAIN,explicit_abstention,insufficient_or_unclear,yes
896,bundle_98,Qwen/Qwen2.5-VL-7B-Instruct,far_mismatch,logical reasoning,What season is depicted in the image?,A,"The image does not provide any direct indication of the season, such as seasonal decorations, weather conditions, or specific objects that are typically associated with particular seasons. The objects in the image appear to be generic 3D shapes and do not have any seasonal characteristics. Therefore, it is not possible to determine the season depicted in the image based on the provided visual evidence.",ABSTAIN,explicit_abstention,insufficient_or_unclear,yes
896,bundle_98,Qwen/Qwen2.5-VL-7B-Instruct,hard_mismatch,logical reasoning,What season is depicted in the image?,A,"The image does not provide any direct indication of the season, such as seasonal decorations, weather conditions, or specific objects that are typically associated with particular seasons. The objects in the image appear to be generic 3D shapes and do not have any seasonal characteristics. Therefore, it is not possible to determine the season depicted in the image based on the provided visual evidence.",ABSTAIN,explicit_abstention,insufficient_or_unclear,yes
901,bundle_99,Qwen/Qwen2.5-VL-7B-Instruct,correct_image,logical reasoning,"Hint: Please answer the question and provide the correct option letter, e.g., A, B, C, D, at the end. Question: Is the function (f: R to R) surjective?",A,"To determine if the function \( f(x) = x^3 \) is surjective, we need to check if every real number \( y \) in the codomain has at least one corresponding \( x \) in the domain such that \( f(x) = y \).

From the graph:
- The function \( f(x) = x^3 \) is a cubic function.
- As \( x \) approaches positive infinity, \( f(x) \) also approaches positive infinity.
- As \( x \) approaches negative infinity, \( f(x) \) also approaches negative infinity.
- The function passes through all real",UNSCORABLE,unscorable,none,yes
901,bundle_99,Qwen/Qwen2.5-VL-7B-Instruct,no_image,logical reasoning,"Hint: Please answer the question and provide the correct option letter, e.g., A, B, C, D, at the end. Question: Is the function (f: R to R) surjective?",A,"The question asks whether the function \( f: \mathbb{R} \to \mathbb{R} \) is surjective. To determine if a function is surjective, we need to check if every element in the codomain (in this case, \(\mathbb{R}\)) is mapped to by at least one element in the domain (also \(\mathbb{R}\)).

However, the image provided does not contain any information about the function \( f \). It does not show any specific values of \( f(x) \) for different \( x \), nor does it provide any details about",ABSTAIN,explicit_abstention,insufficient_or_unclear,yes
901,bundle_99,Qwen/Qwen2.5-VL-7B-Instruct,blank_image,logical reasoning,"Hint: Please answer the question and provide the correct option letter, e.g., A, B, C, D, at the end. Question: Is the function (f: R to R) surjective?",A,"The image provided does not contain any information about a function \( f \) from the set of real numbers \( \mathbb{R} \) to itself or any other details that would allow us to determine if the function is surjective. Therefore, based on the given visual evidence, it is not possible to answer the question definitively.

Answer: (C) nan",C,hedged_answer,insufficient_or_unclear,yes
901,bundle_99,Qwen/Qwen2.5-VL-7B-Instruct,far_mismatch,logical reasoning,"Hint: Please answer the question and provide the correct option letter, e.g., A, B, C, D, at the end. Question: Is the function (f: R to R) surjective?",A,"The image provided does not contain any information related to functions or mathematical concepts such as surjectivity. The image appears to be a diagram of a geological cycle involving various rock types and processes, but it does not include any mathematical functions or sets. Therefore, there is insufficient visual evidence to determine if the function \( f: \mathbb{R} \to \mathbb{R} \) is surjective.

Answer: (D) nan",D,hedged_answer,mismatch_or_irrelevant,yes
901,bundle_99,Qwen/Qwen2.5-VL-7B-Instruct,hard_mismatch,logical reasoning,"Hint: Please answer the question and provide the correct option letter, e.g., A, B, C, D, at the end. Question: Is the function (f: R to R) surjective?",A,"The image provided does not contain any information related to functions or mathematical concepts such as surjectivity. The image appears to be a diagram of a geological cycle involving various rock types and processes, but it does not include any mathematical functions or sets. Therefore, there is insufficient visual evidence to determine if the function \( f: \mathbb{R} \to \mathbb{R} \) is surjective.

Answer: (D) nan",D,hedged_answer,mismatch_or_irrelevant,yes
902,bundle_100,Qwen/Qwen2.5-VL-7B-Instruct,correct_image,logical reasoning,"Hint: Please answer the question and provide the correct option letter, e.g., A, B, C, D, at the end. Question: Subtract all small gray spheres. Subtract all cylinders. How many objects are left?",C,"To solve the problem, let's follow the steps:

1. Identify all objects in the image:
   - There is a red cylinder.
   - There is a red sphere.
   - There are two small gray spheres.

2. Subtract all small gray spheres:
   - There are two small gray spheres, so we remove them from the count.

3. Subtract all cylinders:
   - There is one red cylinder, which we also remove from the count.

After performing these steps, the remaining objects are:
   - The red sphere.

So, there is 1 object left.

The correct answer is: (B) 1",B,confident_answer,none,yes
902,bundle_100,Qwen/Qwen2.5-VL-7B-Instruct,no_image,logical reasoning,"Hint: Please answer the question and provide the correct option letter, e.g., A, B, C, D, at the end. Question: Subtract all small gray spheres. Subtract all cylinders. How many objects are left?",C,"The image provided does not contain any small gray spheres or cylinders. Therefore, there are no objects to subtract from the total count of objects in the image. Since the image contains no objects at all, the number of objects left after subtracting all small gray spheres and cylinders would be zero.

Answer: A",A,confident_answer,none,yes
902,bundle_100,Qwen/Qwen2.5-VL-7B-Instruct,blank_image,logical reasoning,"Hint: Please answer the question and provide the correct option letter, e.g., A, B, C, D, at the end. Question: Subtract all small gray spheres. Subtract all cylinders. How many objects are left?",C,"The image contains two objects: one small gray sphere and one cylinder. According to the instructions, we need to subtract all small gray spheres and all cylinders. 

- Subtracting the small gray sphere leaves us with no small gray spheres.
- Subtracting the cylinder leaves us with no cylinders.

Since there are no objects left after these subtractions, the correct answer is:

(A) 0",A,confident_answer,none,yes
902,bundle_100,Qwen/Qwen2.5-VL-7B-Instruct,far_mismatch,logical reasoning,"Hint: Please answer the question and provide the correct option letter, e.g., A, B, C, D, at the end. Question: Subtract all small gray spheres. Subtract all cylinders. How many objects are left?",C,"The image provided does not contain any small gray spheres or cylinders. It shows data points representing merchandise imports for Canada, Iran, and the Slovak Republic over four years. Therefore, there are no objects to subtract as per the instructions given in the question.

The correct answer is:
(A) 0",A,confident_answer,none,yes
902,bundle_100,Qwen/Qwen2.5-VL-7B-Instruct,hard_mismatch,logical reasoning,"Hint: Please answer the question and provide the correct option letter, e.g., A, B, C, D, at the end. Question: Subtract all small gray spheres. Subtract all cylinders. How many objects are left?",C,"The image provided does not contain any small gray spheres or cylinders. It shows data points representing merchandise imports for Canada, Iran, and the Slovak Republic over four years. Therefore, there are no objects to subtract as per the instructions given in the question.

The correct answer is:
(A) 0",A,confident_answer,mismatch_or_irrelevant,yes
959,bundle_101,Qwen/Qwen2.5-VL-7B-Instruct,correct_image,logical reasoning,What would be the ideal complexity of the curve which can beused for separating the two classes shown in the image below?<image 1>,A,"The image shows two distinct clusters of points, one represented by red triangles and the other by blue circles. The separation between these two clusters appears to be linear, meaning a straight line could effectively divide them without any overlap.

Given this observation, the ideal complexity of the curve (or line) used for separating the two classes would be:

A: Linear",A,confident_answer,none,yes
959,bundle_101,Qwen/Qwen2.5-VL-7B-Instruct,no_image,logical reasoning,What would be the ideal complexity of the curve which can beused for separating the two classes shown in the image below?<image 1>,A,"The image provided does not contain any visual evidence of a curve or classes to separate. Therefore, it is impossible to determine the ideal complexity of the curve based on this image alone. The correct answer is:

D: insufficient data to draw conclusion",D,hedged_answer,insufficient_or_unclear,yes
959,bundle_101,Qwen/Qwen2.5-VL-7B-Instruct,blank_image,logical reasoning,What would be the ideal complexity of the curve which can beused for separating the two classes shown in the image below?<image 1>,A,"The image shows two distinct classes that appear to be linearly separable. There is a clear boundary between the two classes that can be drawn as a straight line. Therefore, the ideal complexity of the curve that can be used to separate these two classes is:

Option: A: Linear",A,confident_answer,none,yes
959,bundle_101,Qwen/Qwen2.5-VL-7B-Instruct,far_mismatch,logical reasoning,What would be the ideal complexity of the curve which can beused for separating the two classes shown in the image below?<image 1>,A,"The image provided does not contain any data or curves that can be used to determine the complexity of a separating curve between two classes. The image shows two individuals seated at a table, and there are no visual elements related to classification or machine learning concepts. Therefore, the correct answer is:

D: insufficient data to draw conclusion",D,confident_answer,mismatch_or_irrelevant,yes
959,bundle_101,Qwen/Qwen2.5-VL-7B-Instruct,hard_mismatch,logical reasoning,What would be the ideal complexity of the curve which can beused for separating the two classes shown in the image below?<image 1>,A,"The image provided does not contain any data or curves that can be used to determine the complexity of a separating curve between two classes. The image shows two individuals seated at a table, and there are no visual elements related to classification or machine learning concepts. Therefore, the correct answer is:

D: insufficient data to draw conclusion",D,confident_answer,mismatch_or_irrelevant,yes
980,bundle_102,Qwen/Qwen2.5-VL-7B-Instruct,correct_image,logical reasoning,"If F is sunlight, what position does H represent?",A,"To determine the position of H in relation to the phases of the moon, we need to understand the sequence of lunar phases and their corresponding positions in the diagram.

1. **Identify the Sun's Position (F):** The arrow labeled F indicates the direction of sunlight.
2. **Understand the Moon's Phases:** The diagram shows different phases of the moon as it orbits the Earth. The phases are:
   - New Moon (I)
   - Waxing Crescent (J)
   - First Quarter (K)
   - Waxing Gibbous (H)
   - Full Moon (G)
   - Waning Gib",B,confident_answer,none,yes
980,bundle_102,Qwen/Qwen2.5-VL-7B-Instruct,no_image,logical reasoning,"If F is sunlight, what position does H represent?",A,"The image provided does not contain any information about positions of celestial bodies or phases of the moon. Therefore, it is impossible to determine what position H represents based on the given options and the available visual evidence.",ABSTAIN,explicit_abstention,mismatch_or_irrelevant,yes
980,bundle_102,Qwen/Qwen2.5-VL-7B-Instruct,blank_image,logical reasoning,"If F is sunlight, what position does H represent?",A,"The image provided shows a diagram with labeled positions around a circle, which appears to represent the phases of the moon. The label ""F"" is positioned at the top of the circle, and it is labeled as ""Sunlight."" In the context of the moon's phases, this would correspond to the full moon phase, where the entire face of the moon is illuminated by the sun.

Given the options:
A: Waning Gibbous - This phase occurs after the full moon and before the waxing gibbous.
B: Waxing Gibbous - This phase occurs before the full moon.
C: Waning Crescent - This",UNSCORABLE,unscorable,none,yes
980,bundle_102,Qwen/Qwen2.5-VL-7B-Instruct,far_mismatch,logical reasoning,"If F is sunlight, what position does H represent?",A,"The image provided does not contain any information about the positions of celestial bodies or phases of the moon. Therefore, it is not possible to determine what position H represents based on the given options and the visual evidence in the image. The question appears to be unrelated to the content of the image.",ABSTAIN,explicit_abstention,mismatch_or_irrelevant,yes
980,bundle_102,Qwen/Qwen2.5-VL-7B-Instruct,hard_mismatch,logical reasoning,"If F is sunlight, what position does H represent?",A,"The image provided does not contain any information about the positions of celestial bodies or phases of the moon. Therefore, it is not possible to determine what position H represents based on the given options and the visual evidence in the image. The question appears to be unrelated to the content of the image.",ABSTAIN,explicit_abstention,mismatch_or_irrelevant,yes
1081,bundle_103,Qwen/Qwen2.5-VL-7B-Instruct,correct_image,math,"Hint: Please answer the question and provide the correct option letter, e.g., A, B, C, D, at the end. Question: As shown in the figure, AB is the diameter of ⊙O, point D is on the extended line of AB, passing point D is the tangent of ⊙O, and the tangent point is C, if ∠A = 25.0, then ∠D = ()",B,"To solve this problem, we need to use some properties of circles and tangents.

1. **Identify the given information:**
   - \( AB \) is the diameter of circle \( O \).
   - Point \( D \) is on the extended line of \( AB \), and \( CD \) is a tangent to the circle at point \( C \).
   - \( \angle A = 25^\circ \).

2. **Understand the properties:**
   - Since \( AB \) is the diameter, \( \angle ACB \) is a right angle (\( 90^\circ",UNSCORABLE,unscorable,none,no
1081,bundle_103,Qwen/Qwen2.5-VL-7B-Instruct,no_image,math,"Hint: Please answer the question and provide the correct option letter, e.g., A, B, C, D, at the end. Question: As shown in the figure, AB is the diameter of ⊙O, point D is on the extended line of AB, passing point D is the tangent of ⊙O, and the tangent point is C, if ∠A = 25.0, then ∠D = ()",B,"To solve this problem, we need to use some properties of circles and tangents.

1. **Identify the given information:**
   - \(AB\) is the diameter of circle \(\odot O\).
   - Point \(D\) is on the extended line of \(AB\), and the tangent to the circle at point \(C\) passes through \(D\).
   - \(\angle A = 25^\circ\).

2. **Understand the geometric properties:**
   - Since \(AB\) is the diameter, \(\angle ACB = 90^\circ\) (angle in a sem",UNSCORABLE,confident_answer,none,no
1081,bundle_103,Qwen/Qwen2.5-VL-7B-Instruct,blank_image,math,"Hint: Please answer the question and provide the correct option letter, e.g., A, B, C, D, at the end. Question: As shown in the figure, AB is the diameter of ⊙O, point D is on the extended line of AB, passing point D is the tangent of ⊙O, and the tangent point is C, if ∠A = 25.0, then ∠D = ()",B,"To solve this problem, we need to use some properties of circles and tangents.

1. **Identify the given information:**
   - \( AB \) is the diameter of circle \( \odot O \).
   - Point \( D \) is on the extended line of \( AB \), and \( CD \) is tangent to the circle at point \( C \).
   - \( \angle A = 25^\circ \).

2. **Understand the geometric properties:**
   - Since \( AB \) is the diameter, \( \angle ACB \) is a right angle (\( 9",UNSCORABLE,unscorable,none,no
1081,bundle_103,Qwen/Qwen2.5-VL-7B-Instruct,far_mismatch,math,"Hint: Please answer the question and provide the correct option letter, e.g., A, B, C, D, at the end. Question: As shown in the figure, AB is the diameter of ⊙O, point D is on the extended line of AB, passing point D is the tangent of ⊙O, and the tangent point is C, if ∠A = 25.0, then ∠D = ()",B,"The image provided does not contain any geometric figures or angles related to the problem described in the question. Therefore, it is impossible to determine the value of ∠D based on the given information and the image alone.

Answer: The visual evidence is insufficient to determine the answer.",D,explicit_abstention,mismatch_or_irrelevant,yes
1081,bundle_103,Qwen/Qwen2.5-VL-7B-Instruct,hard_mismatch,math,"Hint: Please answer the question and provide the correct option letter, e.g., A, B, C, D, at the end. Question: As shown in the figure, AB is the diameter of ⊙O, point D is on the extended line of AB, passing point D is the tangent of ⊙O, and the tangent point is C, if ∠A = 25.0, then ∠D = ()",B,"The image provided does not contain any geometric figures or angles related to the problem described in the question. Therefore, it is impossible to determine the value of ∠D based on the given information and the image alone.

Answer: The visual evidence is insufficient to determine the answer.",D,explicit_abstention,mismatch_or_irrelevant,yes
1145,bundle_104,Qwen/Qwen2.5-VL-7B-Instruct,correct_image,math,"Hint: Please answer the question and provide the correct option letter, e.g., A, B, C, D, at the end. Question: In $\odot S$, $m \widehat {PQR}=98$, Find $m \widehat {PQ}$.",B,"To solve for \( m \widehat{PQ} \), we need to understand the relationship between the given arc and the other arcs in the circle.

Given:
- \( m \widehat{PQR} = 98^\circ \)
- \( T \) is the midpoint of \( \overline{PR} \)

Since \( T \) is the midpoint of \( \overline{PR} \), it implies that \( \overline{TQ} \) is perpendicular to \( \overline{PR} \). This means \( \overline{TQ} \) is a radius of the",UNSCORABLE,unscorable,insufficient_or_unclear,yes
1145,bundle_104,Qwen/Qwen2.5-VL-7B-Instruct,no_image,math,"Hint: Please answer the question and provide the correct option letter, e.g., A, B, C, D, at the end. Question: In $\odot S$, $m \widehat {PQR}=98$, Find $m \widehat {PQ}$.",B,"The problem states that in circle \( \odot S \), the measure of arc \( \widehat{PQR} \) is 98 degrees. The question asks for the measure of arc \( \widehat{PQ} \).

However, there is no information provided about the relationship between arcs \( \widehat{PQR} \) and \( \widehat{PQ} \). Without additional details such as whether \( \widehat{PQ} \) is a part of or related to \( \widehat{PQR} \), it is impossible to determine the measure of \( \wide",ABSTAIN,explicit_abstention,insufficient_or_unclear,no
1145,bundle_104,Qwen/Qwen2.5-VL-7B-Instruct,blank_image,math,"Hint: Please answer the question and provide the correct option letter, e.g., A, B, C, D, at the end. Question: In $\odot S$, $m \widehat {PQR}=98$, Find $m \widehat {PQ}$.",B,"The problem states that in circle \( \odot S \), the measure of arc \( \widehat{PQR} \) is 98 degrees. The question asks for the measure of arc \( \widehat{PQ} \).

Since the problem does not provide any additional information about the relationship between arcs \( \widehat{PQR} \) and \( \widehat{PQ} \), we cannot determine the exact measure of arc \( \widehat{PQ} \) from the given information alone. Therefore, based on the provided options, there is not enough information to select a correct answer",ABSTAIN,explicit_abstention,insufficient_or_unclear,no
1145,bundle_104,Qwen/Qwen2.5-VL-7B-Instruct,far_mismatch,math,"Hint: Please answer the question and provide the correct option letter, e.g., A, B, C, D, at the end. Question: In $\odot S$, $m \widehat {PQR}=98$, Find $m \widehat {PQ}$.",B,"The image provided does not contain any information related to the angle \( m \widehat{PQR} = 98 \) or the angle \( m \widehat{PQ} \). The image is a puzzle asking to find the top view of a 3D structure, with options A through E. There is no mathematical problem or geometric context in the image that relates to the given question about the angle \( m \widehat{PQR} \).

Since the image does not provide the necessary information to solve the question, the correct answer cannot be determined from the image alone. Therefore, the answer is:

Ins",A,explicit_abstention,mismatch_or_irrelevant,yes
1145,bundle_104,Qwen/Qwen2.5-VL-7B-Instruct,hard_mismatch,math,"Hint: Please answer the question and provide the correct option letter, e.g., A, B, C, D, at the end. Question: In $\odot S$, $m \widehat {PQR}=98$, Find $m \widehat {PQ}$.",B,"The image provided does not contain any information related to the angle \( m \widehat{PQR} = 98 \) or the angle \( m \widehat{PQ} \). The image is a puzzle asking to find the top view of a 3D structure, with options A through E. There is no mathematical problem or geometric context in the image that relates to the given question about the angle \( m \widehat{PQR} \).

Since the image does not provide the necessary information to solve the question, the correct answer cannot be determined from the image alone. Therefore, the answer is:

Ins",A,explicit_abstention,mismatch_or_irrelevant,yes
1164,bundle_105,Qwen/Qwen2.5-VL-7B-Instruct,correct_image,math,"Hint: Please answer the question and provide the correct option letter, e.g., A, B, C, D, at the end. Question: Find y.",D,"To find \( y \), we need to use the Pythagorean theorem in the context of the right triangle shown in the diagram. The hypotenuse of this right triangle is \( y \), one leg is 16, and the other leg is 8.

The Pythagorean theorem states:
\[ y^2 = 16^2 + 8^2 \]

Calculating the squares:
\[ y^2 = 256 + 64 \]
\[ y^2 = 320 \]

Taking the square root of both sides:
\[ y = \sqrt{320}",UNSCORABLE,confident_answer,none,yes
1164,bundle_105,Qwen/Qwen2.5-VL-7B-Instruct,no_image,math,"Hint: Please answer the question and provide the correct option letter, e.g., A, B, C, D, at the end. Question: Find y.",D,"The image provided does not contain any visual evidence or information related to finding the value of 'y'. Therefore, it is impossible to determine the correct answer based on the given options without additional context or information. 

Since there is no sufficient visual evidence to answer the question, the correct response is:

Insufficient information",ABSTAIN,explicit_abstention,insufficient_or_unclear,no
1164,bundle_105,Qwen/Qwen2.5-VL-7B-Instruct,blank_image,math,"Hint: Please answer the question and provide the correct option letter, e.g., A, B, C, D, at the end. Question: Find y.",D,"The image provided does not contain any numerical or geometric information that would allow us to solve for \( y \). There is no equation, diagram, or context given that relates to finding the value of \( y \). Therefore, based on the available visual evidence, it is impossible to determine the correct value of \( y \).

Answer: The information provided is insufficient to determine the correct value of \( y \).",ABSTAIN,explicit_abstention,insufficient_or_unclear,yes
1164,bundle_105,Qwen/Qwen2.5-VL-7B-Instruct,far_mismatch,math,"Hint: Please answer the question and provide the correct option letter, e.g., A, B, C, D, at the end. Question: Find y.",D,"The image provided shows the expression \((a+b)^2\). However, there is no information given about the values of \(a\) or \(b\), nor is there any equation or context that would allow us to solve for \(y\).

Since the problem does not provide enough information to determine the value of \(y\), it is not possible to select the correct option from the given choices.

Therefore, the answer is: None of the above.",ABSTAIN,hedged_answer,insufficient_or_unclear,yes
1164,bundle_105,Qwen/Qwen2.5-VL-7B-Instruct,hard_mismatch,math,"Hint: Please answer the question and provide the correct option letter, e.g., A, B, C, D, at the end. Question: Find y.",D,"The image provided shows the expression \((a+b)^2\). However, there is no information given about the values of \(a\) or \(b\), nor is there any equation or context that would allow us to solve for \(y\).

Since the problem does not provide enough information to determine the value of \(y\), it is not possible to select the correct option from the given choices.

Therefore, the answer is: None of the above.",ABSTAIN,confident_answer,insufficient_or_unclear,yes
1178,bundle_106,Qwen/Qwen2.5-VL-7B-Instruct,correct_image,math,"Hint: Please answer the question and provide the correct option letter, e.g., A, B, C, D, at the end. Question: Are there more tiny motorbikes in front of the small cyan tandem bike than big cyan metal double buss?",A,"To answer this question, let's break it down step by step:

1. Identify the tiny motorbikes in the image:
   - There are two tiny motorbikes visible in the image.
   - One is green and located on the left side.
   - The other is gray and located near the center.

2. Identify the small cyan tandem bike:
   - There is one small cyan tandem bike visible in the image, located towards the right side.

3. Determine if there are more tiny motorbikes in front of the small cyan tandem bike:
   - The green motorbike is in front of the cyan tandem bike.
",UNSCORABLE,confident_answer,none,yes
1178,bundle_106,Qwen/Qwen2.5-VL-7B-Instruct,no_image,math,"Hint: Please answer the question and provide the correct option letter, e.g., A, B, C, D, at the end. Question: Are there more tiny motorbikes in front of the small cyan tandem bike than big cyan metal double buss?",A,"The image provided does not contain any information about tiny motorbikes or big cyan metal double buses. Therefore, it is impossible to determine if there are more tiny motorbikes in front of the small cyan tandem bike than big cyan metal double buses based on the given visual evidence. The correct answer is:

(D) nan",D,hedged_answer,insufficient_or_unclear,yes
1178,bundle_106,Qwen/Qwen2.5-VL-7B-Instruct,blank_image,math,"Hint: Please answer the question and provide the correct option letter, e.g., A, B, C, D, at the end. Question: Are there more tiny motorbikes in front of the small cyan tandem bike than big cyan metal double buss?",A,"The image provided does not contain any tiny motorbikes or big cyan metal double buses. It only shows a small cyan tandem bike. Therefore, it is impossible to compare the quantities of these items as they do not exist in the image.

Answer: (C) nan",C,hedged_answer,missing,yes
1178,bundle_106,Qwen/Qwen2.5-VL-7B-Instruct,far_mismatch,math,"Hint: Please answer the question and provide the correct option letter, e.g., A, B, C, D, at the end. Question: Are there more tiny motorbikes in front of the small cyan tandem bike than big cyan metal double buss?",A,"The image provided does not contain any information about tiny motorbikes, small cyan tandem bikes, or big cyan metal double buses. It appears to be a bar chart showing market shares for different companies in the semiconductor equipment industry over three years (2018, 2019, and 2020). Therefore, the question cannot be answered based on the given image.

The correct answer is:
(D) nan",D,hedged_answer,mismatch_or_irrelevant,yes
1178,bundle_106,Qwen/Qwen2.5-VL-7B-Instruct,hard_mismatch,math,"Hint: Please answer the question and provide the correct option letter, e.g., A, B, C, D, at the end. Question: Are there more tiny motorbikes in front of the small cyan tandem bike than big cyan metal double buss?",A,"The image provided does not contain any information about tiny motorbikes, small cyan tandem bikes, or big cyan metal double buses. It appears to be a bar chart showing market shares for different companies in the semiconductor equipment industry over three years (2018, 2019, and 2020). Therefore, the question cannot be answered based on the given image.

The correct answer is:
(D) nan",D,confident_answer,mismatch_or_irrelevant,yes
1199,bundle_107,Qwen/Qwen2.5-VL-7B-Instruct,correct_image,math,"Hint: Please answer the question and provide the correct option letter, e.g., A, B, C, D, at the end. Question: How many people prefer the most preferred object?",A,"To determine how many people prefer the most preferred object, we need to look at the length of the bars in the bar chart, which represents the number of people who prefer each object.

1. The bar for ""violin"" extends to 7 on the x-axis.
2. The bar for ""debut"" extends to 5 on the x-axis.
3. The bar for ""divine"" extends to 6 on the x-axis.

The longest bar corresponds to the object ""violin,"" which has 7 people preferring it.

Therefore, the correct answer is:

(A) 7",A,confident_answer,none,yes
1199,bundle_107,Qwen/Qwen2.5-VL-7B-Instruct,no_image,math,"Hint: Please answer the question and provide the correct option letter, e.g., A, B, C, D, at the end. Question: How many people prefer the most preferred object?",A,"The image provided does not contain any data or information about preferences for objects or the number of people who prefer them. Therefore, it is impossible to determine how many people prefer the most preferred object based on the given visual evidence. The correct answer cannot be determined from the information available.",ABSTAIN,explicit_abstention,insufficient_or_unclear,yes
1199,bundle_107,Qwen/Qwen2.5-VL-7B-Instruct,blank_image,math,"Hint: Please answer the question and provide the correct option letter, e.g., A, B, C, D, at the end. Question: How many people prefer the most preferred object?",A,"The image provided does not contain any data or information about preferences for objects or people. Therefore, it is impossible to determine how many people prefer the most preferred object based on this image alone. The correct answer cannot be determined from the given visual evidence.",ABSTAIN,explicit_abstention,mismatch_or_irrelevant,yes
1199,bundle_107,Qwen/Qwen2.5-VL-7B-Instruct,far_mismatch,math,"Hint: Please answer the question and provide the correct option letter, e.g., A, B, C, D, at the end. Question: How many people prefer the most preferred object?",A,"The image provided does not contain any information about preferences or the number of people who prefer certain objects. It simply shows various vehicles and objects in a scene. Therefore, it is not possible to determine how many people prefer the most preferred object based on this image alone.

Answer: The information is insufficient to determine the correct option.",ABSTAIN,explicit_abstention,insufficient_or_unclear,yes
1199,bundle_107,Qwen/Qwen2.5-VL-7B-Instruct,hard_mismatch,math,"Hint: Please answer the question and provide the correct option letter, e.g., A, B, C, D, at the end. Question: How many people prefer the most preferred object?",A,"The image provided does not contain any information about preferences or the number of people who prefer certain objects. It simply shows various vehicles and objects in a scene. Therefore, it is not possible to determine how many people prefer the most preferred object based on this image alone.

Answer: The information is insufficient to determine the correct option.",ABSTAIN,explicit_abstention,insufficient_or_unclear,yes
1232,bundle_108,Qwen/Qwen2.5-VL-7B-Instruct,correct_image,math,"Hint: Please answer the question and provide the correct option letter, e.g., A, B, C, D, at the end. Question: What is the sum of all the values in the ruling group?",B,"To find the sum of all the values in the ""ruling"" group, we need to add the values for both ""tin"" and ""ace"" in that group.

From the bar chart:
- The value for ""tin"" in the ""ruling"" group is approximately 3.
- The value for ""ace"" in the ""ruling"" group is approximately 9.

Adding these values together:
\[ 3 + 9 = 12 \]

Therefore, the sum of all the values in the ""ruling"" group is 12.

The correct answer is:
(B) 12",B,confident_answer,none,yes
1232,bundle_108,Qwen/Qwen2.5-VL-7B-Instruct,no_image,math,"Hint: Please answer the question and provide the correct option letter, e.g., A, B, C, D, at the end. Question: What is the sum of all the values in the ruling group?",B,"The image provided does not contain any numerical data or information related to a ""ruling group"" or its values. Therefore, it is impossible to determine the sum of all the values in the ruling group based on the given visual evidence. 

Answer: Insufficient information to determine.",ABSTAIN,explicit_abstention,insufficient_or_unclear,yes
1232,bundle_108,Qwen/Qwen2.5-VL-7B-Instruct,blank_image,math,"Hint: Please answer the question and provide the correct option letter, e.g., A, B, C, D, at the end. Question: What is the sum of all the values in the ruling group?",B,"The image provided does not contain any numerical data or information related to a ""ruling group"" or any values to sum up. Therefore, it is impossible to determine the sum of all the values in the ruling group based on the given image alone.

Answer: The information is insufficient to determine the sum.",ABSTAIN,explicit_abstention,mismatch_or_irrelevant,yes
1232,bundle_108,Qwen/Qwen2.5-VL-7B-Instruct,far_mismatch,math,"Hint: Please answer the question and provide the correct option letter, e.g., A, B, C, D, at the end. Question: What is the sum of all the values in the ruling group?",B,,UNSCORABLE,unscorable,blank_or_empty,no
1232,bundle_108,Qwen/Qwen2.5-VL-7B-Instruct,hard_mismatch,math,"Hint: Please answer the question and provide the correct option letter, e.g., A, B, C, D, at the end. Question: What is the sum of all the values in the ruling group?",B,,UNSCORABLE,unscorable,blank_or_empty,no
1257,bundle_109,Qwen/Qwen2.5-VL-7B-Instruct,correct_image,science & technology,Which of the following is the enantiomer of the compound shown below ? <image 1>,A,"To determine the enantiomer of the given compound, we need to understand that an enantiomer is a molecule that is non-superimposable on its mirror image and has the same molecular formula but different stereochemistry at one or more chiral centers.

The given compound has two chiral centers (the carbon atoms bonded to hydrogen, bromine, methyl group, and hydroxyl group). The configuration at these chiral centers can be determined by the R/S system, where R stands for ""rectus"" (right) and S stands for ""sinister"" (left).

In the given structure:
- The carbon atom bonded",UNSCORABLE,unscorable,none,yes
1257,bundle_109,Qwen/Qwen2.5-VL-7B-Instruct,no_image,science & technology,Which of the following is the enantiomer of the compound shown below ? <image 1>,A,"To determine which of the options is the enantiomer of the compound shown in image 1, we need to identify the chiral center and then find its mirror image.

The chiral center in image 1 is the carbon atom bonded to four different groups (a hydrogen, an oxygen, a methyl group, and another functional group). The enantiomer will have the same connectivity but with the stereochemistry reversed at this chiral center.

By examining the options:

- Option A has the same connectivity as image 1.
- Option B has the same connectivity as image 1 but with the stereochemistry reversed at the chiral center",B,confident_answer,none,yes
1257,bundle_109,Qwen/Qwen2.5-VL-7B-Instruct,blank_image,science & technology,Which of the following is the enantiomer of the compound shown below ? <image 1>,A,"To determine which of the options is the enantiomer of the compound shown in image 1, we need to identify the mirror image of the molecule in image 1. An enantiomer is a chiral molecule that is non-superimposable on its mirror image.

The compound in image 1 has a chiral carbon atom with four different substituents attached to it. The enantiomer will have the same substituents but arranged in a way that they are mirror images of each other.

By examining the options:
- Option A appears to be a mirror image of the compound in image 1.
- Option B",A,hedged_answer,none,yes
1257,bundle_109,Qwen/Qwen2.5-VL-7B-Instruct,far_mismatch,science & technology,Which of the following is the enantiomer of the compound shown below ? <image 1>,A,"The image provided shows a circle, which does not represent a chemical compound or its enantiomer. Enantiomers are specific to chiral molecules, and the image does not depict any such molecule. Therefore, it is not possible to determine an enantiomer from this image alone.",ABSTAIN,explicit_abstention,insufficient_or_unclear,yes
1257,bundle_109,Qwen/Qwen2.5-VL-7B-Instruct,hard_mismatch,science & technology,Which of the following is the enantiomer of the compound shown below ? <image 1>,A,"The image provided shows a circle, which does not represent a chemical compound or its enantiomer. Enantiomers are specific to chiral molecules, and the image does not depict any such molecule. Therefore, it is not possible to determine an enantiomer from this image alone.",ABSTAIN,explicit_abstention,mismatch_or_irrelevant,yes
1260,bundle_110,Qwen/Qwen2.5-VL-7B-Instruct,correct_image,science & technology,What is represented by organ A?,B,"The image shows a cross-section of a cell with various labeled parts. Organ A is located near the bottom right of the cell and appears to be a structure with a network-like appearance, which is characteristic of the Golgi apparatus. Therefore, the correct answer is:

C: golgi body",C,confident_answer,none,yes
1260,bundle_110,Qwen/Qwen2.5-VL-7B-Instruct,no_image,science & technology,What is represented by organ A?,B,"The image provided does not contain any visual evidence of an organ or cellular structure labeled as ""A"" or any other specific label. Therefore, it is impossible to determine what is represented by organ A based on the given visual evidence.",ABSTAIN,explicit_abstention,missing,yes
1260,bundle_110,Qwen/Qwen2.5-VL-7B-Instruct,blank_image,science & technology,What is represented by organ A?,B,"The image provided does not contain any labeled or identifiable structures that can be directly matched with the options given (centrioles, vesicles, Golgi body, or mitochondrion). Therefore, based on the available visual evidence, it is not possible to determine what is represented by organ A.",A,explicit_abstention,insufficient_or_unclear,yes
1260,bundle_110,Qwen/Qwen2.5-VL-7B-Instruct,far_mismatch,science & technology,What is represented by organ A?,B,"The image shows a cell with labeled parts. Organ A appears to be a small, dark structure located near the center of the cell. Given the options provided and the typical appearance of these structures in cells:

- Centrioles are usually found near the nucleus and are not typically dark or centrally located.
- Vesicles are small, membrane-bound sacs that can vary in appearance but are not usually centrally located in this manner.
- The Golgi body is often depicted as a stack of flattened, membrane-bound sacs and is not typically centrally located in this manner.
- Mitochondria are often shown as rod-shaped or oval structures and can",A,unscorable,none,yes
1260,bundle_110,Qwen/Qwen2.5-VL-7B-Instruct,hard_mismatch,science & technology,What is represented by organ A?,B,"The image shows a cell with labeled parts. Organ A appears to be a small, dark structure located near the center of the cell. Given the options provided and the typical appearance of these structures in cells:

- Centrioles are usually found near the nucleus and are not typically dark or centrally located.
- Vesicles are small, membrane-bound sacs that can vary in appearance but are not usually centrally located in this manner.
- The Golgi body is often depicted as a stack of flattened, membrane-bound sacs and is not typically centrally located in this manner.
- Mitochondria are often shown as rod-shaped or oval structures and can",A,unscorable,none,yes
1286,bundle_111,Qwen/Qwen2.5-VL-7B-Instruct,correct_image,science & technology,A food web is shown below. Which of the following organisms compete for the deer as a food source?,C,"To determine which organisms compete for the deer as a food source, we need to look at the arrows pointing towards the deer in the food web diagram. These arrows indicate the direction of energy flow, meaning the organism at the end of the arrow is being consumed by the organism at the beginning of the arrow.

In the diagram:
- The arrow from the ""Deer"" points to the ""Hawk.""
- The arrow from the ""Deer"" also points to the ""King cobra.""

This means that both the Hawk and the King cobra consume the Deer. Therefore, the correct answer is:

D: none (A) hawk",UNSCORABLE,confident_answer,mismatch_or_irrelevant,yes
1286,bundle_111,Qwen/Qwen2.5-VL-7B-Instruct,no_image,science & technology,A food web is shown below. Which of the following organisms compete for the deer as a food source?,C,"The image provided does not contain a food web diagram or any visual evidence of a food web. Therefore, it is impossible to determine which organisms compete for the deer as a food source based on the given information. The correct answer cannot be determined from the available visual evidence.",ABSTAIN,explicit_abstention,mismatch_or_irrelevant,yes
1286,bundle_111,Qwen/Qwen2.5-VL-7B-Instruct,blank_image,science & technology,A food web is shown below. Which of the following organisms compete for the deer as a food source?,C,"The image provided does not contain a food web diagram or any visual evidence of organisms competing for the deer as a food source. Therefore, it is not possible to determine which organisms compete for the deer based on this image alone. The correct answer cannot be determined from the given information.",ABSTAIN,explicit_abstention,insufficient_or_unclear,yes
1286,bundle_111,Qwen/Qwen2.5-VL-7B-Instruct,far_mismatch,science & technology,A food web is shown below. Which of the following organisms compete for the deer as a food source?,C,"The image provided does not depict a food web but rather shows the solar system with labeled planets and the sun. Therefore, there is no information in this image to determine which organisms compete for the deer as a food source. The question cannot be answered based on the given image. 

Answer: D: none",D,hedged_answer,mismatch_or_irrelevant,yes
1286,bundle_111,Qwen/Qwen2.5-VL-7B-Instruct,hard_mismatch,science & technology,A food web is shown below. Which of the following organisms compete for the deer as a food source?,C,"The image provided does not depict a food web but rather shows the solar system with labeled planets and the sun. Therefore, there is no information in this image to determine which organisms compete for the deer as a food source. The question cannot be answered based on the given image. 

Answer: D: none",D,hedged_answer,mismatch_or_irrelevant,yes
1290,bundle_112,Qwen/Qwen2.5-VL-7B-Instruct,correct_image,science & technology,What is the expected ratio of offspring with white spots to offspring with solid coloring? Choose the most likely ratio.,D,"To determine the expected ratio of offspring with white spots to offspring with solid coloring, we need to analyze the Punnett square provided:

- The top row and left column represent the alleles from the parents.
- The squares in the Punnett square show the possible combinations of alleles for the offspring.

From the Punnett square:
- There are two ""AA"" squares (solid coloring).
- There are two ""Aa"" squares (solid coloring).

This means all four squares result in offspring with solid coloring. There are no squares indicating offspring with white spots.

Therefore, the expected ratio of offspring with white spots to offspring with solid coloring is ",D,confident_answer,none,yes
1290,bundle_112,Qwen/Qwen2.5-VL-7B-Instruct,no_image,science & technology,What is the expected ratio of offspring with white spots to offspring with solid coloring? Choose the most likely ratio.,D,"The image provided does not contain any genetic or biological information that would allow us to determine the expected ratio of offspring with white spots to offspring with solid coloring based on the given options. The image appears to be unrelated to genetics and does not provide any context for answering the question about offspring ratios. Therefore, there is insufficient visual evidence to determine the correct answer.",ABSTAIN,explicit_abstention,mismatch_or_irrelevant,yes
1290,bundle_112,Qwen/Qwen2.5-VL-7B-Instruct,blank_image,science & technology,What is the expected ratio of offspring with white spots to offspring with solid coloring? Choose the most likely ratio.,D,"To determine the expected ratio of offspring with white spots to offspring with solid coloring, we need to analyze the given Punnett square. The Punnett square shows the possible combinations of alleles from two parents, where one parent has a genotype of ""Ww"" (heterozygous for white spots) and the other has a genotype of ""ww"" (homozygous recessive for solid coloring).

The Punnett square looks like this:

```
    Ww
  w w
Ww Ww Ww Ww
w w w w w w
```

From the Punnett square:
- There are",UNSCORABLE,unscorable,none,yes
1290,bundle_112,Qwen/Qwen2.5-VL-7B-Instruct,far_mismatch,science & technology,What is the expected ratio of offspring with white spots to offspring with solid coloring? Choose the most likely ratio.,D,"The image provided is a circuit diagram for an NPN transistor amplifier, not related to genetics or the inheritance of traits such as white spots versus solid coloring in offspring. Therefore, there is no information in this image to determine the expected ratio of offspring with white spots to offspring with solid coloring. The correct approach would be to refer to genetic principles and Mendelian inheritance patterns if the question pertains to genetics. Since the image does not provide any genetic information, the correct response is:

Insufficient information to determine the ratio.",ABSTAIN,explicit_abstention,mismatch_or_irrelevant,yes
1290,bundle_112,Qwen/Qwen2.5-VL-7B-Instruct,hard_mismatch,science & technology,What is the expected ratio of offspring with white spots to offspring with solid coloring? Choose the most likely ratio.,D,"The image provided is a circuit diagram for an NPN transistor amplifier, not related to genetics or the inheritance of traits such as white spots versus solid coloring in offspring. Therefore, there is no information in this image to determine the expected ratio of offspring with white spots to offspring with solid coloring. The correct approach would be to refer to genetic principles and Mendelian inheritance patterns if the question pertains to genetics. Since the image does not provide any genetic information, the correct response is:

Insufficient information to determine the ratio.",ABSTAIN,explicit_abstention,mismatch_or_irrelevant,yes
1323,bundle_113,Qwen/Qwen2.5-VL-7B-Instruct,correct_image,science & technology,"<image 1>A light ray enters a block of plastic and travels along the path shown.By considering the behavior of the ray at point P, determine the speed of light in the plastic.(10^8m/s)",D,"To determine the speed of light in the plastic, we need to use Snell's Law, which relates the angles of incidence and refraction to the indices of refraction of the two media involved. However, the problem provides an angle (53°) but not the angle of incidence or the index of refraction directly. Instead, it gives us the angle of refraction (37°).

Snell's Law states:
\[ n_1 \sin(\theta_1) = n_2 \sin(\theta_2) \]
where \( n_1 \) is the index of refraction of the first medium",UNSCORABLE,unscorable,insufficient_or_unclear,no
1323,bundle_113,Qwen/Qwen2.5-VL-7B-Instruct,no_image,science & technology,"<image 1>A light ray enters a block of plastic and travels along the path shown.By considering the behavior of the ray at point P, determine the speed of light in the plastic.(10^8m/s)",D,"The image provided does not contain enough information to determine the speed of light in the plastic based on the path of the light ray at point P. The image shows the path of the light ray but does not provide any numerical data or context that would allow us to calculate the speed of light in the plastic. Therefore, we cannot determine the correct answer from the given options.",ABSTAIN,explicit_abstention,insufficient_or_unclear,yes
1323,bundle_113,Qwen/Qwen2.5-VL-7B-Instruct,blank_image,science & technology,"<image 1>A light ray enters a block of plastic and travels along the path shown.By considering the behavior of the ray at point P, determine the speed of light in the plastic.(10^8m/s)",D,"The image provided does not contain enough information to determine the speed of light in the plastic based on the given options. The image shows a light ray entering a block of plastic and traveling along a path, but it does not provide any numerical data or measurements that would allow us to calculate the speed of light in the plastic. Therefore, we cannot determine the correct answer from the given options.",ABSTAIN,explicit_abstention,insufficient_or_unclear,yes
1323,bundle_113,Qwen/Qwen2.5-VL-7B-Instruct,far_mismatch,science & technology,"<image 1>A light ray enters a block of plastic and travels along the path shown.By considering the behavior of the ray at point P, determine the speed of light in the plastic.(10^8m/s)",D,"The image provided does not contain any information about a light ray entering a block of plastic or its path. The image shows an illustration of the solar system with labeled planets and the sun, but it does not depict a scenario involving light rays or their behavior in a medium like plastic. Therefore, there is insufficient visual evidence to determine the speed of light in the plastic based on this image alone.",ABSTAIN,explicit_abstention,mismatch_or_irrelevant,yes
1323,bundle_113,Qwen/Qwen2.5-VL-7B-Instruct,hard_mismatch,science & technology,"<image 1>A light ray enters a block of plastic and travels along the path shown.By considering the behavior of the ray at point P, determine the speed of light in the plastic.(10^8m/s)",D,"The image provided does not contain any information about a light ray entering a block of plastic or its path. The image shows an illustration of the solar system with labeled planets and the sun, but it does not depict a scenario involving light rays or their behavior in a medium like plastic. Therefore, there is insufficient visual evidence to determine the speed of light in the plastic based on this image alone.",ABSTAIN,explicit_abstention,mismatch_or_irrelevant,yes
1344,bundle_114,Qwen/Qwen2.5-VL-7B-Instruct,correct_image,science & technology,Think about the magnetic force between the magnets in each pair. Which of the following statements is true?,B,"To determine the correct answer, we need to consider the orientation and distance of the magnets in each pair.

- In Pair 1, the magnets are oriented such that their opposite poles (N and S) are facing each other. This means they will attract each other.
- In Pair 2, the magnets are also oriented with their opposite poles facing each other, so they will also attract each other.

The distance between the magnets in both pairs is the same (0.25 inches). Since the distance and the orientation of the poles are identical in both pairs, the magnitude of the magnetic force should be the same in both cases.

",C,hedged_answer,none,yes
1344,bundle_114,Qwen/Qwen2.5-VL-7B-Instruct,no_image,science & technology,Think about the magnetic force between the magnets in each pair. Which of the following statements is true?,B,"The image you provided does not contain any visual evidence of magnets or their interactions. Therefore, it is impossible to determine the correct answer based on the given options and the information available in the image. The correct response would be ""D: nan"" which stands for ""not applicable"" or ""no answer.""",D,confident_answer,insufficient_or_unclear,yes
1344,bundle_114,Qwen/Qwen2.5-VL-7B-Instruct,blank_image,science & technology,Think about the magnetic force between the magnets in each pair. Which of the following statements is true?,B,"The image provided does not contain any visual evidence such as diagrams or text that would allow us to determine the relative strength of the magnetic forces between the magnets in the pairs. Therefore, based on the given visual evidence alone, it is not possible to determine which statement is true regarding the magnitude of the magnetic force between the magnets in each pair. 

Thus, the correct answer is:
D: nan (not applicable)",D,explicit_abstention,insufficient_or_unclear,yes
1344,bundle_114,Qwen/Qwen2.5-VL-7B-Instruct,far_mismatch,science & technology,Think about the magnetic force between the magnets in each pair. Which of the following statements is true?,B,"The image provided does not contain any information related to magnets or their forces. It appears to be a diagram of a flower with labeled parts (A through F). Therefore, there is insufficient visual evidence to determine the correct statement regarding the magnetic force between pairs of magnets. The correct answer cannot be determined from this image alone.",A,explicit_abstention,mismatch_or_irrelevant,yes
1344,bundle_114,Qwen/Qwen2.5-VL-7B-Instruct,hard_mismatch,science & technology,Think about the magnetic force between the magnets in each pair. Which of the following statements is true?,B,"The image provided does not contain any information related to magnets or their forces. It appears to be a diagram of a flower with labeled parts (A through F). Therefore, there is insufficient visual evidence to determine the correct statement regarding the magnetic force between pairs of magnets. The correct answer cannot be determined from this image alone.",A,explicit_abstention,mismatch_or_irrelevant,yes
1366,bundle_115,Qwen/Qwen2.5-VL-7B-Instruct,correct_image,science & technology,"Find the minimum spanning tree of the graph G(V, U) of figure 1. Notice that it is an undirected graph. <image 1>",B,"To find the minimum spanning tree (MST) of the given graph, we need to select a subset of edges that connects all vertices together without forming any cycles and such that the total weight of these edges is minimized.

The MST can be found using algorithms like Prim's or Kruskal's. However, since the problem does not provide specific weights for each edge, we will assume the weights are as shown in the figure.

Let's analyze the options:

A: Graph G1 with vertices v1 to v8 and arcs including (v1, v3), (v2, v3) and so on.
- This option",A,unscorable,insufficient_or_unclear,yes
1366,bundle_115,Qwen/Qwen2.5-VL-7B-Instruct,no_image,science & technology,"Find the minimum spanning tree of the graph G(V, U) of figure 1. Notice that it is an undirected graph. <image 1>",B,"To find the minimum spanning tree (MST) of the given graph \( G(V, U) \), we need to identify a subset of edges that connects all vertices together without any cycles and with the minimum possible total edge weight. The MST can be found using algorithms like Prim's or Kruskal's algorithm.

However, since the image is not provided in your question, I cannot visually inspect the graph to determine the MST directly. Therefore, based solely on the options provided:

- Option A suggests a specific set of edges for MST.
- Option B suggests another specific set of edges for MST.
- Option C suggests a graph with",ABSTAIN,explicit_abstention,missing,no
1366,bundle_115,Qwen/Qwen2.5-VL-7B-Instruct,blank_image,science & technology,"Find the minimum spanning tree of the graph G(V, U) of figure 1. Notice that it is an undirected graph. <image 1>",B,"To find the minimum spanning tree (MST) of the given graph \( G(V, U) \), we need to identify a subset of edges that connects all vertices with the minimum possible total edge weight, without forming any cycles.

Given the options and the visual evidence provided in the image:

- Option A suggests a specific set of edges for MST, but without the actual weights or the graph structure, it's not possible to confirm if this is correct.
- Option B suggests a different set of edges, specifically \((v2, v5)\) and \((v4, v8)\).
- Option C suggests excluding certain",ABSTAIN,explicit_abstention,insufficient_or_unclear,no
1366,bundle_115,Qwen/Qwen2.5-VL-7B-Instruct,far_mismatch,science & technology,"Find the minimum spanning tree of the graph G(V, U) of figure 1. Notice that it is an undirected graph. <image 1>",B,"The image provided does not contain a graph or any information about vertices or arcs. It appears to be a set of symbols or icons that do not correspond to the question asked. Therefore, there is insufficient visual evidence to determine the correct answer to the question regarding the minimum spanning tree of the graph G(V, U).

Answer: The visual evidence is insufficient to determine the answer.",ABSTAIN,explicit_abstention,mismatch_or_irrelevant,yes
1366,bundle_115,Qwen/Qwen2.5-VL-7B-Instruct,hard_mismatch,science & technology,"Find the minimum spanning tree of the graph G(V, U) of figure 1. Notice that it is an undirected graph. <image 1>",B,"The image provided does not contain a graph or any information about vertices or arcs. It appears to be a set of symbols or icons that do not correspond to the question asked. Therefore, there is insufficient visual evidence to determine the correct answer to the question regarding the minimum spanning tree of the graph G(V, U).

Answer: The visual evidence is insufficient to determine the answer.",ABSTAIN,explicit_abstention,mismatch_or_irrelevant,yes
1387,bundle_116,Qwen/Qwen2.5-VL-7B-Instruct,correct_image,science & technology,What is label H pointing to?,A,"The label H in the image points to the structure labeled as ""C"" which appears to be the endoplasmic reticulum (ER). The ER is typically depicted as a network of tubules and flattened sacs within the cell, which matches the appearance of the structure labeled ""C.""

Therefore, the correct answer is:
B: Endoplasmic reticulum",B,confident_answer,insufficient_or_unclear,yes
1387,bundle_116,Qwen/Qwen2.5-VL-7B-Instruct,no_image,science & technology,What is label H pointing to?,A,"The image you provided does not contain any labels or annotations that can be used to identify what ""label H"" is pointing to. Without additional context or a clearer image, it's impossible to determine which of the options (A: Golgi body, B: Endoplasmic reticulum, C: Nucleus, D: Mitochondrion) label H is pointing to based solely on the available visual evidence.",ABSTAIN,explicit_abstention,insufficient_or_unclear,yes
1387,bundle_116,Qwen/Qwen2.5-VL-7B-Instruct,blank_image,science & technology,What is label H pointing to?,A,"The image provided does not contain any labels or structures that can be identified as ""H"" or any other specific part of a cell. Therefore, it is not possible to determine what label H is pointing to based on the given visual evidence.",ABSTAIN,explicit_abstention,insufficient_or_unclear,yes
1387,bundle_116,Qwen/Qwen2.5-VL-7B-Instruct,far_mismatch,science & technology,What is label H pointing to?,A,"The image provided does not contain any labels or structures that resemble those of a cell organelle such as the Golgi body, endoplasmic reticulum, nucleus, or mitochondrion. The image appears to be a diagram of magnetic pairs, not a biological illustration. Therefore, there is insufficient visual evidence to determine what label H is pointing to.",ABSTAIN,explicit_abstention,mismatch_or_irrelevant,yes
1387,bundle_116,Qwen/Qwen2.5-VL-7B-Instruct,hard_mismatch,science & technology,What is label H pointing to?,A,"The image provided does not contain any labels or structures that resemble those of a cell organelle such as the Golgi body, endoplasmic reticulum, nucleus, or mitochondrion. The image appears to be a diagram of magnetic pairs, not a biological illustration. Therefore, there is insufficient visual evidence to determine what label H is pointing to.",ABSTAIN,explicit_abstention,mismatch_or_irrelevant,yes
1445,bundle_117,Qwen/Qwen2.5-VL-7B-Instruct,correct_image,science & technology,Will these magnets attract or repel each other?,B,"To determine whether the magnets will attract or repel each other, we need to consider the orientation of their poles. In the image provided:

- The first magnet has its north (N) pole facing the south (S) pole of the second magnet.
- The third magnet has its north (N) pole facing the south (S) pole of the fourth magnet.

In magnetism, opposite poles attract each other (N attracts S and S attracts N), while like poles repel each other (N repels N and S repels S).

Since the north pole of one magnet is facing the south pole of another magnet, they will",UNSCORABLE,unscorable,none,yes
1445,bundle_117,Qwen/Qwen2.5-VL-7B-Instruct,no_image,science & technology,Will these magnets attract or repel each other?,B,"The image provided does not contain any magnets or any visual evidence of magnets. Therefore, it is impossible to determine whether the magnets will attract or repel each other based on this image alone. The correct answer is:

D: nan (not applicable)",D,explicit_abstention,insufficient_or_unclear,yes
1445,bundle_117,Qwen/Qwen2.5-VL-7B-Instruct,blank_image,science & technology,Will these magnets attract or repel each other?,B,"The image shows two magnets with opposite poles facing each other (one north pole and one south pole). According to the basic principles of magnetism, opposite poles attract each other. Therefore, based on the visual evidence provided, the magnets will attract each other.

The correct answer is:
B: attract",B,confident_answer,none,yes
1445,bundle_117,Qwen/Qwen2.5-VL-7B-Instruct,far_mismatch,science & technology,Will these magnets attract or repel each other?,B,"The image provided does not contain any magnets or information about magnets. Therefore, it is not possible to determine whether the magnets will attract or repel each other based on this image alone. The correct answer is ""D: nan,"" as there is no relevant information in the image to make a determination.",D,explicit_abstention,insufficient_or_unclear,yes
1445,bundle_117,Qwen/Qwen2.5-VL-7B-Instruct,hard_mismatch,science & technology,Will these magnets attract or repel each other?,B,"The image provided does not contain any magnets or information about magnets. Therefore, it is not possible to determine whether the magnets will attract or repel each other based on this image alone. The correct answer is ""D: nan,"" as there is no relevant information in the image to make a determination.",D,hedged_answer,mismatch_or_irrelevant,yes
1489,bundle_118,Qwen/Qwen2.5-VL-7B-Instruct,correct_image,science & technology,<image 1>Hydrophobic region of the cell membrane?,A,"The hydrophobic region of the cell membrane is typically represented by the fatty acid tails of the phospholipids, which are located in the interior of the membrane. In the provided image, this would be the area where the hydrophobic tails are depicted as being inside the membrane structure. 

In the image:
- A represents the phospholipid head groups.
- B represents the carbohydrate chains.
- C represents a protein embedded in the membrane.
- D and E represent different parts of the membrane structure.

Given these observations, the hydrophobic region would be represented by the area where the fatty acid tails are located, which",UNSCORABLE,unscorable,none,yes
1489,bundle_118,Qwen/Qwen2.5-VL-7B-Instruct,no_image,science & technology,<image 1>Hydrophobic region of the cell membrane?,A,"The image provided does not contain enough visual evidence to determine which option (A, B, C, or D) corresponds to the hydrophobic region of the cell membrane. The image appears to be a simple line drawing without any labels or annotations that would help identify specific parts of the cell membrane. Therefore, based on the given information and the lack of relevant details in the image, it is not possible to accurately answer the question with the provided options.",ABSTAIN,explicit_abstention,insufficient_or_unclear,yes
1489,bundle_118,Qwen/Qwen2.5-VL-7B-Instruct,blank_image,science & technology,<image 1>Hydrophobic region of the cell membrane?,A,"The image provided does not contain any visual evidence to identify the hydrophobic region of a cell membrane. The options given (A, B, C, D) do not correspond to any labeled parts in the image. Therefore, it is not possible to determine the correct answer based on the information provided in the image.",ABSTAIN,explicit_abstention,insufficient_or_unclear,yes
1489,bundle_118,Qwen/Qwen2.5-VL-7B-Instruct,far_mismatch,science & technology,<image 1>Hydrophobic region of the cell membrane?,A,"The image provided does not contain any information about the hydrophobic region of a cell membrane or any labeled regions that could be associated with such a concept. The image shows two pairs of magnets with their poles labeled (N for North and S for South), but there is no indication of a cell membrane or its components. Therefore, it is not possible to determine the correct answer based on the given image.",ABSTAIN,explicit_abstention,mismatch_or_irrelevant,yes
1489,bundle_118,Qwen/Qwen2.5-VL-7B-Instruct,hard_mismatch,science & technology,<image 1>Hydrophobic region of the cell membrane?,A,"The image provided does not contain any information about the hydrophobic region of a cell membrane or any labeled regions that could be associated with such a concept. The image shows two pairs of magnets with their poles labeled (N for North and S for South), but there is no indication of a cell membrane or its components. Therefore, it is not possible to determine the correct answer based on the given image.",ABSTAIN,explicit_abstention,mismatch_or_irrelevant,yes
1496,bundle_119,Qwen/Qwen2.5-VL-7B-Instruct,correct_image,science & technology,Which label applies to stomach?,C,"The image shows a labeled diagram of an animal's internal organs. The stomach is typically located in the upper part of the abdomen and is often connected to the esophagus and the small intestine. In this diagram, the stomach appears to be labeled as ""B"". Therefore, the correct answer is:

B: B",B,hedged_answer,none,yes
1496,bundle_119,Qwen/Qwen2.5-VL-7B-Instruct,no_image,science & technology,Which label applies to stomach?,C,"The image provided does not contain any labels or text that can be used to determine which option (A, B, C, or D) applies to the stomach. Therefore, there is insufficient visual evidence to answer the question.",ABSTAIN,explicit_abstention,insufficient_or_unclear,yes
1496,bundle_119,Qwen/Qwen2.5-VL-7B-Instruct,blank_image,science & technology,Which label applies to stomach?,C,"The image provided does not contain any labels or text that can be used to identify which label applies to the stomach. Therefore, it is not possible to determine the correct answer based on the given visual evidence.",ABSTAIN,explicit_abstention,missing,yes
1496,bundle_119,Qwen/Qwen2.5-VL-7B-Instruct,far_mismatch,science & technology,Which label applies to stomach?,C,"The image provided does not contain any labels or text that explicitly identify which part of the diagram corresponds to the stomach. The diagram appears to be a life cycle representation, possibly of an insect, with stages labeled A through E. Without additional context or labels indicating the specific parts of the life cycle, it is not possible to determine which label applies to the stomach based solely on this image. Therefore, the correct answer cannot be determined from the given information.",A,explicit_abstention,insufficient_or_unclear,yes
1496,bundle_119,Qwen/Qwen2.5-VL-7B-Instruct,hard_mismatch,science & technology,Which label applies to stomach?,C,"The image provided does not contain any labels or text that explicitly identify which part of the diagram corresponds to the stomach. The diagram appears to be a life cycle representation, possibly of an insect, with stages labeled A through E. Without additional context or labels indicating the specific parts of the life cycle, it is not possible to determine which label applies to the stomach based solely on this image. Therefore, the correct answer cannot be determined from the given information.",A,explicit_abstention,insufficient_or_unclear,yes
163,bundle_0,HuggingFaceTB/SmolVLM-256M-Instruct,correct_image,coarse perception,Which category does this image belong to?,B, Answer: D: photo.,D,confident_answer,none,no
163,bundle_0,HuggingFaceTB/SmolVLM-256M-Instruct,no_image,coarse perception,Which category does this image belong to?,B, Answer: D: photo.,D,confident_answer,none,no
163,bundle_0,HuggingFaceTB/SmolVLM-256M-Instruct,blank_image,coarse perception,Which category does this image belong to?,B, Answer: D: photo,D,confident_answer,none,no
163,bundle_0,HuggingFaceTB/SmolVLM-256M-Instruct,far_mismatch,coarse perception,Which category does this image belong to?,B, D: photo.,D,confident_answer,none,no
163,bundle_0,HuggingFaceTB/SmolVLM-256M-Instruct,hard_mismatch,coarse perception,Which category does this image belong to?,B, Answer: A: oil painting.,A,confident_answer,none,yes
28,bundle_1,HuggingFaceTB/SmolVLM-256M-Instruct,correct_image,coarse perception,What is the primary activity depicted in the image?,A, D: A crane lifting a house at sunset.,D,confident_answer,none,yes
28,bundle_1,HuggingFaceTB/SmolVLM-256M-Instruct,no_image,coarse perception,What is the primary activity depicted in the image?,A, A: A crane lifting a box from a building.,A,confident_answer,none,yes
28,bundle_1,HuggingFaceTB/SmolVLM-256M-Instruct,blank_image,coarse perception,What is the primary activity depicted in the image?,A, A: A crane lifting a box from a building,A,confident_answer,none,yes
28,bundle_1,HuggingFaceTB/SmolVLM-256M-Instruct,far_mismatch,coarse perception,What is the primary activity depicted in the image?,A,,UNSCORABLE,unscorable,blank_or_empty,no
28,bundle_1,HuggingFaceTB/SmolVLM-256M-Instruct,hard_mismatch,coarse perception,What is the primary activity depicted in the image?,A, Answer: C: A crane lifting a house at sunset.,C,confident_answer,none,yes
6,bundle_2,HuggingFaceTB/SmolVLM-256M-Instruct,correct_image,coarse perception,What is the overall theme of the image?,A, C: A woman in an outdoor setting.,C,confident_answer,none,yes
6,bundle_2,HuggingFaceTB/SmolVLM-256M-Instruct,no_image,coarse perception,What is the overall theme of the image?,A, A: A woman in different polka dot dresses.,A,confident_answer,none,yes
6,bundle_2,HuggingFaceTB/SmolVLM-256M-Instruct,blank_image,coarse perception,What is the overall theme of the image?,A, A: A woman in an outdoor setting.,UNSCORABLE,confident_answer,none,yes
6,bundle_2,HuggingFaceTB/SmolVLM-256M-Instruct,far_mismatch,coarse perception,What is the overall theme of the image?,A, C: A woman in an outdoor setting.,C,confident_answer,none,yes
6,bundle_2,HuggingFaceTB/SmolVLM-256M-Instruct,hard_mismatch,coarse perception,What is the overall theme of the image?,A, A,A,confident_answer,none,no
189,bundle_3,HuggingFaceTB/SmolVLM-256M-Instruct,correct_image,coarse perception,What feeling is shown in this image?,B," Answer: B: lonely.
",B,confident_answer,none,no
189,bundle_3,HuggingFaceTB/SmolVLM-256M-Instruct,no_image,coarse perception,What feeling is shown in this image?,B, B: lonely.,B,confident_answer,none,no
189,bundle_3,HuggingFaceTB/SmolVLM-256M-Instruct,blank_image,coarse perception,What feeling is shown in this image?,B, Answer: D: supportive.,D,confident_answer,none,no
189,bundle_3,HuggingFaceTB/SmolVLM-256M-Instruct,far_mismatch,coarse perception,What feeling is shown in this image?,B, Answer: D: supportive.,D,confident_answer,none,no
189,bundle_3,HuggingFaceTB/SmolVLM-256M-Instruct,hard_mismatch,coarse perception,What feeling is shown in this image?,B," Answer: A: engaged.

The image depicts a person with a painted face, likely depicting a person with a heart-shaped face. The heart-shaped face is painted in a way that includes various elements, such as a red heart, a yellow heart, and a blue eye. The expression on the face is one of distress or worry, as indicated by the blue eye and the expression. The person's expression is one of concern or worry, as indicated by the expression on their face.",A,confident_answer,mismatch_or_irrelevant,yes
70,bundle_4,HuggingFaceTB/SmolVLM-256M-Instruct,correct_image,coarse perception,What is the main object present in the foreground of the image?,B, A: A surgical mask.,A,confident_answer,none,yes
70,bundle_4,HuggingFaceTB/SmolVLM-256M-Instruct,no_image,coarse perception,What is the main object present in the foreground of the image?,B, A: A surgical mask.,A,confident_answer,none,yes
70,bundle_4,HuggingFaceTB/SmolVLM-256M-Instruct,blank_image,coarse perception,What is the main object present in the foreground of the image?,B, A: A surgical mask,A,confident_answer,none,yes
70,bundle_4,HuggingFaceTB/SmolVLM-256M-Instruct,far_mismatch,coarse perception,What is the main object present in the foreground of the image?,B, Answer: D: A surgical light,D,confident_answer,none,yes
70,bundle_4,HuggingFaceTB/SmolVLM-256M-Instruct,hard_mismatch,coarse perception,What is the main object present in the foreground of the image?,B," Answer: D: A surgical gown

The main object present in the foreground of the image is a surgical gown.",D,confident_answer,none,yes
62,bundle_5,HuggingFaceTB/SmolVLM-256M-Instruct,correct_image,coarse perception,What is the main feature of this image?,A, A,A,confident_answer,none,no
62,bundle_5,HuggingFaceTB/SmolVLM-256M-Instruct,no_image,coarse perception,What is the main feature of this image?,A, A: A sailboat on its side in the ocean at sunset.,A,confident_answer,none,yes
62,bundle_5,HuggingFaceTB/SmolVLM-256M-Instruct,blank_image,coarse perception,What is the main feature of this image?,A, A: A sailboat on its side in the ocean at sunset.,A,confident_answer,none,yes
62,bundle_5,HuggingFaceTB/SmolVLM-256M-Instruct,far_mismatch,coarse perception,What is the main feature of this image?,A, Answer: C: A rocky shore with a sailboat in the distance at sunrise.,C,confident_answer,none,yes
62,bundle_5,HuggingFaceTB/SmolVLM-256M-Instruct,hard_mismatch,coarse perception,What is the main feature of this image?,A, A: A sailboat on its side in the ocean at sunset.,A,confident_answer,none,yes
57,bundle_6,HuggingFaceTB/SmolVLM-256M-Instruct,correct_image,coarse perception,What is the main theme of the image?,A, A: Nature.,A,confident_answer,none,yes
57,bundle_6,HuggingFaceTB/SmolVLM-256M-Instruct,no_image,coarse perception,What is the main theme of the image?,A, A: Nature.,A,confident_answer,none,no
57,bundle_6,HuggingFaceTB/SmolVLM-256M-Instruct,blank_image,coarse perception,What is the main theme of the image?,A, Answer: D: Outdoor recreation.,D,confident_answer,none,no
57,bundle_6,HuggingFaceTB/SmolVLM-256M-Instruct,far_mismatch,coarse perception,What is the main theme of the image?,A," Answer: B: Transportation.

The main theme of the image is transportation.",B,confident_answer,none,yes
57,bundle_6,HuggingFaceTB/SmolVLM-256M-Instruct,hard_mismatch,coarse perception,What is the main theme of the image?,A, A: Nature.,A,confident_answer,none,no
35,bundle_7,HuggingFaceTB/SmolVLM-256M-Instruct,correct_image,coarse perception,What is the dominant color in the image?,A, A: White,A,confident_answer,none,yes
35,bundle_7,HuggingFaceTB/SmolVLM-256M-Instruct,no_image,coarse perception,What is the dominant color in the image?,A, A: White,A,confident_answer,none,yes
35,bundle_7,HuggingFaceTB/SmolVLM-256M-Instruct,blank_image,coarse perception,What is the dominant color in the image?,A, Answer: D: Black,D,confident_answer,none,yes
35,bundle_7,HuggingFaceTB/SmolVLM-256M-Instruct,far_mismatch,coarse perception,What is the dominant color in the image?,A, Answer: B: Blue.,B,confident_answer,none,yes
35,bundle_7,HuggingFaceTB/SmolVLM-256M-Instruct,hard_mismatch,coarse perception,What is the dominant color in the image?,A," Answer: B: Blue.

The dominant color in the image is blue.",B,confident_answer,none,yes
188,bundle_8,HuggingFaceTB/SmolVLM-256M-Instruct,correct_image,coarse perception,Which mood does this image convey?,A," Answer: D: Angry.

The image conveys a negative mood.",D,confident_answer,none,no
188,bundle_8,HuggingFaceTB/SmolVLM-256M-Instruct,no_image,coarse perception,Which mood does this image convey?,A, B: Happy.,B,confident_answer,none,no
188,bundle_8,HuggingFaceTB/SmolVLM-256M-Instruct,blank_image,coarse perception,Which mood does this image convey?,A, D: Angry.,D,confident_answer,none,no
188,bundle_8,HuggingFaceTB/SmolVLM-256M-Instruct,far_mismatch,coarse perception,Which mood does this image convey?,A, D: Angry.,D,confident_answer,none,no
188,bundle_8,HuggingFaceTB/SmolVLM-256M-Instruct,hard_mismatch,coarse perception,Which mood does this image convey?,A, Answer: D: Angry.,D,confident_answer,none,no
26,bundle_9,HuggingFaceTB/SmolVLM-256M-Instruct,correct_image,coarse perception,What is the main focus of the image?,B," Answer: D: the background scenery
using the information given: the woman is holding a white device, which is the main focus of the image.",D,confident_answer,none,yes
26,bundle_9,HuggingFaceTB/SmolVLM-256M-Instruct,no_image,coarse perception,What is the main focus of the image?,B, The main focus of the image is the woman's phone.,A,confident_answer,none,yes
26,bundle_9,HuggingFaceTB/SmolVLM-256M-Instruct,blank_image,coarse perception,What is the main focus of the image?,B, Answer: D: the background scenery.,D,confident_answer,none,no
26,bundle_9,HuggingFaceTB/SmolVLM-256M-Instruct,far_mismatch,coarse perception,What is the main focus of the image?,B," Answer: B: the woman's hairstyle

The main focus of the image is the woman's hairstyle.",B,confident_answer,none,yes
26,bundle_9,HuggingFaceTB/SmolVLM-256M-Instruct,hard_mismatch,coarse perception,What is the main focus of the image?,B, C: the woman's sweater.,C,confident_answer,none,yes
413,bundle_10,HuggingFaceTB/SmolVLM-256M-Instruct,correct_image,fine-grained perception,Who is this person?,D, D: Kate Winslet,D,confident_answer,none,no
413,bundle_10,HuggingFaceTB/SmolVLM-256M-Instruct,no_image,fine-grained perception,Who is this person?,D, Answer: C: Kate Winslet.,C,confident_answer,none,no
413,bundle_10,HuggingFaceTB/SmolVLM-256M-Instruct,blank_image,fine-grained perception,Who is this person?,D, D: Keira Knightley,D,confident_answer,none,no
413,bundle_10,HuggingFaceTB/SmolVLM-256M-Instruct,far_mismatch,fine-grained perception,Who is this person?,D, D: Kate Winslet,D,confident_answer,none,no
413,bundle_10,HuggingFaceTB/SmolVLM-256M-Instruct,hard_mismatch,fine-grained perception,Who is this person?,D," Answer: D: Kate Winslet

Using the available information, Victoria Beckham is the person who is being described in the image.",D,confident_answer,none,yes
278,bundle_11,HuggingFaceTB/SmolVLM-256M-Instruct,correct_image,fine-grained perception,What is the dominant color in this image?,B, B: Four.,B,confident_answer,none,no
278,bundle_11,HuggingFaceTB/SmolVLM-256M-Instruct,no_image,fine-grained perception,What is the dominant color in this image?,B, A: One.,A,confident_answer,none,no
278,bundle_11,HuggingFaceTB/SmolVLM-256M-Instruct,blank_image,fine-grained perception,What is the dominant color in this image?,B, B: Four.,B,confident_answer,none,no
278,bundle_11,HuggingFaceTB/SmolVLM-256M-Instruct,far_mismatch,fine-grained perception,What is the dominant color in this image?,B, B: Four.,B,confident_answer,none,no
278,bundle_11,HuggingFaceTB/SmolVLM-256M-Instruct,hard_mismatch,fine-grained perception,What is the dominant color in this image?,B, C: Three.,C,confident_answer,none,no
256,bundle_12,HuggingFaceTB/SmolVLM-256M-Instruct,correct_image,fine-grained perception,Which scene category matches this image the best?,C, C: storage_room.,C,confident_answer,none,no
256,bundle_12,HuggingFaceTB/SmolVLM-256M-Instruct,no_image,fine-grained perception,Which scene category matches this image the best?,C, B: museum/indoor.,B,confident_answer,none,yes
256,bundle_12,HuggingFaceTB/SmolVLM-256M-Instruct,blank_image,fine-grained perception,Which scene category matches this image the best?,C, C: storage_room.,C,confident_answer,none,yes
256,bundle_12,HuggingFaceTB/SmolVLM-256M-Instruct,far_mismatch,fine-grained perception,Which scene category matches this image the best?,C, C: storage_room.,C,confident_answer,none,no
256,bundle_12,HuggingFaceTB/SmolVLM-256M-Instruct,hard_mismatch,fine-grained perception,Which scene category matches this image the best?,C, C: storage_room.,C,confident_answer,none,yes
439,bundle_13,HuggingFaceTB/SmolVLM-256M-Instruct,correct_image,fine-grained perception,How many guitars are being played in the image?,C, B: One.,B,confident_answer,none,no
439,bundle_13,HuggingFaceTB/SmolVLM-256M-Instruct,no_image,fine-grained perception,How many guitars are being played in the image?,C," Answer: B: One.

The image shows a single guitar being played, which is the primary focus of the image. The guitar is the only object present in the image, and it is being played by a single person. This suggests that the image is a single-person scene, and the guitar is the only object in the image.",B,confident_answer,none,yes
439,bundle_13,HuggingFaceTB/SmolVLM-256M-Instruct,blank_image,fine-grained perception,How many guitars are being played in the image?,C, Answer: B: One.,B,confident_answer,none,no
439,bundle_13,HuggingFaceTB/SmolVLM-256M-Instruct,far_mismatch,fine-grained perception,How many guitars are being played in the image?,C, Answer:A: Two.,A,confident_answer,none,no
439,bundle_13,HuggingFaceTB/SmolVLM-256M-Instruct,hard_mismatch,fine-grained perception,How many guitars are being played in the image?,C, Answer: B: One.,B,confident_answer,none,no
320,bundle_14,HuggingFaceTB/SmolVLM-256M-Instruct,correct_image,fine-grained perception,Is the tree in front of the house with leaves or without leaves?,B, C: Can't infer from the given information.,C,explicit_abstention,insufficient_or_unclear,no
320,bundle_14,HuggingFaceTB/SmolVLM-256M-Instruct,no_image,fine-grained perception,Is the tree in front of the house with leaves or without leaves?,B, C: Can't infer from the given information.,C,explicit_abstention,insufficient_or_unclear,no
320,bundle_14,HuggingFaceTB/SmolVLM-256M-Instruct,blank_image,fine-grained perception,Is the tree in front of the house with leaves or without leaves?,B," D: Without leaves

The tree in front of the house with leaves is not visible, so it cannot be inferred that it is the one being referred to.",D,hedged_answer,insufficient_or_unclear,yes
320,bundle_14,HuggingFaceTB/SmolVLM-256M-Instruct,far_mismatch,fine-grained perception,Is the tree in front of the house with leaves or without leaves?,B, C: Can't infer from the given information.,C,explicit_abstention,insufficient_or_unclear,no
320,bundle_14,HuggingFaceTB/SmolVLM-256M-Instruct,hard_mismatch,fine-grained perception,Is the tree in front of the house with leaves or without leaves?,B," D: Without leaves

The tree in front of the house with leaves is not the one being referred to, but it is a tree that is not mentioned in the provided information.",D,confident_answer,mismatch_or_irrelevant,yes
312,bundle_15,HuggingFaceTB/SmolVLM-256M-Instruct,correct_image,fine-grained perception,What is the color of the couch in the image?,B," Answer: B: Brown.

The couch in the image is brown.",B,confident_answer,none,yes
312,bundle_15,HuggingFaceTB/SmolVLM-256M-Instruct,no_image,fine-grained perception,What is the color of the couch in the image?,B, Answer: D: Gray.,D,confident_answer,none,yes
312,bundle_15,HuggingFaceTB/SmolVLM-256M-Instruct,blank_image,fine-grained perception,What is the color of the couch in the image?,B, Answer: D: Gray,D,confident_answer,none,yes
312,bundle_15,HuggingFaceTB/SmolVLM-256M-Instruct,far_mismatch,fine-grained perception,What is the color of the couch in the image?,B," Answer: B: Brown

The couch is brown.",B,confident_answer,none,yes
312,bundle_15,HuggingFaceTB/SmolVLM-256M-Instruct,hard_mismatch,fine-grained perception,What is the color of the couch in the image?,B," C: Gray
",C,confident_answer,none,yes
307,bundle_16,HuggingFaceTB/SmolVLM-256M-Instruct,correct_image,fine-grained perception,How many toys are present in the image?,D, Answer:2.,C,confident_answer,none,no
307,bundle_16,HuggingFaceTB/SmolVLM-256M-Instruct,no_image,fine-grained perception,How many toys are present in the image?,D, A: 1.,A,confident_answer,none,no
307,bundle_16,HuggingFaceTB/SmolVLM-256M-Instruct,blank_image,fine-grained perception,How many toys are present in the image?,D, Answer: C: 2,C,confident_answer,none,no
307,bundle_16,HuggingFaceTB/SmolVLM-256M-Instruct,far_mismatch,fine-grained perception,How many toys are present in the image?,D, Answer: B,B,confident_answer,none,no
307,bundle_16,HuggingFaceTB/SmolVLM-256M-Instruct,hard_mismatch,fine-grained perception,How many toys are present in the image?,D," Answer: C: 2.
",C,confident_answer,none,no
285,bundle_17,HuggingFaceTB/SmolVLM-256M-Instruct,correct_image,fine-grained perception,Where is the seated person visible in the image?,C," Answer: C: Outside the field.

The seated person is visible in the background, but they are not directly in the image.",C,confident_answer,none,yes
285,bundle_17,HuggingFaceTB/SmolVLM-256M-Instruct,no_image,fine-grained perception,Where is the seated person visible in the image?,C, B: In the field.,B,confident_answer,none,yes
285,bundle_17,HuggingFaceTB/SmolVLM-256M-Instruct,blank_image,fine-grained perception,Where is the seated person visible in the image?,C, Answer: C: Outside the field.,C,confident_answer,none,yes
285,bundle_17,HuggingFaceTB/SmolVLM-256M-Instruct,far_mismatch,fine-grained perception,Where is the seated person visible in the image?,C," Answer: C: Outside the field.

The seated person is visible in the background, but they are not in the field.",C,confident_answer,none,yes
285,bundle_17,HuggingFaceTB/SmolVLM-256M-Instruct,hard_mismatch,fine-grained perception,Where is the seated person visible in the image?,C, B: In the field.,B,confident_answer,none,no
438,bundle_18,HuggingFaceTB/SmolVLM-256M-Instruct,correct_image,fine-grained perception,What is the position of the person playing an instrument in the image?,B, Answer: D: Standing at the back of the stage.,D,confident_answer,none,yes
438,bundle_18,HuggingFaceTB/SmolVLM-256M-Instruct,no_image,fine-grained perception,What is the position of the person playing an instrument in the image?,B, D: Standing at the back of the stage.,D,confident_answer,none,yes
438,bundle_18,HuggingFaceTB/SmolVLM-256M-Instruct,blank_image,fine-grained perception,What is the position of the person playing an instrument in the image?,B, D: Standing at the back of the stage.,D,confident_answer,none,yes
438,bundle_18,HuggingFaceTB/SmolVLM-256M-Instruct,far_mismatch,fine-grained perception,What is the position of the person playing an instrument in the image?,B, A: Standing on the left side of the stage.,A,confident_answer,none,yes
438,bundle_18,HuggingFaceTB/SmolVLM-256M-Instruct,hard_mismatch,fine-grained perception,What is the position of the person playing an instrument in the image?,B, D: Standing at the back of the stage.,D,confident_answer,none,yes
276,bundle_19,HuggingFaceTB/SmolVLM-256M-Instruct,correct_image,fine-grained perception,What is the dominant color in this image?,B," Answer: B: Brown.

The dominant color in this image is brown.",B,confident_answer,none,yes
276,bundle_19,HuggingFaceTB/SmolVLM-256M-Instruct,no_image,fine-grained perception,What is the dominant color in this image?,B, A: Red,A,confident_answer,none,yes
276,bundle_19,HuggingFaceTB/SmolVLM-256M-Instruct,blank_image,fine-grained perception,What is the dominant color in this image?,B, Answer: D: White,D,confident_answer,none,yes
276,bundle_19,HuggingFaceTB/SmolVLM-256M-Instruct,far_mismatch,fine-grained perception,What is the dominant color in this image?,B, Answer: B: Brown.,B,confident_answer,none,yes
276,bundle_19,HuggingFaceTB/SmolVLM-256M-Instruct,hard_mismatch,fine-grained perception,What is the dominant color in this image?,B, Answer: B: Brown.,B,confident_answer,none,yes
663,bundle_20,HuggingFaceTB/SmolVLM-256M-Instruct,correct_image,instance reasoning,Compare the average kinetic energies of the particles in each sample. Which sample has the higher temperature?,B," Answer: B: sample A

Step-by-step justification:
1. Calculate the average particle speed for each sample.
Mass of each particle: 26 u
Average particle speed: 400 m/s
The average particle speed for sample A is 400 m/s, while the average particle speed for sample B is 400 m/s.
2. Compare the two average particle speeds.
B: Sample A has a higher average particle speed.",B,confident_answer,mismatch_or_irrelevant,no
663,bundle_20,HuggingFaceTB/SmolVLM-256M-Instruct,no_image,instance reasoning,Compare the average kinetic energies of the particles in each sample. Which sample has the higher temperature?,B," B: sample A, C: sample B.",UNSCORABLE,confident_answer,none,no
663,bundle_20,HuggingFaceTB/SmolVLM-256M-Instruct,blank_image,instance reasoning,Compare the average kinetic energies of the particles in each sample. Which sample has the higher temperature?,B," B: sample A, C: sample B",UNSCORABLE,confident_answer,none,yes
663,bundle_20,HuggingFaceTB/SmolVLM-256M-Instruct,far_mismatch,instance reasoning,Compare the average kinetic energies of the particles in each sample. Which sample has the higher temperature?,B," Answer: D: nan

Both samples have the same temperature.",D,confident_answer,none,yes
663,bundle_20,HuggingFaceTB/SmolVLM-256M-Instruct,hard_mismatch,instance reasoning,Compare the average kinetic energies of the particles in each sample. Which sample has the higher temperature?,B, Sample A has the higher temperature.,A,confident_answer,none,yes
528,bundle_21,HuggingFaceTB/SmolVLM-256M-Instruct,correct_image,instance reasoning,The object shown in this figure:,B, D: None of these options are correct.,D,confident_answer,none,no
528,bundle_21,HuggingFaceTB/SmolVLM-256M-Instruct,no_image,instance reasoning,The object shown in this figure:,B, A: Is a colorless gas with a slightly sweet odor.,A,confident_answer,none,no
528,bundle_21,HuggingFaceTB/SmolVLM-256M-Instruct,blank_image,instance reasoning,The object shown in this figure:,B, C: Has a boiling point of -88.5°C.,C,confident_answer,none,no
528,bundle_21,HuggingFaceTB/SmolVLM-256M-Instruct,far_mismatch,instance reasoning,The object shown in this figure:,B, D: None of these options are correct.,D,confident_answer,none,no
528,bundle_21,HuggingFaceTB/SmolVLM-256M-Instruct,hard_mismatch,instance reasoning,The object shown in this figure:,B, Answer: C: Has a boiling point of -88.5°C.,C,confident_answer,missing,no
506,bundle_22,HuggingFaceTB/SmolVLM-256M-Instruct,correct_image,instance reasoning,"Hint: Please answer the question and provide the correct option letter, e.g., A, B, C, D, at the end. Question: What is the age gap between these two people in image? (Unit: years)",C," Answer: D: terrified.

The age gap between the two people in the image is not specified, so it cannot be determined from the image.",D,confident_answer,insufficient_or_unclear,yes
506,bundle_22,HuggingFaceTB/SmolVLM-256M-Instruct,no_image,instance reasoning,"Hint: Please answer the question and provide the correct option letter, e.g., A, B, C, D, at the end. Question: What is the age gap between these two people in image? (Unit: years)",C, A: happy.,A,confident_answer,none,yes
506,bundle_22,HuggingFaceTB/SmolVLM-256M-Instruct,blank_image,instance reasoning,"Hint: Please answer the question and provide the correct option letter, e.g., A, B, C, D, at the end. Question: What is the age gap between these two people in image? (Unit: years)",C, Answer: D: terrified.,D,confident_answer,none,no
506,bundle_22,HuggingFaceTB/SmolVLM-256M-Instruct,far_mismatch,instance reasoning,"Hint: Please answer the question and provide the correct option letter, e.g., A, B, C, D, at the end. Question: What is the age gap between these two people in image? (Unit: years)",C, D: terrified,D,confident_answer,none,yes
506,bundle_22,HuggingFaceTB/SmolVLM-256M-Instruct,hard_mismatch,instance reasoning,"Hint: Please answer the question and provide the correct option letter, e.g., A, B, C, D, at the end. Question: What is the age gap between these two people in image? (Unit: years)",C, Answer: A: happy.,A,confident_answer,none,yes
689,bundle_23,HuggingFaceTB/SmolVLM-256M-Instruct,correct_image,instance reasoning,What's the function of the demonstrated object?,D," Answer: C: flavouring.

The function of the object is to pick up flavours.",C,confident_answer,none,yes
689,bundle_23,HuggingFaceTB/SmolVLM-256M-Instruct,no_image,instance reasoning,What's the function of the demonstrated object?,D, A: grill.,A,confident_answer,none,yes
689,bundle_23,HuggingFaceTB/SmolVLM-256M-Instruct,blank_image,instance reasoning,What's the function of the demonstrated object?,D, A: grill,A,confident_answer,none,yes
689,bundle_23,HuggingFaceTB/SmolVLM-256M-Instruct,far_mismatch,instance reasoning,What's the function of the demonstrated object?,D," Answer: C: flavouring.

Using the information given, the function of the grill is to provide a surface for the man to jump over.",C,confident_answer,mismatch_or_irrelevant,yes
689,bundle_23,HuggingFaceTB/SmolVLM-256M-Instruct,hard_mismatch,instance reasoning,What's the function of the demonstrated object?,D, Answer: C: flavouring.,C,confident_answer,none,no
570,bundle_24,HuggingFaceTB/SmolVLM-256M-Instruct,correct_image,instance reasoning,What is the relative position of the ocean to the pier in the image?,B, C: The ocean is on the left side of the pier.,C,confident_answer,none,yes
570,bundle_24,HuggingFaceTB/SmolVLM-256M-Instruct,no_image,instance reasoning,What is the relative position of the ocean to the pier in the image?,B, D: It is not specified.,D,explicit_abstention,missing,no
570,bundle_24,HuggingFaceTB/SmolVLM-256M-Instruct,blank_image,instance reasoning,What is the relative position of the ocean to the pier in the image?,B, D: It is not specified.,D,confident_answer,insufficient_or_unclear,no
570,bundle_24,HuggingFaceTB/SmolVLM-256M-Instruct,far_mismatch,instance reasoning,What is the relative position of the ocean to the pier in the image?,B, Answer: C: The ocean is on the left side of the pier.,C,confident_answer,none,yes
570,bundle_24,HuggingFaceTB/SmolVLM-256M-Instruct,hard_mismatch,instance reasoning,What is the relative position of the ocean to the pier in the image?,B, Answer: A: The ocean is in front of the pier.,A,confident_answer,none,yes
562,bundle_25,HuggingFaceTB/SmolVLM-256M-Instruct,correct_image,instance reasoning,What type of television is present in the room?,A," C: Modern
",C,confident_answer,none,no
562,bundle_25,HuggingFaceTB/SmolVLM-256M-Instruct,no_image,instance reasoning,What type of television is present in the room?,A, B: Modern.,B,confident_answer,none,no
562,bundle_25,HuggingFaceTB/SmolVLM-256M-Instruct,blank_image,instance reasoning,What type of television is present in the room?,A, B: Modern,B,confident_answer,none,yes
562,bundle_25,HuggingFaceTB/SmolVLM-256M-Instruct,far_mismatch,instance reasoning,What type of television is present in the room?,A," Answer: C: Modern.

The television is a flat screen.",C,confident_answer,none,yes
562,bundle_25,HuggingFaceTB/SmolVLM-256M-Instruct,hard_mismatch,instance reasoning,What type of television is present in the room?,A," C: Modern
",C,confident_answer,none,no
557,bundle_26,HuggingFaceTB/SmolVLM-256M-Instruct,correct_image,instance reasoning,What's the function of the demonstrated object?,D, C: bind.,C,confident_answer,none,no
557,bundle_26,HuggingFaceTB/SmolVLM-256M-Instruct,no_image,instance reasoning,What's the function of the demonstrated object?,D, B: compute.,B,confident_answer,none,no
557,bundle_26,HuggingFaceTB/SmolVLM-256M-Instruct,blank_image,instance reasoning,What's the function of the demonstrated object?,D, B: compute.,B,confident_answer,none,no
557,bundle_26,HuggingFaceTB/SmolVLM-256M-Instruct,far_mismatch,instance reasoning,What's the function of the demonstrated object?,D, Answer: C: bind.,C,confident_answer,none,no
557,bundle_26,HuggingFaceTB/SmolVLM-256M-Instruct,hard_mismatch,instance reasoning,What's the function of the demonstrated object?,D, B: compute.,B,confident_answer,none,no
535,bundle_27,HuggingFaceTB/SmolVLM-256M-Instruct,correct_image,instance reasoning,Think about the magnetic force between the magnets in each pair. Which of the following statements is true?,B, Answer: A,A,confident_answer,none,no
535,bundle_27,HuggingFaceTB/SmolVLM-256M-Instruct,no_image,instance reasoning,Think about the magnetic force between the magnets in each pair. Which of the following statements is true?,B, B: The magnitude of the magnetic force is smaller in Pair 2.,B,confident_answer,none,yes
535,bundle_27,HuggingFaceTB/SmolVLM-256M-Instruct,blank_image,instance reasoning,Think about the magnetic force between the magnets in each pair. Which of the following statements is true?,B, C: The magnitude of the magnetic force is the same in both pairs.,C,confident_answer,none,yes
535,bundle_27,HuggingFaceTB/SmolVLM-256M-Instruct,far_mismatch,instance reasoning,Think about the magnetic force between the magnets in each pair. Which of the following statements is true?,B, C: The magnitude of the magnetic force is the same in both pairs.,C,confident_answer,none,no
535,bundle_27,HuggingFaceTB/SmolVLM-256M-Instruct,hard_mismatch,instance reasoning,Think about the magnetic force between the magnets in each pair. Which of the following statements is true?,B, C: The magnitude of the magnetic force is smaller in Pair 2.,C,confident_answer,none,yes
688,bundle_28,HuggingFaceTB/SmolVLM-256M-Instruct,correct_image,instance reasoning,In what situations would the scene in the picture appear?,D," Answer: D: Put a piece of sodium into kerosene.
using the available information, the scene appears to be related to the process of putting sodium into kerosene.",D,confident_answer,none,yes
688,bundle_28,HuggingFaceTB/SmolVLM-256M-Instruct,no_image,instance reasoning,In what situations would the scene in the picture appear?,D, Put a piece of iron into water.,A,confident_answer,none,no
688,bundle_28,HuggingFaceTB/SmolVLM-256M-Instruct,blank_image,instance reasoning,In what situations would the scene in the picture appear?,D, C: Put a piece of sodium into kerosene.,C,confident_answer,none,no
688,bundle_28,HuggingFaceTB/SmolVLM-256M-Instruct,far_mismatch,instance reasoning,In what situations would the scene in the picture appear?,D," D: Put a piece of sodium into kerosene.
Answer: B.",B,confident_answer,mismatch_or_irrelevant,no
688,bundle_28,HuggingFaceTB/SmolVLM-256M-Instruct,hard_mismatch,instance reasoning,In what situations would the scene in the picture appear?,D," D: Put a piece of sodium into kerosene.
Answer: B.",D,confident_answer,mismatch_or_irrelevant,no
526,bundle_29,HuggingFaceTB/SmolVLM-256M-Instruct,correct_image,instance reasoning,"Hint: Please answer the question and provide the correct option letter, e.g., A, B, C, D, at the end. Question: What is the age gap between these two people in image? (Unit: years)",D," Answer: D

Using the information given, the age gap between the two people in the image is 7 years.",D,confident_answer,none,yes
526,bundle_29,HuggingFaceTB/SmolVLM-256M-Instruct,no_image,instance reasoning,"Hint: Please answer the question and provide the correct option letter, e.g., A, B, C, D, at the end. Question: What is the age gap between these two people in image? (Unit: years)",D," Answer: (D) 7.

The age gap between the two people in the image is 7 years.",D,confident_answer,none,yes
526,bundle_29,HuggingFaceTB/SmolVLM-256M-Instruct,blank_image,instance reasoning,"Hint: Please answer the question and provide the correct option letter, e.g., A, B, C, D, at the end. Question: What is the age gap between these two people in image? (Unit: years)",D, Answer: D,D,confident_answer,none,no
526,bundle_29,HuggingFaceTB/SmolVLM-256M-Instruct,far_mismatch,instance reasoning,"Hint: Please answer the question and provide the correct option letter, e.g., A, B, C, D, at the end. Question: What is the age gap between these two people in image? (Unit: years)",D, Answer:D,D,confident_answer,none,no
526,bundle_29,HuggingFaceTB/SmolVLM-256M-Instruct,hard_mismatch,instance reasoning,"Hint: Please answer the question and provide the correct option letter, e.g., A, B, C, D, at the end. Question: What is the age gap between these two people in image? (Unit: years)",D," Answer: D

The answer is D.",D,confident_answer,none,no
913,bundle_30,HuggingFaceTB/SmolVLM-256M-Instruct,correct_image,logical reasoning,Which month is the wettest on average in Christchurch?,C, Answer: A: August,A,confident_answer,none,no
913,bundle_30,HuggingFaceTB/SmolVLM-256M-Instruct,no_image,logical reasoning,Which month is the wettest on average in Christchurch?,C," A: August

The wettest month in Christchurch is August, as it is the month with the highest average temperature.",A,confident_answer,mismatch_or_irrelevant,no
913,bundle_30,HuggingFaceTB/SmolVLM-256M-Instruct,blank_image,logical reasoning,Which month is the wettest on average in Christchurch?,C, A: August,A,confident_answer,none,no
913,bundle_30,HuggingFaceTB/SmolVLM-256M-Instruct,far_mismatch,logical reasoning,Which month is the wettest on average in Christchurch?,C, Answer: A,A,confident_answer,none,no
913,bundle_30,HuggingFaceTB/SmolVLM-256M-Instruct,hard_mismatch,logical reasoning,Which month is the wettest on average in Christchurch?,C, Answer: A: August,A,confident_answer,none,no
778,bundle_31,HuggingFaceTB/SmolVLM-256M-Instruct,correct_image,logical reasoning,What python code is gonna generate the result as shown in the image?,A," B: if 5 > 2: print(""Five is greater than two!"");",B,confident_answer,none,no
778,bundle_31,HuggingFaceTB/SmolVLM-256M-Instruct,no_image,logical reasoning,What python code is gonna generate the result as shown in the image?,A," B: if 5 > 2: print(""Five is greater than two!"").",B,confident_answer,none,no
778,bundle_31,HuggingFaceTB/SmolVLM-256M-Instruct,blank_image,logical reasoning,What python code is gonna generate the result as shown in the image?,A," B: if 5 > 2: print(""Five is greater than two!"");",B,confident_answer,none,no
778,bundle_31,HuggingFaceTB/SmolVLM-256M-Instruct,far_mismatch,logical reasoning,What python code is gonna generate the result as shown in the image?,A," Answer: D: if 5 > 2: print(""Five is greater than two!"").",D,confident_answer,none,no
778,bundle_31,HuggingFaceTB/SmolVLM-256M-Instruct,hard_mismatch,logical reasoning,What python code is gonna generate the result as shown in the image?,A," B: if 5 > 2: print(""Five is greater than two!"");",B,confident_answer,none,no
756,bundle_32,HuggingFaceTB/SmolVLM-256M-Instruct,correct_image,logical reasoning,Where is the woman holding her belly in the image?,B, Answer: B: She's not holding her belly.,B,confident_answer,none,yes
756,bundle_32,HuggingFaceTB/SmolVLM-256M-Instruct,no_image,logical reasoning,Where is the woman holding her belly in the image?,B," Answer: D: She's not holding her belly.

The answer is D because the woman is not holding her belly.",D,confident_answer,none,yes
756,bundle_32,HuggingFaceTB/SmolVLM-256M-Instruct,blank_image,logical reasoning,Where is the woman holding her belly in the image?,B, Answer: D: She's not holding her belly.,D,confident_answer,none,yes
756,bundle_32,HuggingFaceTB/SmolVLM-256M-Instruct,far_mismatch,logical reasoning,Where is the woman holding her belly in the image?,B," B: with her right hand,",B,confident_answer,none,yes
756,bundle_32,HuggingFaceTB/SmolVLM-256M-Instruct,hard_mismatch,logical reasoning,Where is the woman holding her belly in the image?,B," Answer: B: With her right hand, C

The answer is C.",C,confident_answer,none,yes
939,bundle_33,HuggingFaceTB/SmolVLM-256M-Instruct,correct_image,logical reasoning,What time of day is it at stage 1?,B, B: sunset,B,confident_answer,none,yes
939,bundle_33,HuggingFaceTB/SmolVLM-256M-Instruct,no_image,logical reasoning,What time of day is it at stage 1?,B, B: sunset.,B,confident_answer,none,yes
939,bundle_33,HuggingFaceTB/SmolVLM-256M-Instruct,blank_image,logical reasoning,What time of day is it at stage 1?,B, D: sunrise,D,confident_answer,none,yes
939,bundle_33,HuggingFaceTB/SmolVLM-256M-Instruct,far_mismatch,logical reasoning,What time of day is it at stage 1?,B," Answer: D: sunrise

The time of day at stage 1 is either sunset or sunrise.",D,hedged_answer,insufficient_or_unclear,yes
939,bundle_33,HuggingFaceTB/SmolVLM-256M-Instruct,hard_mismatch,logical reasoning,What time of day is it at stage 1?,B," Answer: D: sunrise

Step-by-step justification:
1. The sun is shown to be at the top left of the diagram.
2. The time of day is indicated by the presence of clouds.
3. The time of day is indicated by the presence of clouds.
4. The time of day is indicated by the presence of clouds.
5. The time of day is indicated by the presence of clouds.
6. The time of day is indicated by the presence of clouds.
7. The time of day is indicated by the presence of clouds.
8. The time of day",D,confident_answer,insufficient_or_unclear,yes
820,bundle_34,HuggingFaceTB/SmolVLM-256M-Instruct,correct_image,logical reasoning,"Hint: Please answer the question and provide the correct option letter, e.g., A, B, C, D, at the end. Question: What is the difference between the highest and the lowest value of blue bar?",A, D,D,confident_answer,none,no
820,bundle_34,HuggingFaceTB/SmolVLM-256M-Instruct,no_image,logical reasoning,"Hint: Please answer the question and provide the correct option letter, e.g., A, B, C, D, at the end. Question: What is the difference between the highest and the lowest value of blue bar?",A," Answer: (D) 57.

The difference between the highest and the lowest value of the blue bar is 57.",D,confident_answer,none,yes
820,bundle_34,HuggingFaceTB/SmolVLM-256M-Instruct,blank_image,logical reasoning,"Hint: Please answer the question and provide the correct option letter, e.g., A, B, C, D, at the end. Question: What is the difference between the highest and the lowest value of blue bar?",A," Answer: (D) 57.

The difference between the highest and the lowest value of the blue bar is 57.",D,confident_answer,none,yes
820,bundle_34,HuggingFaceTB/SmolVLM-256M-Instruct,far_mismatch,logical reasoning,"Hint: Please answer the question and provide the correct option letter, e.g., A, B, C, D, at the end. Question: What is the difference between the highest and the lowest value of blue bar?",A, Answer: D,D,confident_answer,none,no
820,bundle_34,HuggingFaceTB/SmolVLM-256M-Instruct,hard_mismatch,logical reasoning,"Hint: Please answer the question and provide the correct option letter, e.g., A, B, C, D, at the end. Question: What is the difference between the highest and the lowest value of blue bar?",A, Answer: D,D,confident_answer,none,no
812,bundle_35,HuggingFaceTB/SmolVLM-256M-Instruct,correct_image,logical reasoning,Is there a teddy bear in the image?,B," Answer: A: Can't tell

The image does not contain any teddy bears, can't tell, or maybe options.",A,explicit_abstention,insufficient_or_unclear,yes
812,bundle_35,HuggingFaceTB/SmolVLM-256M-Instruct,no_image,logical reasoning,Is there a teddy bear in the image?,B, A: Can't tell.,A,explicit_abstention,insufficient_or_unclear,no
812,bundle_35,HuggingFaceTB/SmolVLM-256M-Instruct,blank_image,logical reasoning,Is there a teddy bear in the image?,B, A: Can't tell.,A,explicit_abstention,insufficient_or_unclear,no
812,bundle_35,HuggingFaceTB/SmolVLM-256M-Instruct,far_mismatch,logical reasoning,Is there a teddy bear in the image?,B," Answer: A

Step-by-step justification:
1. The image features a tall tower.
2. The tower is painted in a style that resembles the Eiffel Tower, which is a famous landmark in Paris, France.
3. The tower has a beige color with a subtle pattern of black lines.
4. The text on the tower is written in Arabic script, which is a language spoken in the Middle East.
5. The text is written in a style that is consistent with the Eiffel Tower's design, which is a classic architectural design.
6. The tower is set against a",A,confident_answer,insufficient_or_unclear,yes
812,bundle_35,HuggingFaceTB/SmolVLM-256M-Instruct,hard_mismatch,logical reasoning,Is there a teddy bear in the image?,B, A: Can't tell.,A,explicit_abstention,insufficient_or_unclear,no
807,bundle_36,HuggingFaceTB/SmolVLM-256M-Instruct,correct_image,logical reasoning,"Hint: Please answer the question and provide the correct option letter, e.g., A, B, C, D, at the end. Question: How many people like the most preferred object in the whole chart?",D, D,D,confident_answer,none,no
807,bundle_36,HuggingFaceTB/SmolVLM-256M-Instruct,no_image,logical reasoning,"Hint: Please answer the question and provide the correct option letter, e.g., A, B, C, D, at the end. Question: How many people like the most preferred object in the whole chart?",D," Answer: (D) 9.

Justification:
The chart represents a list of objects, and the question asks for the number of people who like the most preferred object. The chart has 9 objects, and the most preferred object is not explicitly mentioned in the list. Therefore, the correct option is (D) 9.",D,confident_answer,mismatch_or_irrelevant,yes
807,bundle_36,HuggingFaceTB/SmolVLM-256M-Instruct,blank_image,logical reasoning,"Hint: Please answer the question and provide the correct option letter, e.g., A, B, C, D, at the end. Question: How many people like the most preferred object in the whole chart?",D, Answer: (D) 9.,D,confident_answer,missing,no
807,bundle_36,HuggingFaceTB/SmolVLM-256M-Instruct,far_mismatch,logical reasoning,"Hint: Please answer the question and provide the correct option letter, e.g., A, B, C, D, at the end. Question: How many people like the most preferred object in the whole chart?",D, Answer: (D) 9.,D,confident_answer,missing,no
807,bundle_36,HuggingFaceTB/SmolVLM-256M-Instruct,hard_mismatch,logical reasoning,"Hint: Please answer the question and provide the correct option letter, e.g., A, B, C, D, at the end. Question: How many people like the most preferred object in the whole chart?",D," Answer: (D) 9.

The answer is D.",D,confident_answer,none,no
785,bundle_37,HuggingFaceTB/SmolVLM-256M-Instruct,correct_image,logical reasoning,Which Python code can generate the content of the image?,C, B: from collections.from_iterable(range(100000000)),B,confident_answer,missing,no
785,bundle_37,HuggingFaceTB/SmolVLM-256M-Instruct,no_image,logical reasoning,Which Python code can generate the content of the image?,C, B: from collections.Counter result = Counter('strawberry'),B,confident_answer,none,no
785,bundle_37,HuggingFaceTB/SmolVLM-256M-Instruct,blank_image,logical reasoning,Which Python code can generate the content of the image?,C, B: from collections. Counter result = Counter('strawberry'),B,confident_answer,none,no
785,bundle_37,HuggingFaceTB/SmolVLM-256M-Instruct,far_mismatch,logical reasoning,Which Python code can generate the content of the image?,C, B: from collections import Counter result = Counter('strawberry'),B,confident_answer,none,no
785,bundle_37,HuggingFaceTB/SmolVLM-256M-Instruct,hard_mismatch,logical reasoning,Which Python code can generate the content of the image?,C, B: from collections.from_ Counter('strawberry'),B,unscorable,none,no
938,bundle_38,HuggingFaceTB/SmolVLM-256M-Instruct,correct_image,logical reasoning,Is the man wearing a hat?,C," Answer: A

The man is wearing a red tie, which is a design on his necktie. There is no hat mentioned in the provided image.",A,confident_answer,none,yes
938,bundle_38,HuggingFaceTB/SmolVLM-256M-Instruct,no_image,logical reasoning,Is the man wearing a hat?,C," B:

The man is wearing a hat, which is a common accessory for many people. However, there is no visible design on his head, so it cannot be determined if he is wearing a hat or not.",B,hedged_answer,mismatch_or_irrelevant,yes
938,bundle_38,HuggingFaceTB/SmolVLM-256M-Instruct,blank_image,logical reasoning,Is the man wearing a hat?,C," B:

The man is wearing a hat, which is a common accessory for many people. However, there is no information provided in the text that specifically states the man is wearing a hat. Therefore, the answer is B: B.",B,hedged_answer,missing,yes
938,bundle_38,HuggingFaceTB/SmolVLM-256M-Instruct,far_mismatch,logical reasoning,Is the man wearing a hat?,C," A: C
",C,confident_answer,none,no
938,bundle_38,HuggingFaceTB/SmolVLM-256M-Instruct,hard_mismatch,logical reasoning,Is the man wearing a hat?,C," Answer: A

The man is wearing a hat.",A,confident_answer,none,yes
776,bundle_39,HuggingFaceTB/SmolVLM-256M-Instruct,correct_image,logical reasoning,"Hint: Please answer the question and provide the correct option letter, e.g., A, B, C, D, at the end. Question: What is the difference between the highest and the lowest dark blue bar?",A, (A) 54.,A,confident_answer,none,no
776,bundle_39,HuggingFaceTB/SmolVLM-256M-Instruct,no_image,logical reasoning,"Hint: Please answer the question and provide the correct option letter, e.g., A, B, C, D, at the end. Question: What is the difference between the highest and the lowest dark blue bar?",A," Answer: (D) 57.

The difference between the highest and the lowest dark blue bars is 57.",D,confident_answer,none,yes
776,bundle_39,HuggingFaceTB/SmolVLM-256M-Instruct,blank_image,logical reasoning,"Hint: Please answer the question and provide the correct option letter, e.g., A, B, C, D, at the end. Question: What is the difference between the highest and the lowest dark blue bar?",A," Answer: (D) 57.

The difference between the highest and the lowest dark blue bars is 57.",D,confident_answer,none,yes
776,bundle_39,HuggingFaceTB/SmolVLM-256M-Instruct,far_mismatch,logical reasoning,"Hint: Please answer the question and provide the correct option letter, e.g., A, B, C, D, at the end. Question: What is the difference between the highest and the lowest dark blue bar?",A, Answer: D,D,confident_answer,none,no
776,bundle_39,HuggingFaceTB/SmolVLM-256M-Instruct,hard_mismatch,logical reasoning,"Hint: Please answer the question and provide the correct option letter, e.g., A, B, C, D, at the end. Question: What is the difference between the highest and the lowest dark blue bar?",A, Answer: D,D,confident_answer,none,no
1163,bundle_40,HuggingFaceTB/SmolVLM-256M-Instruct,correct_image,math,"Hint: Please answer the question and provide the correct option letter, e.g., A, B, C, D, at the end. Question: Find x. Assume that any segment that appears to be tangent is tangent.",C, Answer: D,D,confident_answer,none,no
1163,bundle_40,HuggingFaceTB/SmolVLM-256M-Instruct,no_image,math,"Hint: Please answer the question and provide the correct option letter, e.g., A, B, C, D, at the end. Question: Find x. Assume that any segment that appears to be tangent is tangent.",C," Answer: (D) 120.

Justification:
1. The given information states that any segment that appears to be tangent is tangent.
2. The segment that appears to be tangent is tangent.
3. Therefore, the correct option is (D) 120.",D,confident_answer,insufficient_or_unclear,yes
1163,bundle_40,HuggingFaceTB/SmolVLM-256M-Instruct,blank_image,math,"Hint: Please answer the question and provide the correct option letter, e.g., A, B, C, D, at the end. Question: Find x. Assume that any segment that appears to be tangent is tangent.",C," Answer: (D) 120.

Step-by-step justification:
1. Identify the given segment that appears to be tangent.
2. Determine the corresponding segment's length.
3. Compare the lengths of the segments.
4. Choose the correct option.

Step-by-step justification:
- The segment that appears to be tangent is segment (A).
- The length of segment (A) is 30 units.
- The length of segment (B) is 90 units.
- The length of segment (C) is 10 units.",D,confident_answer,mismatch_or_irrelevant,yes
1163,bundle_40,HuggingFaceTB/SmolVLM-256M-Instruct,far_mismatch,math,"Hint: Please answer the question and provide the correct option letter, e.g., A, B, C, D, at the end. Question: Find x. Assume that any segment that appears to be tangent is tangent.",C, Answer: D.,D,confident_answer,none,no
1163,bundle_40,HuggingFaceTB/SmolVLM-256M-Instruct,hard_mismatch,math,"Hint: Please answer the question and provide the correct option letter, e.g., A, B, C, D, at the end. Question: Find x. Assume that any segment that appears to be tangent is tangent.",C, Answer: D,D,confident_answer,none,no
1028,bundle_41,HuggingFaceTB/SmolVLM-256M-Instruct,correct_image,math,"Hint: Please answer the question requiring an integer answer and provide the final value, e.g., 1, 2, 3, at the end. Question: What number is shown?",B, Answer: D,D,confident_answer,none,no
1028,bundle_41,HuggingFaceTB/SmolVLM-256M-Instruct,no_image,math,"Hint: Please answer the question requiring an integer answer and provide the final value, e.g., 1, 2, 3, at the end. Question: What number is shown?",B, Answer: (D) 34.,D,confident_answer,none,no
1028,bundle_41,HuggingFaceTB/SmolVLM-256M-Instruct,blank_image,math,"Hint: Please answer the question requiring an integer answer and provide the final value, e.g., 1, 2, 3, at the end. Question: What number is shown?",B, Answer: (D) 34.,D,confident_answer,none,no
1028,bundle_41,HuggingFaceTB/SmolVLM-256M-Instruct,far_mismatch,math,"Hint: Please answer the question requiring an integer answer and provide the final value, e.g., 1, 2, 3, at the end. Question: What number is shown?",B, Answer: D,D,confident_answer,none,no
1028,bundle_41,HuggingFaceTB/SmolVLM-256M-Instruct,hard_mismatch,math,"Hint: Please answer the question requiring an integer answer and provide the final value, e.g., 1, 2, 3, at the end. Question: What number is shown?",B, Answer: D,D,confident_answer,none,no
1006,bundle_42,HuggingFaceTB/SmolVLM-256M-Instruct,correct_image,math,"Hint: Please answer the question and provide the correct option letter, e.g., A, B, C, D, at the end. Question: Move the ruler to measure the length of the line to the nearest centimeter. The line is about (_) centimeters long.",D, Answer: D,D,confident_answer,none,no
1006,bundle_42,HuggingFaceTB/SmolVLM-256M-Instruct,no_image,math,"Hint: Please answer the question and provide the correct option letter, e.g., A, B, C, D, at the end. Question: Move the ruler to measure the length of the line to the nearest centimeter. The line is about (_) centimeters long.",D," Answer: (D) 7.

The answer is: D.

The ruler is about 7 centimeters long.",D,confident_answer,none,yes
1006,bundle_42,HuggingFaceTB/SmolVLM-256M-Instruct,blank_image,math,"Hint: Please answer the question and provide the correct option letter, e.g., A, B, C, D, at the end. Question: Move the ruler to measure the length of the line to the nearest centimeter. The line is about (_) centimeters long.",D, Answer: (D) 7.,D,confident_answer,none,no
1006,bundle_42,HuggingFaceTB/SmolVLM-256M-Instruct,far_mismatch,math,"Hint: Please answer the question and provide the correct option letter, e.g., A, B, C, D, at the end. Question: Move the ruler to measure the length of the line to the nearest centimeter. The line is about (_) centimeters long.",D, Answer: D,D,confident_answer,none,no
1006,bundle_42,HuggingFaceTB/SmolVLM-256M-Instruct,hard_mismatch,math,"Hint: Please answer the question and provide the correct option letter, e.g., A, B, C, D, at the end. Question: Move the ruler to measure the length of the line to the nearest centimeter. The line is about (_) centimeters long.",D, Answer: D,D,confident_answer,none,no
1189,bundle_43,HuggingFaceTB/SmolVLM-256M-Instruct,correct_image,math,"Hint: Please answer the question and provide the correct option letter, e.g., A, B, C, D, at the end. Question: Move the ruler to measure the length of the slug to the nearest inch. The slug is about (_) inches long.",A, Answer: D,D,confident_answer,none,no
1189,bundle_43,HuggingFaceTB/SmolVLM-256M-Instruct,no_image,math,"Hint: Please answer the question and provide the correct option letter, e.g., A, B, C, D, at the end. Question: Move the ruler to measure the length of the slug to the nearest inch. The slug is about (_) inches long.",A," Answer: (D) 2.

The answer is: D.",D,confident_answer,none,no
1189,bundle_43,HuggingFaceTB/SmolVLM-256M-Instruct,blank_image,math,"Hint: Please answer the question and provide the correct option letter, e.g., A, B, C, D, at the end. Question: Move the ruler to measure the length of the slug to the nearest inch. The slug is about (_) inches long.",A, Answer: (D) 2.,D,confident_answer,none,no
1189,bundle_43,HuggingFaceTB/SmolVLM-256M-Instruct,far_mismatch,math,"Hint: Please answer the question and provide the correct option letter, e.g., A, B, C, D, at the end. Question: Move the ruler to measure the length of the slug to the nearest inch. The slug is about (_) inches long.",A, Answer: D,D,confident_answer,none,no
1189,bundle_43,HuggingFaceTB/SmolVLM-256M-Instruct,hard_mismatch,math,"Hint: Please answer the question and provide the correct option letter, e.g., A, B, C, D, at the end. Question: Move the ruler to measure the length of the slug to the nearest inch. The slug is about (_) inches long.",A, Answer: D,D,confident_answer,none,no
1070,bundle_44,HuggingFaceTB/SmolVLM-256M-Instruct,correct_image,math,"Hint: Please answer the question and provide the correct option letter, e.g., A, B, C, D, at the end. Question: In the figure above, l || m. Which of the following must equal 180?",B, Answer: (C) n + p + s,C,confident_answer,none,no
1070,bundle_44,HuggingFaceTB/SmolVLM-256M-Instruct,no_image,math,"Hint: Please answer the question and provide the correct option letter, e.g., A, B, C, D, at the end. Question: In the figure above, l || m. Which of the following must equal 180?",B," Answer: (D) n + p + s.

To determine which option must equal 180, we need to analyze the given information:

1. The image shows a line segment labeled as l.
2. The line segment is positioned at the intersection of two lines labeled as m and n.
3. The line segment is perpendicular to both m and n.
4. The line segment is labeled as k + n + r.
5. The line segment is labeled as k + p + s.
6. The line segment is labeled as n + p + s.
7. The",D,confident_answer,none,yes
1070,bundle_44,HuggingFaceTB/SmolVLM-256M-Instruct,blank_image,math,"Hint: Please answer the question and provide the correct option letter, e.g., A, B, C, D, at the end. Question: In the figure above, l || m. Which of the following must equal 180?",B," Answer: (C) n + p + s.

Step-by-step justification:
1. The given information states that l || m.
2. The given information states that k + n + r = 180.
3. The statement (A) k + n + r, (B) k + p + s, (C) n + p + s, (D) n + p + t is incorrect.
4. The statement (C) n + p + s is correct.
5. The statement (D) n + p + t is incorrect.

",C,confident_answer,none,no
1070,bundle_44,HuggingFaceTB/SmolVLM-256M-Instruct,far_mismatch,math,"Hint: Please answer the question and provide the correct option letter, e.g., A, B, C, D, at the end. Question: In the figure above, l || m. Which of the following must equal 180?",B, Answer: (C) n + p + s.,C,confident_answer,none,no
1070,bundle_44,HuggingFaceTB/SmolVLM-256M-Instruct,hard_mismatch,math,"Hint: Please answer the question and provide the correct option letter, e.g., A, B, C, D, at the end. Question: In the figure above, l || m. Which of the following must equal 180?",B, Answer: (C) n + p + s,C,confident_answer,none,no
1062,bundle_45,HuggingFaceTB/SmolVLM-256M-Instruct,correct_image,math,"Hint: Please answer the question and provide the correct option letter, e.g., A, B, C, D, at the end. Question: Is the number of blue matte school bus greater than the number of large cyan metallic jets?",A, Answer: B.,B,confident_answer,none,no
1062,bundle_45,HuggingFaceTB/SmolVLM-256M-Instruct,no_image,math,"Hint: Please answer the question and provide the correct option letter, e.g., A, B, C, D, at the end. Question: Is the number of blue matte school bus greater than the number of large cyan metallic jets?",A, Answer: (D) nan.,D,confident_answer,none,no
1062,bundle_45,HuggingFaceTB/SmolVLM-256M-Instruct,blank_image,math,"Hint: Please answer the question and provide the correct option letter, e.g., A, B, C, D, at the end. Question: Is the number of blue matte school bus greater than the number of large cyan metallic jets?",A, Answer: (D) nan.,D,confident_answer,none,no
1062,bundle_45,HuggingFaceTB/SmolVLM-256M-Instruct,far_mismatch,math,"Hint: Please answer the question and provide the correct option letter, e.g., A, B, C, D, at the end. Question: Is the number of blue matte school bus greater than the number of large cyan metallic jets?",A," Answer: B

The answer is B.",B,confident_answer,missing,no
1062,bundle_45,HuggingFaceTB/SmolVLM-256M-Instruct,hard_mismatch,math,"Hint: Please answer the question and provide the correct option letter, e.g., A, B, C, D, at the end. Question: Is the number of blue matte school bus greater than the number of large cyan metallic jets?",A," Answer: B

The number of blue matte school bus is greater than the number of large cyan metallic jets.",B,confident_answer,none,yes
1057,bundle_46,HuggingFaceTB/SmolVLM-256M-Instruct,correct_image,math,"Kimpel Products makes pizza ovens for commercial use. James Kimpel, CEO, is contemplating producing smaller ovens for use in high school and college kitchens. The activities necessary to build an experimental model and related data are given in the following table: <image 1> What is the project completion date?",A, Answer: B.,B,confident_answer,none,no
1057,bundle_46,HuggingFaceTB/SmolVLM-256M-Instruct,no_image,math,"Kimpel Products makes pizza ovens for commercial use. James Kimpel, CEO, is contemplating producing smaller ovens for use in high school and college kitchens. The activities necessary to build an experimental model and related data are given in the following table: <image 1> What is the project completion date?",A," B: Slacks are: 0, 3, 10, 0, 3, 10, 0, C: Slacks are: 0, 4, 9, 0, 4, 9, 0, D: Slacks are: 0, 5, 11, 0, 5, 11, 0",UNSCORABLE,confident_answer,none,no
1057,bundle_46,HuggingFaceTB/SmolVLM-256M-Instruct,blank_image,math,"Kimpel Products makes pizza ovens for commercial use. James Kimpel, CEO, is contemplating producing smaller ovens for use in high school and college kitchens. The activities necessary to build an experimental model and related data are given in the following table: <image 1> What is the project completion date?",A, B,B,confident_answer,none,no
1057,bundle_46,HuggingFaceTB/SmolVLM-256M-Instruct,far_mismatch,math,"Kimpel Products makes pizza ovens for commercial use. James Kimpel, CEO, is contemplating producing smaller ovens for use in high school and college kitchens. The activities necessary to build an experimental model and related data are given in the following table: <image 1> What is the project completion date?",A, B,B,confident_answer,none,no
1057,bundle_46,HuggingFaceTB/SmolVLM-256M-Instruct,hard_mismatch,math,"Kimpel Products makes pizza ovens for commercial use. James Kimpel, CEO, is contemplating producing smaller ovens for use in high school and college kitchens. The activities necessary to build an experimental model and related data are given in the following table: <image 1> What is the project completion date?",A, Answer: 0.,UNSCORABLE,confident_answer,none,no
1035,bundle_47,HuggingFaceTB/SmolVLM-256M-Instruct,correct_image,math,"Hint: Please answer the question and provide the correct option letter, e.g., A, B, C, D, at the end. Question: As shown in the figure, in Rt△ABC, ∠BAC = 90.0, AD ⊥ BC at D, DE ⊥ AB at E, AD = 3.0, DE = 2.0, then the length of CD is ()",D," Answer: (B) \frac{√{15}}{2}.

Step 1: Identify the given information:
- ∠BAC = 90°
- AD = 3 units
- DE = 2 units
- AD = 3 units
- DE = 2 units
- AD = 3 units
- DE = 2 units
- AD = 3 units
- DE = 2 units
- AD = 3 units
- DE = 2 units
- AD = 3 units
- DE = 2 units
- AD = ",B,confident_answer,insufficient_or_unclear,no
1035,bundle_47,HuggingFaceTB/SmolVLM-256M-Instruct,no_image,math,"Hint: Please answer the question and provide the correct option letter, e.g., A, B, C, D, at the end. Question: As shown in the figure, in Rt△ABC, ∠BAC = 90.0, AD ⊥ BC at D, DE ⊥ AB at E, AD = 3.0, DE = 2.0, then the length of CD is ()",D," Answer: (D) \frac{3√{5}}{2}.

Step 1: Identify the given information:
- ∠BAC = 90°
- AD = 3 units
- DE = 2 units
- AD = 3 units
- DE = 2 units
- AD = 3 units
- DE = 2 units
- AD = 3 units
- DE = 2 units
- AD = 3 units
- DE = 2 units
- AD = 3 units
- DE = 2 units
- AD = ",D,confident_answer,none,no
1035,bundle_47,HuggingFaceTB/SmolVLM-256M-Instruct,blank_image,math,"Hint: Please answer the question and provide the correct option letter, e.g., A, B, C, D, at the end. Question: As shown in the figure, in Rt△ABC, ∠BAC = 90.0, AD ⊥ BC at D, DE ⊥ AB at E, AD = 3.0, DE = 2.0, then the length of CD is ()",D," Answer: (C) \frac{9}{2}.

Step-by-step justification:
1. The given information states that ∠BAC = 90.0 degrees.
2. AD = 3 units.
3. DE = 2 units.
4. AD = 3√5 units.
5. DE = 2√5 units.
6. AD = 3√5 units.
7. The sum of the degrees of ∠BAC and ∠BAC is 90.0 degrees.
8. Therefore, the length",C,confident_answer,mismatch_or_irrelevant,no
1035,bundle_47,HuggingFaceTB/SmolVLM-256M-Instruct,far_mismatch,math,"Hint: Please answer the question and provide the correct option letter, e.g., A, B, C, D, at the end. Question: As shown in the figure, in Rt△ABC, ∠BAC = 90.0, AD ⊥ BC at D, DE ⊥ AB at E, AD = 3.0, DE = 2.0, then the length of CD is ()",D," Answer: (B)

Step-by-step justification:
1. The image shows a group of people, including two adults and two children.
2. The adults are holding umbrellas.
3. The umbrellas are of different colors, including green, yellow, pink, and purple.
4. The umbrellas are placed on the floor.
5. The floor has a colorful pattern.
6. The ground is covered with a mat.
7. There is a metal fence around the area.
8. The ground is divided into different sections.
9. The ground has",B,confident_answer,insufficient_or_unclear,yes
1035,bundle_47,HuggingFaceTB/SmolVLM-256M-Instruct,hard_mismatch,math,"Hint: Please answer the question and provide the correct option letter, e.g., A, B, C, D, at the end. Question: As shown in the figure, in Rt△ABC, ∠BAC = 90.0, AD ⊥ BC at D, DE ⊥ AB at E, AD = 3.0, DE = 2.0, then the length of CD is ()",D," Answer: (C)

Step 1: Identify the given information:
- ∠BAC = 90°
- AD = 3 units
- DE = 2 units
- AD = 3√5 units
- DE = 2√5 units
- AD = 3√5
- CD = 3√5
- CD = 3√5
- CD = 3√5
- CD = 3√5
- CD = 3√5
- CD = 3√5
- CD =",C,confident_answer,none,yes
1188,bundle_48,HuggingFaceTB/SmolVLM-256M-Instruct,correct_image,math,"Hint: Please answer the question and provide the correct option letter, e.g., A, B, C, D, at the end. Question: What is the minimum age group shown in the ‘plots’?",C, A,A,confident_answer,none,no
1188,bundle_48,HuggingFaceTB/SmolVLM-256M-Instruct,no_image,math,"Hint: Please answer the question and provide the correct option letter, e.g., A, B, C, D, at the end. Question: What is the minimum age group shown in the ‘plots’?",C," Answer: (A) 11-15.

The minimum age group shown in the 'plots' is 11-15 years.",A,confident_answer,none,yes
1188,bundle_48,HuggingFaceTB/SmolVLM-256M-Instruct,blank_image,math,"Hint: Please answer the question and provide the correct option letter, e.g., A, B, C, D, at the end. Question: What is the minimum age group shown in the ‘plots’?",C," Answer: (A) 11-15.

The minimum age group shown in the ‘plots’ is (A) 11-15.",A,confident_answer,none,yes
1188,bundle_48,HuggingFaceTB/SmolVLM-256M-Instruct,far_mismatch,math,"Hint: Please answer the question and provide the correct option letter, e.g., A, B, C, D, at the end. Question: What is the minimum age group shown in the ‘plots’?",C, Answer: D,D,confident_answer,none,no
1188,bundle_48,HuggingFaceTB/SmolVLM-256M-Instruct,hard_mismatch,math,"Hint: Please answer the question and provide the correct option letter, e.g., A, B, C, D, at the end. Question: What is the minimum age group shown in the ‘plots’?",C, C,C,confident_answer,none,no
1026,bundle_49,HuggingFaceTB/SmolVLM-256M-Instruct,correct_image,math,"Hint: Please answer the question and provide the correct option letter, e.g., A, B, C, D, at the end. Question: What is the radius of this circle?",D, Answer: D,D,confident_answer,none,no
1026,bundle_49,HuggingFaceTB/SmolVLM-256M-Instruct,no_image,math,"Hint: Please answer the question and provide the correct option letter, e.g., A, B, C, D, at the end. Question: What is the radius of this circle?",D," Answer: (C) 2.5.

The radius of a circle is the distance from the center of the circle to any point on its circumference. In this case, the radius is 2.5.",C,confident_answer,insufficient_or_unclear,no
1026,bundle_49,HuggingFaceTB/SmolVLM-256M-Instruct,blank_image,math,"Hint: Please answer the question and provide the correct option letter, e.g., A, B, C, D, at the end. Question: What is the radius of this circle?",D, Answer: (C) 2,C,confident_answer,none,no
1026,bundle_49,HuggingFaceTB/SmolVLM-256M-Instruct,far_mismatch,math,"Hint: Please answer the question and provide the correct option letter, e.g., A, B, C, D, at the end. Question: What is the radius of this circle?",D, Answer: D,D,confident_answer,none,no
1026,bundle_49,HuggingFaceTB/SmolVLM-256M-Instruct,hard_mismatch,math,"Hint: Please answer the question and provide the correct option letter, e.g., A, B, C, D, at the end. Question: What is the radius of this circle?",D, Answer: 2.5.,A,confident_answer,none,no
1413,bundle_50,HuggingFaceTB/SmolVLM-256M-Instruct,correct_image,science & technology,"Which part is a fibrous, membranous, or fatty sheath that encloses an organ or part, such as the sac surrounding the kidney or the fibrous tissues that surround a joint?",D, B: H.,B,confident_answer,none,no
1413,bundle_50,HuggingFaceTB/SmolVLM-256M-Instruct,no_image,science & technology,"Which part is a fibrous, membranous, or fatty sheath that encloses an organ or part, such as the sac surrounding the kidney or the fibrous tissues that surround a joint?",D, B: H,B,confident_answer,none,no
1413,bundle_50,HuggingFaceTB/SmolVLM-256M-Instruct,blank_image,science & technology,"Which part is a fibrous, membranous, or fatty sheath that encloses an organ or part, such as the sac surrounding the kidney or the fibrous tissues that surround a joint?",D, B: H,B,confident_answer,none,no
1413,bundle_50,HuggingFaceTB/SmolVLM-256M-Instruct,far_mismatch,science & technology,"Which part is a fibrous, membranous, or fatty sheath that encloses an organ or part, such as the sac surrounding the kidney or the fibrous tissues that surround a joint?",D," B: H

The fibrous, membranous, and fatty sections of an organ or part are the fibrous, membranous, and fatty sections respectively.",B,confident_answer,none,no
1413,bundle_50,HuggingFaceTB/SmolVLM-256M-Instruct,hard_mismatch,science & technology,"Which part is a fibrous, membranous, or fatty sheath that encloses an organ or part, such as the sac surrounding the kidney or the fibrous tissues that surround a joint?",D, B: H.,B,confident_answer,none,no
1278,bundle_51,HuggingFaceTB/SmolVLM-256M-Instruct,correct_image,science & technology,Assume for the common-emitter circuit shown in  <image 1> we have the  following numerical values for a germanium transistor. $V_{BB}$ = + 15V   $V_{CC}$ = + 15V   $V_{BE}$ = 0.3V  $R_C$ = 4k$\Omega$        $R_E$ = 600$\Omega$      $\beta $ = 60. What value of RB is required to set VCE to 8 V?,A," Answer: C: nan.

The common-emitter circuit in the given image has a voltage source labeled as VCC, a voltage source labeled as VBB, a voltage source labeled as VCC, a voltage source labeled as VBE, and a voltage source labeled as R_C. The transistor is a germanium transistor, and its current-voltage (I-V) ratio is 15V/15V = 1.

The common-emitter voltage drop across the transistor is 0.3V. The voltage across the base of the transistor is 4k$\Omega$ and",C,confident_answer,none,yes
1278,bundle_51,HuggingFaceTB/SmolVLM-256M-Instruct,no_image,science & technology,Assume for the common-emitter circuit shown in  <image 1> we have the  following numerical values for a germanium transistor. $V_{BB}$ = + 15V   $V_{CC}$ = + 15V   $V_{BE}$ = 0.3V  $R_C$ = 4k$\Omega$        $R_E$ = 600$\Omega$      $\beta $ = 60. What value of RB is required to set VCE to 8 V?,A," Answer: B: Other Answers.

Step 1: Understand the given image.
The image shows a germanium transistor with a value of 15V and a value of 15V. The transistor is labeled as ""BB"" and has a value of 0.3V. The transistor is also labeled as ""BE"" and has a value of 600$\Omega$. The transistor is labeled as ""R_C"" and has a value of 4k$\Omega$. The transistor is labeled as ""R_E"" and has a value of 600$\Omega$. The transistor",B,confident_answer,insufficient_or_unclear,yes
1278,bundle_51,HuggingFaceTB/SmolVLM-256M-Instruct,blank_image,science & technology,Assume for the common-emitter circuit shown in  <image 1> we have the  following numerical values for a germanium transistor. $V_{BB}$ = + 15V   $V_{CC}$ = + 15V   $V_{BE}$ = 0.3V  $R_C$ = 4k$\Omega$        $R_E$ = 600$\Omega$      $\beta $ = 60. What value of RB is required to set VCE to 8 V?,A, Answer: C: nan.,C,confident_answer,none,no
1278,bundle_51,HuggingFaceTB/SmolVLM-256M-Instruct,far_mismatch,science & technology,Assume for the common-emitter circuit shown in  <image 1> we have the  following numerical values for a germanium transistor. $V_{BB}$ = + 15V   $V_{CC}$ = + 15V   $V_{BE}$ = 0.3V  $R_C$ = 4k$\Omega$        $R_E$ = 600$\Omega$      $\beta $ = 60. What value of RB is required to set VCE to 8 V?,A," Answer: B: Other Answers.

Step-by-step justification:
1. The given values for the transistor are:
- VBB = + 15V
- VCC = + 15V
- VBE = 0.3V
- R_C = 4k$\Omega$
- R_E = 600$\Omega$
- R_BE = 600$\Omega$

Step-by-step justification:
2. To set VCE to 8 V, we need to find the value of RB that satisfies the given",B,confident_answer,insufficient_or_unclear,no
1278,bundle_51,HuggingFaceTB/SmolVLM-256M-Instruct,hard_mismatch,science & technology,Assume for the common-emitter circuit shown in  <image 1> we have the  following numerical values for a germanium transistor. $V_{BB}$ = + 15V   $V_{CC}$ = + 15V   $V_{BE}$ = 0.3V  $R_C$ = 4k$\Omega$        $R_E$ = 600$\Omega$      $\beta $ = 60. What value of RB is required to set VCE to 8 V?,A, Answer: C: nan.,C,confident_answer,none,no
1256,bundle_52,HuggingFaceTB/SmolVLM-256M-Instruct,correct_image,science & technology,What letter represents oxygen?,B, C: G,C,confident_answer,none,no
1256,bundle_52,HuggingFaceTB/SmolVLM-256M-Instruct,no_image,science & technology,What letter represents oxygen?,B, A: G,A,confident_answer,none,no
1256,bundle_52,HuggingFaceTB/SmolVLM-256M-Instruct,blank_image,science & technology,What letter represents oxygen?,B, C: F,C,confident_answer,none,no
1256,bundle_52,HuggingFaceTB/SmolVLM-256M-Instruct,far_mismatch,science & technology,What letter represents oxygen?,B, D: A,D,confident_answer,none,no
1256,bundle_52,HuggingFaceTB/SmolVLM-256M-Instruct,hard_mismatch,science & technology,What letter represents oxygen?,B,,UNSCORABLE,unscorable,blank_or_empty,no
1439,bundle_53,HuggingFaceTB/SmolVLM-256M-Instruct,correct_image,science & technology,Which item in the diagram represents sedimentary rocks?,B, Answer: B: A,B,confident_answer,none,no
1439,bundle_53,HuggingFaceTB/SmolVLM-256M-Instruct,no_image,science & technology,Which item in the diagram represents sedimentary rocks?,B," A: A

The sedimentary rocks in the diagram represent sedimentary rocks. This is because sedimentary rocks are formed by the accumulation of sediments, which are made up of particles such as sand, silt, and clay. These sediments can be broken down by water, wind, or other agents, and they eventually become compacted and cemented together to form sedimentary rocks.",A,confident_answer,insufficient_or_unclear,no
1439,bundle_53,HuggingFaceTB/SmolVLM-256M-Instruct,blank_image,science & technology,Which item in the diagram represents sedimentary rocks?,B, B: A,B,confident_answer,none,no
1439,bundle_53,HuggingFaceTB/SmolVLM-256M-Instruct,far_mismatch,science & technology,Which item in the diagram represents sedimentary rocks?,B, Answer: D: C,D,confident_answer,none,no
1439,bundle_53,HuggingFaceTB/SmolVLM-256M-Instruct,hard_mismatch,science & technology,Which item in the diagram represents sedimentary rocks?,B, Answer: D: C,D,confident_answer,none,no
1320,bundle_54,HuggingFaceTB/SmolVLM-256M-Instruct,correct_image,science & technology,What term is used to describe A in the diagram?,C, Answer: A: Egg,A,confident_answer,none,no
1320,bundle_54,HuggingFaceTB/SmolVLM-256M-Instruct,no_image,science & technology,What term is used to describe A in the diagram?,C, A: Egg,A,confident_answer,none,yes
1320,bundle_54,HuggingFaceTB/SmolVLM-256M-Instruct,blank_image,science & technology,What term is used to describe A in the diagram?,C, A: Egg,A,confident_answer,none,yes
1320,bundle_54,HuggingFaceTB/SmolVLM-256M-Instruct,far_mismatch,science & technology,What term is used to describe A in the diagram?,C, Answer: A,A,confident_answer,none,no
1320,bundle_54,HuggingFaceTB/SmolVLM-256M-Instruct,hard_mismatch,science & technology,What term is used to describe A in the diagram?,C, Answer: A,A,confident_answer,none,no
1312,bundle_55,HuggingFaceTB/SmolVLM-256M-Instruct,correct_image,science & technology,Where is the testa?,C, Answer: A.,A,confident_answer,none,no
1312,bundle_55,HuggingFaceTB/SmolVLM-256M-Instruct,no_image,science & technology,Where is the testa?,C, A: A.,A,confident_answer,none,no
1312,bundle_55,HuggingFaceTB/SmolVLM-256M-Instruct,blank_image,science & technology,Where is the testa?,C, A: A,A,confident_answer,none,no
1312,bundle_55,HuggingFaceTB/SmolVLM-256M-Instruct,far_mismatch,science & technology,Where is the testa?,C, Answer: C: D.,C,confident_answer,none,no
1312,bundle_55,HuggingFaceTB/SmolVLM-256M-Instruct,hard_mismatch,science & technology,Where is the testa?,C, Answer: C: D.,C,confident_answer,none,no
1307,bundle_56,HuggingFaceTB/SmolVLM-256M-Instruct,correct_image,science & technology,Which region in the diagram represents the crust?,A, A: a,A,confident_answer,none,no
1307,bundle_56,HuggingFaceTB/SmolVLM-256M-Instruct,no_image,science & technology,Which region in the diagram represents the crust?,A," A: a. a

The region represented by the crust in the diagram is a region where the crust is visible and can be seen. The crust is the outermost layer of the Earth's crust, which is made up of the solid rock that is visible at the surface. The crust is the basic unit of the Earth's crust, and it is the outermost layer of the Earth.

B: b. d.

The region represented by the crust in the diagram is a region where the crust is visible and can be seen. The crust is the solid rock that is visible at the surface. The crust is the basic",A,confident_answer,missing,yes
1307,bundle_56,HuggingFaceTB/SmolVLM-256M-Instruct,blank_image,science & technology,Which region in the diagram represents the crust?,A, A: a,A,confident_answer,none,no
1307,bundle_56,HuggingFaceTB/SmolVLM-256M-Instruct,far_mismatch,science & technology,Which region in the diagram represents the crust?,A, Answer: A,A,confident_answer,none,no
1307,bundle_56,HuggingFaceTB/SmolVLM-256M-Instruct,hard_mismatch,science & technology,Which region in the diagram represents the crust?,A, A: a,A,confident_answer,none,no
1285,bundle_57,HuggingFaceTB/SmolVLM-256M-Instruct,correct_image,science & technology,What change could occur to increase the size of the large fish population?,D, Answer: D: MORE crabs,D,confident_answer,none,yes
1285,bundle_57,HuggingFaceTB/SmolVLM-256M-Instruct,no_image,science & technology,What change could occur to increase the size of the large fish population?,D, A: More sea otters.,A,confident_answer,none,yes
1285,bundle_57,HuggingFaceTB/SmolVLM-256M-Instruct,blank_image,science & technology,What change could occur to increase the size of the large fish population?,D, D: More crabs.,D,confident_answer,none,yes
1285,bundle_57,HuggingFaceTB/SmolVLM-256M-Instruct,far_mismatch,science & technology,What change could occur to increase the size of the large fish population?,D, Answer: D: More sea urchins,D,confident_answer,none,no
1285,bundle_57,HuggingFaceTB/SmolVLM-256M-Instruct,hard_mismatch,science & technology,What change could occur to increase the size of the large fish population?,D, D: More sea urchins.,D,confident_answer,none,yes
1438,bundle_58,HuggingFaceTB/SmolVLM-256M-Instruct,correct_image,science & technology,"Evaporation, the process of a liquid converting to the gaseous state, occurs at what stage?",A, B: D.,B,confident_answer,none,no
1438,bundle_58,HuggingFaceTB/SmolVLM-256M-Instruct,no_image,science & technology,"Evaporation, the process of a liquid converting to the gaseous state, occurs at what stage?",A, C: C.,C,confident_answer,none,no
1438,bundle_58,HuggingFaceTB/SmolVLM-256M-Instruct,blank_image,science & technology,"Evaporation, the process of a liquid converting to the gaseous state, occurs at what stage?",A," C: C

Explanation: Evaporation occurs at the stage of the liquid converting to the gaseous state.",C,confident_answer,none,no
1438,bundle_58,HuggingFaceTB/SmolVLM-256M-Instruct,far_mismatch,science & technology,"Evaporation, the process of a liquid converting to the gaseous state, occurs at what stage?",A, Answer: A: C.,A,confident_answer,none,no
1438,bundle_58,HuggingFaceTB/SmolVLM-256M-Instruct,hard_mismatch,science & technology,"Evaporation, the process of a liquid converting to the gaseous state, occurs at what stage?",A, A: C,A,confident_answer,none,no
1276,bundle_59,HuggingFaceTB/SmolVLM-256M-Instruct,correct_image,science & technology,Which area on the map shows China?,A, B: C,B,confident_answer,none,no
1276,bundle_59,HuggingFaceTB/SmolVLM-256M-Instruct,no_image,science & technology,Which area on the map shows China?,A, B: C,B,confident_answer,none,no
1276,bundle_59,HuggingFaceTB/SmolVLM-256M-Instruct,blank_image,science & technology,Which area on the map shows China?,A, B: C,B,confident_answer,none,no
1276,bundle_59,HuggingFaceTB/SmolVLM-256M-Instruct,far_mismatch,science & technology,Which area on the map shows China?,A, Answer: D: A,D,confident_answer,none,no
1276,bundle_59,HuggingFaceTB/SmolVLM-256M-Instruct,hard_mismatch,science & technology,Which area on the map shows China?,A, Answer:A,A,confident_answer,none,no
14,bundle_60,HuggingFaceTB/SmolVLM-256M-Instruct,correct_image,coarse perception,What is the main subject of the image?,A," Answer: B: Water.

The main subject of the image is the water.",B,confident_answer,none,yes
14,bundle_60,HuggingFaceTB/SmolVLM-256M-Instruct,no_image,coarse perception,What is the main subject of the image?,A, A: Sky.,A,confident_answer,none,yes
14,bundle_60,HuggingFaceTB/SmolVLM-256M-Instruct,blank_image,coarse perception,What is the main subject of the image?,A, Answer: D: Clouds.,D,confident_answer,none,yes
14,bundle_60,HuggingFaceTB/SmolVLM-256M-Instruct,far_mismatch,coarse perception,What is the main subject of the image?,A, Answer: B: Water.,B,confident_answer,none,no
14,bundle_60,HuggingFaceTB/SmolVLM-256M-Instruct,hard_mismatch,coarse perception,What is the main subject of the image?,A, Answer: B: Water.,B,confident_answer,none,no
55,bundle_61,HuggingFaceTB/SmolVLM-256M-Instruct,correct_image,coarse perception,What is the main focus of the image?,A, Answer: D: People standing on a red carpet and an actress holding her daughter under an umbrella.,D,confident_answer,none,yes
55,bundle_61,HuggingFaceTB/SmolVLM-256M-Instruct,no_image,coarse perception,What is the main focus of the image?,A, The main focus of the image is on two girls standing on a red carpet with an umbrella.,C,confident_answer,none,yes
55,bundle_61,HuggingFaceTB/SmolVLM-256M-Instruct,blank_image,coarse perception,What is the main focus of the image?,A, Answer: D: People standing on a red carpet and an actress holding her daughter under an umbrella.,D,confident_answer,none,yes
55,bundle_61,HuggingFaceTB/SmolVLM-256M-Instruct,far_mismatch,coarse perception,What is the main focus of the image?,A, Answer: D: People standing on a red carpet and an actress holding her daughter under an umbrella.,D,confident_answer,none,yes
55,bundle_61,HuggingFaceTB/SmolVLM-256M-Instruct,hard_mismatch,coarse perception,What is the main focus of the image?,A, Answer: D: People standing on a red carpet and an actress holding her daughter under an umbrella.,D,confident_answer,none,yes
59,bundle_62,HuggingFaceTB/SmolVLM-256M-Instruct,correct_image,coarse perception,What is the main color of the image?,D, D: White,D,confident_answer,none,yes
59,bundle_62,HuggingFaceTB/SmolVLM-256M-Instruct,no_image,coarse perception,What is the main color of the image?,D, Answer: D: White.,D,confident_answer,none,yes
59,bundle_62,HuggingFaceTB/SmolVLM-256M-Instruct,blank_image,coarse perception,What is the main color of the image?,D, Answer: D: White,D,confident_answer,none,yes
59,bundle_62,HuggingFaceTB/SmolVLM-256M-Instruct,far_mismatch,coarse perception,What is the main color of the image?,D, D: White,D,confident_answer,none,yes
59,bundle_62,HuggingFaceTB/SmolVLM-256M-Instruct,hard_mismatch,coarse perception,What is the main color of the image?,D, D: White,D,confident_answer,none,yes
67,bundle_63,HuggingFaceTB/SmolVLM-256M-Instruct,correct_image,coarse perception,What is the dominant color scheme in this image?,B, C: blue and green.,C,confident_answer,none,yes
67,bundle_63,HuggingFaceTB/SmolVLM-256M-Instruct,no_image,coarse perception,What is the dominant color scheme in this image?,B, A: White and blue.,A,confident_answer,none,yes
67,bundle_63,HuggingFaceTB/SmolVLM-256M-Instruct,blank_image,coarse perception,What is the dominant color scheme in this image?,B, D: Pink and orange,D,confident_answer,none,yes
67,bundle_63,HuggingFaceTB/SmolVLM-256M-Instruct,far_mismatch,coarse perception,What is the dominant color scheme in this image?,B, Answer: A: White and blue.,A,confident_answer,none,yes
67,bundle_63,HuggingFaceTB/SmolVLM-256M-Instruct,hard_mismatch,coarse perception,What is the dominant color scheme in this image?,B, Answer: A: White and blue.,A,confident_answer,none,yes
72,bundle_64,HuggingFaceTB/SmolVLM-256M-Instruct,correct_image,coarse perception,What kind of room is depicted in the image?,A, A: A living room.,A,confident_answer,none,yes
72,bundle_64,HuggingFaceTB/SmolVLM-256M-Instruct,no_image,coarse perception,What kind of room is depicted in the image?,A, A: A living room.,A,confident_answer,none,yes
72,bundle_64,HuggingFaceTB/SmolVLM-256M-Instruct,blank_image,coarse perception,What kind of room is depicted in the image?,A, A: A living room.,A,confident_answer,none,yes
72,bundle_64,HuggingFaceTB/SmolVLM-256M-Instruct,far_mismatch,coarse perception,What kind of room is depicted in the image?,A, C,C,confident_answer,none,no
72,bundle_64,HuggingFaceTB/SmolVLM-256M-Instruct,hard_mismatch,coarse perception,What kind of room is depicted in the image?,A, C,C,confident_answer,none,no
95,bundle_65,HuggingFaceTB/SmolVLM-256M-Instruct,correct_image,coarse perception,what style is depicted in this image?,C," Answer: D: dadaism

The style depicted in this image is modernism.",D,confident_answer,none,yes
95,bundle_65,HuggingFaceTB/SmolVLM-256M-Instruct,no_image,coarse perception,what style is depicted in this image?,C, D: dadaism.,D,confident_answer,none,no
95,bundle_65,HuggingFaceTB/SmolVLM-256M-Instruct,blank_image,coarse perception,what style is depicted in this image?,C," D: dadaism

The image depicts a style that is distinct from the other options, as it is characterized by its lack of traditional elements and its focus on abstract expressionism. The style is characterized by its use of color, form, and movement, which are not found in the other options.",D,confident_answer,mismatch_or_irrelevant,no
95,bundle_65,HuggingFaceTB/SmolVLM-256M-Instruct,far_mismatch,coarse perception,what style is depicted in this image?,C, Answer: C: modernism.,C,confident_answer,none,no
95,bundle_65,HuggingFaceTB/SmolVLM-256M-Instruct,hard_mismatch,coarse perception,what style is depicted in this image?,C, Answer: C: modernism.,C,confident_answer,none,no
100,bundle_66,HuggingFaceTB/SmolVLM-256M-Instruct,correct_image,coarse perception,Which is the main topic of the image,C, Answer: A: A woman surfing.,A,confident_answer,none,yes
100,bundle_66,HuggingFaceTB/SmolVLM-256M-Instruct,no_image,coarse perception,Which is the main topic of the image,C, A: A woman surfing.,A,confident_answer,none,yes
100,bundle_66,HuggingFaceTB/SmolVLM-256M-Instruct,blank_image,coarse perception,Which is the main topic of the image,C, A: A woman surfing,A,confident_answer,none,yes
100,bundle_66,HuggingFaceTB/SmolVLM-256M-Instruct,far_mismatch,coarse perception,Which is the main topic of the image,C, C: A man surfing.,C,confident_answer,none,yes
100,bundle_66,HuggingFaceTB/SmolVLM-256M-Instruct,hard_mismatch,coarse perception,Which is the main topic of the image,C, C: A man surfing.,C,confident_answer,none,yes
149,bundle_67,HuggingFaceTB/SmolVLM-256M-Instruct,correct_image,coarse perception,Which image shows the highest contrast?,B," Answer: D: down right

The answer is D.",D,confident_answer,none,yes
149,bundle_67,HuggingFaceTB/SmolVLM-256M-Instruct,no_image,coarse perception,Which image shows the highest contrast?,B, A: upper left,A,confident_answer,none,yes
149,bundle_67,HuggingFaceTB/SmolVLM-256M-Instruct,blank_image,coarse perception,Which image shows the highest contrast?,B, Answer: D: down right,D,confident_answer,none,yes
149,bundle_67,HuggingFaceTB/SmolVLM-256M-Instruct,far_mismatch,coarse perception,Which image shows the highest contrast?,B," Answer: D: down right

Step-by-step justification:
1. The image shows a glass wall with a door.
2. The door has a glass panel.
3. The glass panel has a reflection of a dining table and chairs.
4. The reflection is on the glass panel.
5. The reflection is above the dining table and chairs.
6. The reflection is above the dining table and chairs.
7. The reflection is above the dining table and chairs.
8. The reflection is above the dining table and chairs.
9. The reflection is above the dining table and",D,confident_answer,mismatch_or_irrelevant,yes
149,bundle_67,HuggingFaceTB/SmolVLM-256M-Instruct,hard_mismatch,coarse perception,Which image shows the highest contrast?,B," Answer: D: down right

Step-by-step justification:
1. The image shows a glass wall with a door.
2. The door has a glass panel.
3. The glass panel has a reflection of a dining table and chairs.
4. The reflection is on the glass panel.
5. The reflection is above the dining table and chairs.
6. The reflection is above the dining table and chairs.
7. The reflection is above the dining table and chairs.
8. The reflection is above the dining table and chairs.
9. The reflection is above the dining table and",D,confident_answer,mismatch_or_irrelevant,yes
169,bundle_68,HuggingFaceTB/SmolVLM-256M-Instruct,correct_image,coarse perception,Which image is more brightful?,B," Answer: B: The second image,",B,confident_answer,none,no
169,bundle_68,HuggingFaceTB/SmolVLM-256M-Instruct,no_image,coarse perception,Which image is more brightful?,B, Answer: B: The second image.,B,confident_answer,none,yes
169,bundle_68,HuggingFaceTB/SmolVLM-256M-Instruct,blank_image,coarse perception,Which image is more brightful?,B, Answer: A: The first image is more brightful.,A,confident_answer,none,yes
169,bundle_68,HuggingFaceTB/SmolVLM-256M-Instruct,far_mismatch,coarse perception,Which image is more brightful?,B, Answer: B: The second image,B,confident_answer,none,yes
169,bundle_68,HuggingFaceTB/SmolVLM-256M-Instruct,hard_mismatch,coarse perception,Which image is more brightful?,B, Answer: B: The second image,B,confident_answer,none,no
186,bundle_69,HuggingFaceTB/SmolVLM-256M-Instruct,correct_image,coarse perception,what style is depicted in this image?,A," Answer: D: dadaism
",D,confident_answer,none,no
186,bundle_69,HuggingFaceTB/SmolVLM-256M-Instruct,no_image,coarse perception,what style is depicted in this image?,A, D: dadaism.,D,confident_answer,none,no
186,bundle_69,HuggingFaceTB/SmolVLM-256M-Instruct,blank_image,coarse perception,what style is depicted in this image?,A," D: dadaism

The image depicts a style that is distinct from the other options, as it is characterized by its lack of traditional elements and its focus on abstract expressionism. The style is characterized by its use of color, form, and movement, which are not found in the other options.",D,confident_answer,insufficient_or_unclear,yes
186,bundle_69,HuggingFaceTB/SmolVLM-256M-Instruct,far_mismatch,coarse perception,what style is depicted in this image?,A, D: dadaism.,D,confident_answer,none,no
186,bundle_69,HuggingFaceTB/SmolVLM-256M-Instruct,hard_mismatch,coarse perception,what style is depicted in this image?,A, D: dadaism.,D,confident_answer,none,no
199,bundle_70,HuggingFaceTB/SmolVLM-256M-Instruct,correct_image,coarse perception,which image is more colorful?,B, Answer: B: The second image.,B,confident_answer,none,no
199,bundle_70,HuggingFaceTB/SmolVLM-256M-Instruct,no_image,coarse perception,which image is more colorful?,B, Answer: A: The first image.,A,confident_answer,none,no
199,bundle_70,HuggingFaceTB/SmolVLM-256M-Instruct,blank_image,coarse perception,which image is more colorful?,B, Answer: A: The first image is more colorful.,A,confident_answer,none,yes
199,bundle_70,HuggingFaceTB/SmolVLM-256M-Instruct,far_mismatch,coarse perception,which image is more colorful?,B, Answer: A: The first image.,A,confident_answer,none,no
199,bundle_70,HuggingFaceTB/SmolVLM-256M-Instruct,hard_mismatch,coarse perception,which image is more colorful?,B, Answer: A: The first image.,A,confident_answer,none,no
201,bundle_71,HuggingFaceTB/SmolVLM-256M-Instruct,correct_image,coarse perception,Which image is more brightful?,A," Answer: A: The first image

The first image is more brightful because it has a red car with a circular logo on the side, which is a common feature in many cars.",A,confident_answer,mismatch_or_irrelevant,yes
201,bundle_71,HuggingFaceTB/SmolVLM-256M-Instruct,no_image,coarse perception,Which image is more brightful?,A, Answer: B: The second image.,B,confident_answer,none,no
201,bundle_71,HuggingFaceTB/SmolVLM-256M-Instruct,blank_image,coarse perception,Which image is more brightful?,A, Answer: A: The first image is more brightful.,A,confident_answer,none,yes
201,bundle_71,HuggingFaceTB/SmolVLM-256M-Instruct,far_mismatch,coarse perception,Which image is more brightful?,A," Answer: C: nan

The first image contains a toy with a face, while the second image contains a toy with a different face. The first image is more brightly lit, while the second image is darker.",C,confident_answer,none,yes
201,bundle_71,HuggingFaceTB/SmolVLM-256M-Instruct,hard_mismatch,coarse perception,Which image is more brightful?,A," Answer: C: nan

The first image contains a toy with a face, while the second image contains a toy with a different face. The first image is more brightly lit, while the second image is darker.",C,confident_answer,none,yes
208,bundle_72,HuggingFaceTB/SmolVLM-256M-Instruct,correct_image,coarse perception,What type of environment is depicted in the picture?,C, C: street.,C,confident_answer,none,yes
208,bundle_72,HuggingFaceTB/SmolVLM-256M-Instruct,no_image,coarse perception,What type of environment is depicted in the picture?,C, A: home.,A,confident_answer,none,no
208,bundle_72,HuggingFaceTB/SmolVLM-256M-Instruct,blank_image,coarse perception,What type of environment is depicted in the picture?,C, A: home,A,confident_answer,none,no
208,bundle_72,HuggingFaceTB/SmolVLM-256M-Instruct,far_mismatch,coarse perception,What type of environment is depicted in the picture?,C," Answer: C: forest.

The image contains two images side by side, each featuring a man and a woman. The man on the left has short hair and is wearing a dark jacket. The woman on the right has long hair and is wearing a light-colored shirt. Both images have a warm, cozy, and intimate atmosphere, suggesting a romantic or affectionate moment. The background of the left image is dark, while the background of the right image is a natural, outdoor setting with a lush green tree.",C,confident_answer,insufficient_or_unclear,yes
208,bundle_72,HuggingFaceTB/SmolVLM-256M-Instruct,hard_mismatch,coarse perception,What type of environment is depicted in the picture?,C," Answer: C: forest.

The image contains two images side by side, each featuring a man and a woman. The man on the left has short hair and is wearing a dark jacket. The woman on the right has long hair and is wearing a light-colored shirt. Both images have a warm, cozy, and intimate atmosphere, suggesting a romantic or affectionate moment. The background of the left image is dark, while the background of the right image is a natural, outdoor setting with a lush green tree.",C,confident_answer,insufficient_or_unclear,yes
219,bundle_73,HuggingFaceTB/SmolVLM-256M-Instruct,correct_image,coarse perception,Which category does this image belong to?,D, D: photo.,D,confident_answer,none,yes
219,bundle_73,HuggingFaceTB/SmolVLM-256M-Instruct,no_image,coarse perception,Which category does this image belong to?,D, Answer: D: photo.,D,confident_answer,none,no
219,bundle_73,HuggingFaceTB/SmolVLM-256M-Instruct,blank_image,coarse perception,Which category does this image belong to?,D, Answer: D: photo,D,confident_answer,none,no
219,bundle_73,HuggingFaceTB/SmolVLM-256M-Instruct,far_mismatch,coarse perception,Which category does this image belong to?,D, Answer: D: photo.,D,confident_answer,none,no
219,bundle_73,HuggingFaceTB/SmolVLM-256M-Instruct,hard_mismatch,coarse perception,Which category does this image belong to?,D, Answer: D: photo.,D,confident_answer,none,no
238,bundle_74,HuggingFaceTB/SmolVLM-256M-Instruct,correct_image,coarse perception,Which category does this image belong to?,D, Answer: C: map.,C,confident_answer,none,no
238,bundle_74,HuggingFaceTB/SmolVLM-256M-Instruct,no_image,coarse perception,Which category does this image belong to?,D, Answer: C: painting.,C,confident_answer,none,no
238,bundle_74,HuggingFaceTB/SmolVLM-256M-Instruct,blank_image,coarse perception,Which category does this image belong to?,D, Answer: C: painting.,C,confident_answer,none,no
238,bundle_74,HuggingFaceTB/SmolVLM-256M-Instruct,far_mismatch,coarse perception,Which category does this image belong to?,D, C: painting.,C,confident_answer,none,no
238,bundle_74,HuggingFaceTB/SmolVLM-256M-Instruct,hard_mismatch,coarse perception,Which category does this image belong to?,D, C: painting.,C,confident_answer,none,yes
266,bundle_75,HuggingFaceTB/SmolVLM-256M-Instruct,correct_image,fine-grained perception,How many people are playing guitar in the image?,C, B: Two.,B,confident_answer,none,yes
266,bundle_75,HuggingFaceTB/SmolVLM-256M-Instruct,no_image,fine-grained perception,How many people are playing guitar in the image?,C, A: One.,A,confident_answer,none,no
266,bundle_75,HuggingFaceTB/SmolVLM-256M-Instruct,blank_image,fine-grained perception,How many people are playing guitar in the image?,C, Answer: C: Three.,C,confident_answer,none,no
266,bundle_75,HuggingFaceTB/SmolVLM-256M-Instruct,far_mismatch,fine-grained perception,How many people are playing guitar in the image?,C," Answer: B
",B,confident_answer,none,no
266,bundle_75,HuggingFaceTB/SmolVLM-256M-Instruct,hard_mismatch,fine-grained perception,How many people are playing guitar in the image?,C," Answer: B
",B,confident_answer,none,no
299,bundle_76,HuggingFaceTB/SmolVLM-256M-Instruct,correct_image,fine-grained perception,How would you describe the color of the sand in the image?,A, Answer: A: Dark brown.,A,confident_answer,none,yes
299,bundle_76,HuggingFaceTB/SmolVLM-256M-Instruct,no_image,fine-grained perception,How would you describe the color of the sand in the image?,A, A: Dark brown.,A,confident_answer,none,yes
299,bundle_76,HuggingFaceTB/SmolVLM-256M-Instruct,blank_image,fine-grained perception,How would you describe the color of the sand in the image?,A, Answer: D: Golden,D,confident_answer,none,no
299,bundle_76,HuggingFaceTB/SmolVLM-256M-Instruct,far_mismatch,fine-grained perception,How would you describe the color of the sand in the image?,A," Answer: A: Dark brown

The color of the sand in the image is dark brown.",A,confident_answer,insufficient_or_unclear,yes
299,bundle_76,HuggingFaceTB/SmolVLM-256M-Instruct,hard_mismatch,fine-grained perception,How would you describe the color of the sand in the image?,A," Answer: A: Dark brown

The color of the sand in the image is dark brown.",A,confident_answer,none,yes
335,bundle_77,HuggingFaceTB/SmolVLM-256M-Instruct,correct_image,fine-grained perception,How many clear glasses are on the table in the image?,D," Answer: B: Six.

The clear glasses on the table are not specified in the image.",B,confident_answer,insufficient_or_unclear,yes
335,bundle_77,HuggingFaceTB/SmolVLM-256M-Instruct,no_image,fine-grained perception,How many clear glasses are on the table in the image?,D, A: Option A: Three.,A,confident_answer,none,no
335,bundle_77,HuggingFaceTB/SmolVLM-256M-Instruct,blank_image,fine-grained perception,How many clear glasses are on the table in the image?,D, Answer: B: Six.,B,confident_answer,none,no
335,bundle_77,HuggingFaceTB/SmolVLM-256M-Instruct,far_mismatch,fine-grained perception,How many clear glasses are on the table in the image?,D, Answer: C: five.,C,confident_answer,none,no
335,bundle_77,HuggingFaceTB/SmolVLM-256M-Instruct,hard_mismatch,fine-grained perception,How many clear glasses are on the table in the image?,D, Answer: C: five.,C,confident_answer,none,no
343,bundle_78,HuggingFaceTB/SmolVLM-256M-Instruct,correct_image,fine-grained perception,Where is the man wearing a black backpack?,C, D: Cannot be determined.,D,explicit_abstention,insufficient_or_unclear,no
343,bundle_78,HuggingFaceTB/SmolVLM-256M-Instruct,no_image,fine-grained perception,Where is the man wearing a black backpack?,C," C: In the middle of the image, D: Cannot be determined.",UNSCORABLE,explicit_abstention,insufficient_or_unclear,yes
343,bundle_78,HuggingFaceTB/SmolVLM-256M-Instruct,blank_image,fine-grained perception,Where is the man wearing a black backpack?,C, C: In the middle of the image.,C,confident_answer,none,yes
343,bundle_78,HuggingFaceTB/SmolVLM-256M-Instruct,far_mismatch,fine-grained perception,Where is the man wearing a black backpack?,C, Answer: C: In the middle of the image.,C,confident_answer,none,yes
343,bundle_78,HuggingFaceTB/SmolVLM-256M-Instruct,hard_mismatch,fine-grained perception,Where is the man wearing a black backpack?,C, Answer: C: In the middle of the image.,C,confident_answer,none,yes
410,bundle_79,HuggingFaceTB/SmolVLM-256M-Instruct,correct_image,fine-grained perception,What is the relative position of the woman's hand to her body in the image?,A, Answer: B: At her side.,B,confident_answer,none,yes
410,bundle_79,HuggingFaceTB/SmolVLM-256M-Instruct,no_image,fine-grained perception,What is the relative position of the woman's hand to her body in the image?,A, B: At her side.,B,confident_answer,none,yes
410,bundle_79,HuggingFaceTB/SmolVLM-256M-Instruct,blank_image,fine-grained perception,What is the relative position of the woman's hand to her body in the image?,A, D: Resting on her hip.,D,confident_answer,none,yes
410,bundle_79,HuggingFaceTB/SmolVLM-256M-Instruct,far_mismatch,fine-grained perception,What is the relative position of the woman's hand to her body in the image?,A," Answer: A: Beside her head.

The woman's hand is at her head, not at her side, and her hand is raised above her head.",A,confident_answer,none,yes
410,bundle_79,HuggingFaceTB/SmolVLM-256M-Instruct,hard_mismatch,fine-grained perception,What is the relative position of the woman's hand to her body in the image?,A," Answer: A: Beside her head.

The woman's hand is at her head, not at her side, and her hand is raised above her head.",A,confident_answer,none,yes
425,bundle_80,HuggingFaceTB/SmolVLM-256M-Instruct,correct_image,fine-grained perception,How many older men are playing guitars in the image?,C, Answer: A: 1.,A,confident_answer,none,no
425,bundle_80,HuggingFaceTB/SmolVLM-256M-Instruct,no_image,fine-grained perception,How many older men are playing guitars in the image?,C, A: 1.,A,confident_answer,none,no
425,bundle_80,HuggingFaceTB/SmolVLM-256M-Instruct,blank_image,fine-grained perception,How many older men are playing guitars in the image?,C, Answer: C: 3,C,confident_answer,none,no
425,bundle_80,HuggingFaceTB/SmolVLM-256M-Instruct,far_mismatch,fine-grained perception,How many older men are playing guitars in the image?,C, Answer: A: 1.,A,confident_answer,none,no
425,bundle_80,HuggingFaceTB/SmolVLM-256M-Instruct,hard_mismatch,fine-grained perception,How many older men are playing guitars in the image?,C, Answer: A: 1.,A,confident_answer,none,no
460,bundle_81,HuggingFaceTB/SmolVLM-256M-Instruct,correct_image,fine-grained perception,How many types of fruits are in the bowl?,A, Answer: C: 3,C,confident_answer,none,no
460,bundle_81,HuggingFaceTB/SmolVLM-256M-Instruct,no_image,fine-grained perception,How many types of fruits are in the bowl?,A," A: 4

The bowl contains 4 types of fruits: apples, oranges, bananas, and grapes.",A,confident_answer,none,yes
460,bundle_81,HuggingFaceTB/SmolVLM-256M-Instruct,blank_image,fine-grained perception,How many types of fruits are in the bowl?,A, A: 4,A,confident_answer,none,no
460,bundle_81,HuggingFaceTB/SmolVLM-256M-Instruct,far_mismatch,fine-grained perception,How many types of fruits are in the bowl?,A, C: 3.,C,confident_answer,none,no
460,bundle_81,HuggingFaceTB/SmolVLM-256M-Instruct,hard_mismatch,fine-grained perception,How many types of fruits are in the bowl?,A, C: 3.,C,confident_answer,none,no
467,bundle_82,HuggingFaceTB/SmolVLM-256M-Instruct,correct_image,fine-grained perception,How many windows are in the room?,C, Answer: 3,D,confident_answer,none,no
467,bundle_82,HuggingFaceTB/SmolVLM-256M-Instruct,no_image,fine-grained perception,How many windows are in the room?,C, A: 1.,A,confident_answer,none,no
467,bundle_82,HuggingFaceTB/SmolVLM-256M-Instruct,blank_image,fine-grained perception,How many windows are in the room?,C, Answer: C: 4,C,confident_answer,none,no
467,bundle_82,HuggingFaceTB/SmolVLM-256M-Instruct,far_mismatch,fine-grained perception,How many windows are in the room?,C, C,C,confident_answer,none,no
467,bundle_82,HuggingFaceTB/SmolVLM-256M-Instruct,hard_mismatch,fine-grained perception,How many windows are in the room?,C, C,C,confident_answer,none,no
471,bundle_83,HuggingFaceTB/SmolVLM-256M-Instruct,correct_image,fine-grained perception,How many drawers can be seen in the image?,D, C: Two.,C,confident_answer,none,no
471,bundle_83,HuggingFaceTB/SmolVLM-256M-Instruct,no_image,fine-grained perception,How many drawers can be seen in the image?,D, A: One.,A,confident_answer,none,no
471,bundle_83,HuggingFaceTB/SmolVLM-256M-Instruct,blank_image,fine-grained perception,How many drawers can be seen in the image?,D, Answer: B: Three.,B,confident_answer,none,yes
471,bundle_83,HuggingFaceTB/SmolVLM-256M-Instruct,far_mismatch,fine-grained perception,How many drawers can be seen in the image?,D, C: Two.,C,confident_answer,none,no
471,bundle_83,HuggingFaceTB/SmolVLM-256M-Instruct,hard_mismatch,fine-grained perception,How many drawers can be seen in the image?,D, C: Two.,C,confident_answer,none,no
477,bundle_84,HuggingFaceTB/SmolVLM-256M-Instruct,correct_image,fine-grained perception,How many people are on stage in the image?,B," Answer: B: Four.

The image shows two men on stage, each holding a guitar.",B,confident_answer,mismatch_or_irrelevant,yes
477,bundle_84,HuggingFaceTB/SmolVLM-256M-Instruct,no_image,fine-grained perception,How many people are on stage in the image?,B, A: One.,A,confident_answer,none,no
477,bundle_84,HuggingFaceTB/SmolVLM-256M-Instruct,blank_image,fine-grained perception,How many people are on stage in the image?,B, A: One.,A,confident_answer,none,no
477,bundle_84,HuggingFaceTB/SmolVLM-256M-Instruct,far_mismatch,fine-grained perception,How many people are on stage in the image?,B," Answer: C: Three.

The image only shows a baseball player wearing a blue jersey with the number 4 on it, and he is running to the right, so there are two people on stage.",C,confident_answer,mismatch_or_irrelevant,yes
477,bundle_84,HuggingFaceTB/SmolVLM-256M-Instruct,hard_mismatch,fine-grained perception,How many people are on stage in the image?,B," Answer: C: Three.

The image only shows a baseball player wearing a blue jersey with the number 4 on it, and he is running to the right, so there are two people on stage.",C,confident_answer,mismatch_or_irrelevant,yes
496,bundle_85,HuggingFaceTB/SmolVLM-256M-Instruct,correct_image,fine-grained perception,What color is the hair of the woman in the image?,A, Answer: A: Black,A,confident_answer,none,yes
496,bundle_85,HuggingFaceTB/SmolVLM-256M-Instruct,no_image,fine-grained perception,What color is the hair of the woman in the image?,A, Answer: D: Blonde,D,confident_answer,none,yes
496,bundle_85,HuggingFaceTB/SmolVLM-256M-Instruct,blank_image,fine-grained perception,What color is the hair of the woman in the image?,A, Answer: D: Blonde,D,confident_answer,none,yes
496,bundle_85,HuggingFaceTB/SmolVLM-256M-Instruct,far_mismatch,fine-grained perception,What color is the hair of the woman in the image?,A, Answer: B: Brown.,B,confident_answer,none,yes
496,bundle_85,HuggingFaceTB/SmolVLM-256M-Instruct,hard_mismatch,fine-grained perception,What color is the hair of the woman in the image?,A, Answer: B: Brown.,B,confident_answer,none,yes
522,bundle_86,HuggingFaceTB/SmolVLM-256M-Instruct,correct_image,instance reasoning,Which image is the brightest one?,B," Answer: D: down right

The image on the right is the brightest.",D,confident_answer,none,yes
522,bundle_86,HuggingFaceTB/SmolVLM-256M-Instruct,no_image,instance reasoning,Which image is the brightest one?,B, A: upper left,A,confident_answer,none,yes
522,bundle_86,HuggingFaceTB/SmolVLM-256M-Instruct,blank_image,instance reasoning,Which image is the brightest one?,B, Answer: D: down right,D,confident_answer,none,yes
522,bundle_86,HuggingFaceTB/SmolVLM-256M-Instruct,far_mismatch,instance reasoning,Which image is the brightest one?,B," Answer: D: down right

Step-by-step justification:
1. Identify the main elements in the image: a table, chairs, a fence, a window, a television, and a cloudy sky.
2. Determine which option is the brightest: in this case, the table is the brightest element.

Answer: D: down right.",D,confident_answer,insufficient_or_unclear,yes
522,bundle_86,HuggingFaceTB/SmolVLM-256M-Instruct,hard_mismatch,instance reasoning,Which image is the brightest one?,B," Answer: D: down right

Step-by-step justification:
1. Identify the main elements in the image: a table, chairs, a fence, a window, a television, and a cloudy sky.
2. Determine which option is the brightest: in this case, the table is the brightest element.

Answer: D: down right.",D,confident_answer,insufficient_or_unclear,yes
567,bundle_87,HuggingFaceTB/SmolVLM-256M-Instruct,correct_image,instance reasoning,Which solution has a higher concentration of pink particles?,C," B: Solution A
The higher concentration of pink particles corresponds to Solution A, as it has a higher volume of 40 mL compared to Option A, which has 40 mL of 40 mL.",B,confident_answer,mismatch_or_irrelevant,yes
567,bundle_87,HuggingFaceTB/SmolVLM-256M-Instruct,no_image,instance reasoning,Which solution has a higher concentration of pink particles?,C," Answer: B: Solution A.

Step-by-step justification:
1. The first option, B, is incorrect because it does not mention the concentration of pink particles.
2. The second option, C, is incorrect because it does not mention the concentration of pink particles.
3. The third option, D, is incorrect because it does not mention the concentration of pink particles.

The correct option is B, which means that the pink particles are present in solution A.",B,confident_answer,mismatch_or_irrelevant,yes
567,bundle_87,HuggingFaceTB/SmolVLM-256M-Instruct,blank_image,instance reasoning,Which solution has a higher concentration of pink particles?,C, Answer: B: Solution A,B,confident_answer,none,no
567,bundle_87,HuggingFaceTB/SmolVLM-256M-Instruct,far_mismatch,instance reasoning,Which solution has a higher concentration of pink particles?,C, Answer: B: Solution A,B,confident_answer,none,no
567,bundle_87,HuggingFaceTB/SmolVLM-256M-Instruct,hard_mismatch,instance reasoning,Which solution has a higher concentration of pink particles?,C, Answer: B: Solution A,B,confident_answer,none,no
590,bundle_88,HuggingFaceTB/SmolVLM-256M-Instruct,correct_image,instance reasoning,Are the two animals in the picture the same color?,B, Answer: A: same.,A,confident_answer,none,no
590,bundle_88,HuggingFaceTB/SmolVLM-256M-Instruct,no_image,instance reasoning,Are the two animals in the picture the same color?,B, A: same.,A,confident_answer,none,no
590,bundle_88,HuggingFaceTB/SmolVLM-256M-Instruct,blank_image,instance reasoning,Are the two animals in the picture the same color?,B, A: same.,A,confident_answer,none,no
590,bundle_88,HuggingFaceTB/SmolVLM-256M-Instruct,far_mismatch,instance reasoning,Are the two animals in the picture the same color?,B," Answer: A: same

The two animals in the picture are not the same color.",A,confident_answer,none,yes
590,bundle_88,HuggingFaceTB/SmolVLM-256M-Instruct,hard_mismatch,instance reasoning,Are the two animals in the picture the same color?,B," Answer: A: same

The two animals in the picture are not the same color.",A,confident_answer,mismatch_or_irrelevant,yes
596,bundle_89,HuggingFaceTB/SmolVLM-256M-Instruct,correct_image,instance reasoning,"Hint: Please answer the question and provide the correct option letter, e.g., A, B, C, D, at the end. Question: In the diagram of the food web shown what will most directly be affected by the loss of the trees?",A, Answer: (C) nothing.,C,confident_answer,none,no
596,bundle_89,HuggingFaceTB/SmolVLM-256M-Instruct,no_image,instance reasoning,"Hint: Please answer the question and provide the correct option letter, e.g., A, B, C, D, at the end. Question: In the diagram of the food web shown what will most directly be affected by the loss of the trees?",A," Answer: (C) nothing.

Explanation: The diagram shows a food web, which is a network of relationships between different organisms. The most directly affected by the loss of trees is horses, as they are the primary consumers in this food web. Cats, on the other hand, are not directly affected by the loss of trees, as they are herbivores and do not directly interact with trees.",C,confident_answer,none,yes
596,bundle_89,HuggingFaceTB/SmolVLM-256M-Instruct,blank_image,instance reasoning,"Hint: Please answer the question and provide the correct option letter, e.g., A, B, C, D, at the end. Question: In the diagram of the food web shown what will most directly be affected by the loss of the trees?",A, Answer: C,C,confident_answer,none,no
596,bundle_89,HuggingFaceTB/SmolVLM-256M-Instruct,far_mismatch,instance reasoning,"Hint: Please answer the question and provide the correct option letter, e.g., A, B, C, D, at the end. Question: In the diagram of the food web shown what will most directly be affected by the loss of the trees?",A, Answer: C,C,confident_answer,none,no
596,bundle_89,HuggingFaceTB/SmolVLM-256M-Instruct,hard_mismatch,instance reasoning,"Hint: Please answer the question and provide the correct option letter, e.g., A, B, C, D, at the end. Question: In the diagram of the food web shown what will most directly be affected by the loss of the trees?",A, Answer: C,C,confident_answer,none,no
627,bundle_90,HuggingFaceTB/SmolVLM-256M-Instruct,correct_image,instance reasoning,Which solution has a higher concentration of yellow particles?,A," Answer: D: nan

Step-by-step justification:
1. The yellow particles are dispersed evenly in the solution.
2. Both solutions have the same concentration of yellow particles.
3. Therefore, the answer is option D, which is the solution with the higher concentration of yellow particles.",D,confident_answer,mismatch_or_irrelevant,yes
627,bundle_90,HuggingFaceTB/SmolVLM-256M-Instruct,no_image,instance reasoning,Which solution has a higher concentration of yellow particles?,A, A: Solution A.,A,confident_answer,none,no
627,bundle_90,HuggingFaceTB/SmolVLM-256M-Instruct,blank_image,instance reasoning,Which solution has a higher concentration of yellow particles?,A, C: Solution B,C,confident_answer,none,no
627,bundle_90,HuggingFaceTB/SmolVLM-256M-Instruct,far_mismatch,instance reasoning,Which solution has a higher concentration of yellow particles?,A," Answer: D: nan

Using the information given, the yellow particles in option D are smaller than the yellow particles in option A.",D,confident_answer,none,yes
627,bundle_90,HuggingFaceTB/SmolVLM-256M-Instruct,hard_mismatch,instance reasoning,Which solution has a higher concentration of yellow particles?,A," Answer: D: nan

Using the information given, the yellow particles in option D are smaller than the yellow particles in option A.",D,confident_answer,none,yes
719,bundle_91,HuggingFaceTB/SmolVLM-256M-Instruct,correct_image,instance reasoning,What's the profession of the people in this picture?,A, Answer: A: astronaut.,A,confident_answer,none,yes
719,bundle_91,HuggingFaceTB/SmolVLM-256M-Instruct,no_image,instance reasoning,What's the profession of the people in this picture?,A," Answer: D: pianist.

The profession of the people in this image is a pianist.",D,confident_answer,none,yes
719,bundle_91,HuggingFaceTB/SmolVLM-256M-Instruct,blank_image,instance reasoning,What's the profession of the people in this picture?,A, Answer: C: musician.,C,confident_answer,none,no
719,bundle_91,HuggingFaceTB/SmolVLM-256M-Instruct,far_mismatch,instance reasoning,What's the profession of the people in this picture?,A, C: chemist.,C,confident_answer,none,no
719,bundle_91,HuggingFaceTB/SmolVLM-256M-Instruct,hard_mismatch,instance reasoning,What's the profession of the people in this picture?,A, C: chemist.,C,confident_answer,none,yes
726,bundle_92,HuggingFaceTB/SmolVLM-256M-Instruct,correct_image,instance reasoning,What's the profession of the people in this picture?,C," C: electrician
",C,confident_answer,none,yes
726,bundle_92,HuggingFaceTB/SmolVLM-256M-Instruct,no_image,instance reasoning,What's the profession of the people in this picture?,C, A: driver.,A,confident_answer,none,yes
726,bundle_92,HuggingFaceTB/SmolVLM-256M-Instruct,blank_image,instance reasoning,What's the profession of the people in this picture?,C," Answer: C: electrician

The profession of the people in this image is an electrician.",C,confident_answer,none,yes
726,bundle_92,HuggingFaceTB/SmolVLM-256M-Instruct,far_mismatch,instance reasoning,What's the profession of the people in this picture?,C," Answer: C: electrician
The profession of the people in this picture is electricians.",C,confident_answer,missing,yes
726,bundle_92,HuggingFaceTB/SmolVLM-256M-Instruct,hard_mismatch,instance reasoning,What's the profession of the people in this picture?,C," Answer: C: electrician
The profession of the people in this picture is electricians.",C,confident_answer,none,yes
734,bundle_93,HuggingFaceTB/SmolVLM-256M-Instruct,correct_image,instance reasoning,Which option describe the object relationship in the image correctly?,A, D: The suitcase is beneath the bed.,D,confident_answer,none,yes
734,bundle_93,HuggingFaceTB/SmolVLM-256M-Instruct,no_image,instance reasoning,Which option describe the object relationship in the image correctly?,A, B: The car is behind the suitcase.,B,confident_answer,none,yes
734,bundle_93,HuggingFaceTB/SmolVLM-256M-Instruct,blank_image,instance reasoning,Which option describe the object relationship in the image correctly?,A, Answer: C: The suitcase is beneath the bed.,C,confident_answer,none,yes
734,bundle_93,HuggingFaceTB/SmolVLM-256M-Instruct,far_mismatch,instance reasoning,Which option describe the object relationship in the image correctly?,A, C: The suitcase is beneath the bed.,C,confident_answer,none,yes
734,bundle_93,HuggingFaceTB/SmolVLM-256M-Instruct,hard_mismatch,instance reasoning,Which option describe the object relationship in the image correctly?,A, C: The suitcase is beneath the bed.,C,confident_answer,none,yes
766,bundle_94,HuggingFaceTB/SmolVLM-256M-Instruct,correct_image,logical reasoning,Where is the young man in the black robe seated in the painting?,B," Answer: B: None of the above

The young man is seated on a bench.",B,confident_answer,none,yes
766,bundle_94,HuggingFaceTB/SmolVLM-256M-Instruct,no_image,logical reasoning,Where is the young man in the black robe seated in the painting?,B, A: On a bench.,A,confident_answer,none,yes
766,bundle_94,HuggingFaceTB/SmolVLM-256M-Instruct,blank_image,logical reasoning,Where is the young man in the black robe seated in the painting?,B, C: In front of a sculpture.,C,confident_answer,none,yes
766,bundle_94,HuggingFaceTB/SmolVLM-256M-Instruct,far_mismatch,logical reasoning,Where is the young man in the black robe seated in the painting?,B," Answer: C: In front of a sculpture.
",C,confident_answer,none,yes
766,bundle_94,HuggingFaceTB/SmolVLM-256M-Instruct,hard_mismatch,logical reasoning,Where is the young man in the black robe seated in the painting?,B," Answer: C: In front of a sculpture.
",C,confident_answer,none,yes
771,bundle_95,HuggingFaceTB/SmolVLM-256M-Instruct,correct_image,logical reasoning,"Hint: Please answer the question and provide the correct option letter, e.g., A, B, C, D, at the end. Question: How many years have value less than 10%?",D, D,D,confident_answer,none,no
771,bundle_95,HuggingFaceTB/SmolVLM-256M-Instruct,no_image,logical reasoning,"Hint: Please answer the question and provide the correct option letter, e.g., A, B, C, D, at the end. Question: How many years have value less than 10%?",D, Answer: C,C,confident_answer,none,no
771,bundle_95,HuggingFaceTB/SmolVLM-256M-Instruct,blank_image,logical reasoning,"Hint: Please answer the question and provide the correct option letter, e.g., A, B, C, D, at the end. Question: How many years have value less than 10%?",D, Answer: C,C,confident_answer,none,no
771,bundle_95,HuggingFaceTB/SmolVLM-256M-Instruct,far_mismatch,logical reasoning,"Hint: Please answer the question and provide the correct option letter, e.g., A, B, C, D, at the end. Question: How many years have value less than 10%?",D, Answer: C,C,confident_answer,none,no
771,bundle_95,HuggingFaceTB/SmolVLM-256M-Instruct,hard_mismatch,logical reasoning,"Hint: Please answer the question and provide the correct option letter, e.g., A, B, C, D, at the end. Question: How many years have value less than 10%?",D, Answer: C,C,confident_answer,none,no
810,bundle_96,HuggingFaceTB/SmolVLM-256M-Instruct,correct_image,logical reasoning,What is the main activity of the people on the beach?,A," Answer: B: Having a picnic.

The people are having a picnic.",B,confident_answer,none,yes
810,bundle_96,HuggingFaceTB/SmolVLM-256M-Instruct,no_image,logical reasoning,What is the main activity of the people on the beach?,A, B: Having a picnic.,B,confident_answer,none,yes
810,bundle_96,HuggingFaceTB/SmolVLM-256M-Instruct,blank_image,logical reasoning,What is the main activity of the people on the beach?,A, C: Playing volleyball.,C,confident_answer,none,yes
810,bundle_96,HuggingFaceTB/SmolVLM-256M-Instruct,far_mismatch,logical reasoning,What is the main activity of the people on the beach?,A, Answer: A,A,confident_answer,none,no
810,bundle_96,HuggingFaceTB/SmolVLM-256M-Instruct,hard_mismatch,logical reasoning,What is the main activity of the people on the beach?,A, Answer: A,A,confident_answer,none,no
814,bundle_97,HuggingFaceTB/SmolVLM-256M-Instruct,correct_image,logical reasoning,"Hint: Please answer the question and provide the correct option letter, e.g., A, B, C, D, at the end. Question: Is Sky Blue the minimum?",A," (D) nan
",D,confident_answer,none,no
814,bundle_97,HuggingFaceTB/SmolVLM-256M-Instruct,no_image,logical reasoning,"Hint: Please answer the question and provide the correct option letter, e.g., A, B, C, D, at the end. Question: Is Sky Blue the minimum?",A, Answer: D,D,confident_answer,none,no
814,bundle_97,HuggingFaceTB/SmolVLM-256M-Instruct,blank_image,logical reasoning,"Hint: Please answer the question and provide the correct option letter, e.g., A, B, C, D, at the end. Question: Is Sky Blue the minimum?",A, Answer: D,D,confident_answer,none,no
814,bundle_97,HuggingFaceTB/SmolVLM-256M-Instruct,far_mismatch,logical reasoning,"Hint: Please answer the question and provide the correct option letter, e.g., A, B, C, D, at the end. Question: Is Sky Blue the minimum?",A, Answer: C,C,confident_answer,none,no
814,bundle_97,HuggingFaceTB/SmolVLM-256M-Instruct,hard_mismatch,logical reasoning,"Hint: Please answer the question and provide the correct option letter, e.g., A, B, C, D, at the end. Question: Is Sky Blue the minimum?",A, Answer: C,C,confident_answer,none,no
896,bundle_98,HuggingFaceTB/SmolVLM-256M-Instruct,correct_image,logical reasoning,What season is depicted in the image?,A, C: Autumn.,C,confident_answer,none,no
896,bundle_98,HuggingFaceTB/SmolVLM-256M-Instruct,no_image,logical reasoning,What season is depicted in the image?,A, B: Spring,B,confident_answer,none,no
896,bundle_98,HuggingFaceTB/SmolVLM-256M-Instruct,blank_image,logical reasoning,What season is depicted in the image?,A, A: Summer,A,confident_answer,none,no
896,bundle_98,HuggingFaceTB/SmolVLM-256M-Instruct,far_mismatch,logical reasoning,What season is depicted in the image?,A, D: Winter.,D,confident_answer,none,no
896,bundle_98,HuggingFaceTB/SmolVLM-256M-Instruct,hard_mismatch,logical reasoning,What season is depicted in the image?,A, D: Winter.,D,confident_answer,none,no
901,bundle_99,HuggingFaceTB/SmolVLM-256M-Instruct,correct_image,logical reasoning,"Hint: Please answer the question and provide the correct option letter, e.g., A, B, C, D, at the end. Question: Is the function (f: R to R) surjective?",A, Answer: A,A,confident_answer,none,no
901,bundle_99,HuggingFaceTB/SmolVLM-256M-Instruct,no_image,logical reasoning,"Hint: Please answer the question and provide the correct option letter, e.g., A, B, C, D, at the end. Question: Is the function (f: R to R) surjective?",A, Answer: (D) nan.,D,confident_answer,none,no
901,bundle_99,HuggingFaceTB/SmolVLM-256M-Instruct,blank_image,logical reasoning,"Hint: Please answer the question and provide the correct option letter, e.g., A, B, C, D, at the end. Question: Is the function (f: R to R) surjective?",A, Answer: D,D,confident_answer,none,no
901,bundle_99,HuggingFaceTB/SmolVLM-256M-Instruct,far_mismatch,logical reasoning,"Hint: Please answer the question and provide the correct option letter, e.g., A, B, C, D, at the end. Question: Is the function (f: R to R) surjective?",A, Answer: A,A,confident_answer,none,no
901,bundle_99,HuggingFaceTB/SmolVLM-256M-Instruct,hard_mismatch,logical reasoning,"Hint: Please answer the question and provide the correct option letter, e.g., A, B, C, D, at the end. Question: Is the function (f: R to R) surjective?",A, Answer: A,A,confident_answer,none,no
902,bundle_100,HuggingFaceTB/SmolVLM-256M-Instruct,correct_image,logical reasoning,"Hint: Please answer the question and provide the correct option letter, e.g., A, B, C, D, at the end. Question: Subtract all small gray spheres. Subtract all cylinders. How many objects are left?",C, Answer: C,C,confident_answer,none,no
902,bundle_100,HuggingFaceTB/SmolVLM-256M-Instruct,no_image,logical reasoning,"Hint: Please answer the question and provide the correct option letter, e.g., A, B, C, D, at the end. Question: Subtract all small gray spheres. Subtract all cylinders. How many objects are left?",C, Answer: C,C,confident_answer,none,no
902,bundle_100,HuggingFaceTB/SmolVLM-256M-Instruct,blank_image,logical reasoning,"Hint: Please answer the question and provide the correct option letter, e.g., A, B, C, D, at the end. Question: Subtract all small gray spheres. Subtract all cylinders. How many objects are left?",C, Answer: C,C,confident_answer,none,no
902,bundle_100,HuggingFaceTB/SmolVLM-256M-Instruct,far_mismatch,logical reasoning,"Hint: Please answer the question and provide the correct option letter, e.g., A, B, C, D, at the end. Question: Subtract all small gray spheres. Subtract all cylinders. How many objects are left?",C, D.,D,confident_answer,none,no
902,bundle_100,HuggingFaceTB/SmolVLM-256M-Instruct,hard_mismatch,logical reasoning,"Hint: Please answer the question and provide the correct option letter, e.g., A, B, C, D, at the end. Question: Subtract all small gray spheres. Subtract all cylinders. How many objects are left?",C, D.,D,confident_answer,none,no
959,bundle_101,HuggingFaceTB/SmolVLM-256M-Instruct,correct_image,logical reasoning,What would be the ideal complexity of the curve which can beused for separating the two classes shown in the image below?<image 1>,A," Answer: B: Quadratic.

The curve shown in the image is a cubic curve. Quadratic curves are defined by a quadratic equation in the form ax^2 + bx + c = 0. The cubic curve in the image is a cubic curve, which means it has three variables (x, y, and z) and one constant term (a). Quadratic curves are defined by a quadratic equation in the form ax^2 + bx + c = 0. The cubic curve in the image is a cubic curve, which means it has three variables (x, y, and z)",B,confident_answer,mismatch_or_irrelevant,yes
959,bundle_101,HuggingFaceTB/SmolVLM-256M-Instruct,no_image,logical reasoning,What would be the ideal complexity of the curve which can beused for separating the two classes shown in the image below?<image 1>,A, B: Quadratic.,B,confident_answer,none,no
959,bundle_101,HuggingFaceTB/SmolVLM-256M-Instruct,blank_image,logical reasoning,What would be the ideal complexity of the curve which can beused for separating the two classes shown in the image below?<image 1>,A, B: Quadratic.,B,confident_answer,none,no
959,bundle_101,HuggingFaceTB/SmolVLM-256M-Instruct,far_mismatch,logical reasoning,What would be the ideal complexity of the curve which can beused for separating the two classes shown in the image below?<image 1>,A," Answer: B: Quadratic.

The curve is not explicitly described in the image, but it is a type of curve that is used to separate two classes of data. Quadratic curves are used in statistics to show the relationship between two variables, such as the relationship between the amount of money spent on a product and the amount of time spent on it.",B,hedged_answer,insufficient_or_unclear,yes
959,bundle_101,HuggingFaceTB/SmolVLM-256M-Instruct,hard_mismatch,logical reasoning,What would be the ideal complexity of the curve which can beused for separating the two classes shown in the image below?<image 1>,A," Answer: B: Quadratic.

The curve is not explicitly described in the image, but it is a type of curve that is used to separate two classes of data. Quadratic curves are used in statistics to show the relationship between two variables, such as the relationship between the amount of money spent on a product and the amount of time spent on it.",B,confident_answer,insufficient_or_unclear,yes
980,bundle_102,HuggingFaceTB/SmolVLM-256M-Instruct,correct_image,logical reasoning,"If F is sunlight, what position does H represent?",A, Answer: C: Waxing Crescent,C,confident_answer,none,yes
980,bundle_102,HuggingFaceTB/SmolVLM-256M-Instruct,no_image,logical reasoning,"If F is sunlight, what position does H represent?",A, A: Waning Gibbous.,A,confident_answer,none,yes
980,bundle_102,HuggingFaceTB/SmolVLM-256M-Instruct,blank_image,logical reasoning,"If F is sunlight, what position does H represent?",A," Answer: D: Waxing Crescent

Step-by-step justification:
1. The question asks for the position of H, which is the sun.
2. The sun is a source of light and heat, and it is not a source of light or heat.
3. The moon is a celestial body and does not emit light or heat.
4. The moon is not a source of light or heat.
5. The answer is option D, which is the position of H.",D,confident_answer,mismatch_or_irrelevant,yes
980,bundle_102,HuggingFaceTB/SmolVLM-256M-Instruct,far_mismatch,logical reasoning,"If F is sunlight, what position does H represent?",A, Answer: C: Waxing Crescent.,C,confident_answer,none,yes
980,bundle_102,HuggingFaceTB/SmolVLM-256M-Instruct,hard_mismatch,logical reasoning,"If F is sunlight, what position does H represent?",A, Answer: C: Waxing Crescent.,C,confident_answer,none,yes
1081,bundle_103,HuggingFaceTB/SmolVLM-256M-Instruct,correct_image,math,"Hint: Please answer the question and provide the correct option letter, e.g., A, B, C, D, at the end. Question: As shown in the figure, AB is the diameter of ⊙O, point D is on the extended line of AB, passing point D is the tangent of ⊙O, and the tangent point is C, if ∠A = 25.0, then ∠D = ()",B, Answer: C,C,confident_answer,none,no
1081,bundle_103,HuggingFaceTB/SmolVLM-256M-Instruct,no_image,math,"Hint: Please answer the question and provide the correct option letter, e.g., A, B, C, D, at the end. Question: As shown in the figure, AB is the diameter of ⊙O, point D is on the extended line of AB, passing point D is the tangent of ⊙O, and the tangent point is C, if ∠A = 25.0, then ∠D = ()",B, Answer: C,C,confident_answer,none,no
1081,bundle_103,HuggingFaceTB/SmolVLM-256M-Instruct,blank_image,math,"Hint: Please answer the question and provide the correct option letter, e.g., A, B, C, D, at the end. Question: As shown in the figure, AB is the diameter of ⊙O, point D is on the extended line of AB, passing point D is the tangent of ⊙O, and the tangent point is C, if ∠A = 25.0, then ∠D = ()",B, Answer: C,C,confident_answer,none,no
1081,bundle_103,HuggingFaceTB/SmolVLM-256M-Instruct,far_mismatch,math,"Hint: Please answer the question and provide the correct option letter, e.g., A, B, C, D, at the end. Question: As shown in the figure, AB is the diameter of ⊙O, point D is on the extended line of AB, passing point D is the tangent of ⊙O, and the tangent point is C, if ∠A = 25.0, then ∠D = ()",B, Answer: C,C,judge_error,judge_error,judge_error
1081,bundle_103,HuggingFaceTB/SmolVLM-256M-Instruct,hard_mismatch,math,"Hint: Please answer the question and provide the correct option letter, e.g., A, B, C, D, at the end. Question: As shown in the figure, AB is the diameter of ⊙O, point D is on the extended line of AB, passing point D is the tangent of ⊙O, and the tangent point is C, if ∠A = 25.0, then ∠D = ()",B, Answer: C,C,confident_answer,none,no
1145,bundle_104,HuggingFaceTB/SmolVLM-256M-Instruct,correct_image,math,"Hint: Please answer the question and provide the correct option letter, e.g., A, B, C, D, at the end. Question: In $\odot S$, $m \widehat {PQR}=98$, Find $m \widehat {PQ}$.",B, Answer: C,C,confident_answer,none,no
1145,bundle_104,HuggingFaceTB/SmolVLM-256M-Instruct,no_image,math,"Hint: Please answer the question and provide the correct option letter, e.g., A, B, C, D, at the end. Question: In $\odot S$, $m \widehat {PQR}=98$, Find $m \widehat {PQ}$.",B, Answer: C,C,confident_answer,none,no
1145,bundle_104,HuggingFaceTB/SmolVLM-256M-Instruct,blank_image,math,"Hint: Please answer the question and provide the correct option letter, e.g., A, B, C, D, at the end. Question: In $\odot S$, $m \widehat {PQR}=98$, Find $m \widehat {PQ}$.",B, Answer: C,C,confident_answer,none,no
1145,bundle_104,HuggingFaceTB/SmolVLM-256M-Instruct,far_mismatch,math,"Hint: Please answer the question and provide the correct option letter, e.g., A, B, C, D, at the end. Question: In $\odot S$, $m \widehat {PQR}=98$, Find $m \widehat {PQ}$.",B, Answer: C,C,confident_answer,none,no
1145,bundle_104,HuggingFaceTB/SmolVLM-256M-Instruct,hard_mismatch,math,"Hint: Please answer the question and provide the correct option letter, e.g., A, B, C, D, at the end. Question: In $\odot S$, $m \widehat {PQR}=98$, Find $m \widehat {PQ}$.",B, Answer: C,C,confident_answer,none,no
1164,bundle_105,HuggingFaceTB/SmolVLM-256M-Instruct,correct_image,math,"Hint: Please answer the question and provide the correct option letter, e.g., A, B, C, D, at the end. Question: Find y.",D, Answer: D,D,confident_answer,none,no
1164,bundle_105,HuggingFaceTB/SmolVLM-256M-Instruct,no_image,math,"Hint: Please answer the question and provide the correct option letter, e.g., A, B, C, D, at the end. Question: Find y.",D, Answer: D,D,confident_answer,none,no
1164,bundle_105,HuggingFaceTB/SmolVLM-256M-Instruct,blank_image,math,"Hint: Please answer the question and provide the correct option letter, e.g., A, B, C, D, at the end. Question: Find y.",D, Answer: D,D,confident_answer,none,no
1164,bundle_105,HuggingFaceTB/SmolVLM-256M-Instruct,far_mismatch,math,"Hint: Please answer the question and provide the correct option letter, e.g., A, B, C, D, at the end. Question: Find y.",D, Answer: D,D,confident_answer,none,no
1164,bundle_105,HuggingFaceTB/SmolVLM-256M-Instruct,hard_mismatch,math,"Hint: Please answer the question and provide the correct option letter, e.g., A, B, C, D, at the end. Question: Find y.",D, Answer: D,D,confident_answer,none,no
1178,bundle_106,HuggingFaceTB/SmolVLM-256M-Instruct,correct_image,math,"Hint: Please answer the question and provide the correct option letter, e.g., A, B, C, D, at the end. Question: Are there more tiny motorbikes in front of the small cyan tandem bike than big cyan metal double buss?",A, Answer: A,A,confident_answer,none,no
1178,bundle_106,HuggingFaceTB/SmolVLM-256M-Instruct,no_image,math,"Hint: Please answer the question and provide the correct option letter, e.g., A, B, C, D, at the end. Question: Are there more tiny motorbikes in front of the small cyan tandem bike than big cyan metal double buss?",A, Answer: D,D,confident_answer,none,no
1178,bundle_106,HuggingFaceTB/SmolVLM-256M-Instruct,blank_image,math,"Hint: Please answer the question and provide the correct option letter, e.g., A, B, C, D, at the end. Question: Are there more tiny motorbikes in front of the small cyan tandem bike than big cyan metal double buss?",A, Answer: D,D,confident_answer,none,no
1178,bundle_106,HuggingFaceTB/SmolVLM-256M-Instruct,far_mismatch,math,"Hint: Please answer the question and provide the correct option letter, e.g., A, B, C, D, at the end. Question: Are there more tiny motorbikes in front of the small cyan tandem bike than big cyan metal double buss?",A," (A) Yes.

Small motorbikes are a type of bicycle that is smaller in size compared to standard bikes. The number of small motorbikes in front of the big cyan metal double buss is not mentioned in the provided facts. The number of small motorbikes in front of the big cyan metal double buss is not mentioned in the provided facts.",A,judge_error,judge_error,judge_error
1178,bundle_106,HuggingFaceTB/SmolVLM-256M-Instruct,hard_mismatch,math,"Hint: Please answer the question and provide the correct option letter, e.g., A, B, C, D, at the end. Question: Are there more tiny motorbikes in front of the small cyan tandem bike than big cyan metal double buss?",A," (A) Yes.

Small motorbikes are a type of bicycle that is smaller in size compared to standard bikes. The number of small motorbikes in front of the big cyan metal double buss is not mentioned in the provided facts. The number of small motorbikes in front of the big cyan metal double buss is not mentioned in the provided facts.",A,confident_answer,missing,no
1199,bundle_107,HuggingFaceTB/SmolVLM-256M-Instruct,correct_image,math,"Hint: Please answer the question and provide the correct option letter, e.g., A, B, C, D, at the end. Question: How many people prefer the most preferred object?",A, Answer: D,D,confident_answer,none,no
1199,bundle_107,HuggingFaceTB/SmolVLM-256M-Instruct,no_image,math,"Hint: Please answer the question and provide the correct option letter, e.g., A, B, C, D, at the end. Question: How many people prefer the most preferred object?",A, Answer: D,D,judge_error,judge_error,judge_error
1199,bundle_107,HuggingFaceTB/SmolVLM-256M-Instruct,blank_image,math,"Hint: Please answer the question and provide the correct option letter, e.g., A, B, C, D, at the end. Question: How many people prefer the most preferred object?",A, Answer: D,D,confident_answer,none,no
1199,bundle_107,HuggingFaceTB/SmolVLM-256M-Instruct,far_mismatch,math,"Hint: Please answer the question and provide the correct option letter, e.g., A, B, C, D, at the end. Question: How many people prefer the most preferred object?",A, Answer: D,D,confident_answer,none,no
1199,bundle_107,HuggingFaceTB/SmolVLM-256M-Instruct,hard_mismatch,math,"Hint: Please answer the question and provide the correct option letter, e.g., A, B, C, D, at the end. Question: How many people prefer the most preferred object?",A, Answer: D,D,confident_answer,none,no
1232,bundle_108,HuggingFaceTB/SmolVLM-256M-Instruct,correct_image,math,"Hint: Please answer the question and provide the correct option letter, e.g., A, B, C, D, at the end. Question: What is the sum of all the values in the ruling group?",B," C
The sum of all the values in the ruling group is 13.",C,judge_error,judge_error,judge_error
1232,bundle_108,HuggingFaceTB/SmolVLM-256M-Instruct,no_image,math,"Hint: Please answer the question and provide the correct option letter, e.g., A, B, C, D, at the end. Question: What is the sum of all the values in the ruling group?",B, Answer: D,D,confident_answer,none,no
1232,bundle_108,HuggingFaceTB/SmolVLM-256M-Instruct,blank_image,math,"Hint: Please answer the question and provide the correct option letter, e.g., A, B, C, D, at the end. Question: What is the sum of all the values in the ruling group?",B, Answer: D,D,confident_answer,none,no
1232,bundle_108,HuggingFaceTB/SmolVLM-256M-Instruct,far_mismatch,math,"Hint: Please answer the question and provide the correct option letter, e.g., A, B, C, D, at the end. Question: What is the sum of all the values in the ruling group?",B, Answer: B,B,confident_answer,none,no
1232,bundle_108,HuggingFaceTB/SmolVLM-256M-Instruct,hard_mismatch,math,"Hint: Please answer the question and provide the correct option letter, e.g., A, B, C, D, at the end. Question: What is the sum of all the values in the ruling group?",B, Answer: B,B,confident_answer,none,no
1257,bundle_109,HuggingFaceTB/SmolVLM-256M-Instruct,correct_image,science & technology,Which of the following is the enantiomer of the compound shown below ? <image 1>,A, B,B,confident_answer,none,no
1257,bundle_109,HuggingFaceTB/SmolVLM-256M-Instruct,no_image,science & technology,Which of the following is the enantiomer of the compound shown below ? <image 1>,A, B: <image 3>.,B,confident_answer,none,no
1257,bundle_109,HuggingFaceTB/SmolVLM-256M-Instruct,blank_image,science & technology,Which of the following is the enantiomer of the compound shown below ? <image 1>,A, D: <image 5>.,D,confident_answer,none,no
1257,bundle_109,HuggingFaceTB/SmolVLM-256M-Instruct,far_mismatch,science & technology,Which of the following is the enantiomer of the compound shown below ? <image 1>,A," Answer: B:

The enantiomer of the compound shown is B.",judge_error,judge_error,judge_error,judge_error
1257,bundle_109,HuggingFaceTB/SmolVLM-256M-Instruct,hard_mismatch,science & technology,Which of the following is the enantiomer of the compound shown below ? <image 1>,A," Answer: B:

The enantiomer of the compound shown is B.",B,judge_error,judge_error,judge_error
1260,bundle_110,HuggingFaceTB/SmolVLM-256M-Instruct,correct_image,science & technology,What is represented by organ A?,B," Answer: D: mitochondrion

Step-by-step justification:
1. Organ A is a cell membrane.
2. Centrioles are organelles found in the nucleus.
3. Golgi body is a membrane-bound organelle.
4. B: vesicles are a membrane-bound organelle.
5. C: mitochondrion is a membrane-bound organelle.

Answer: D: mitochondrion.",D,confident_answer,mismatch_or_irrelevant,yes
1260,bundle_110,HuggingFaceTB/SmolVLM-256M-Instruct,no_image,science & technology,What is represented by organ A?,B, A: centrioles.,A,confident_answer,none,no
1260,bundle_110,HuggingFaceTB/SmolVLM-256M-Instruct,blank_image,science & technology,What is represented by organ A?,B, A: centrioles,A,confident_answer,none,no
1260,bundle_110,HuggingFaceTB/SmolVLM-256M-Instruct,far_mismatch,science & technology,What is represented by organ A?,B, Answer: D: mitochondrion,D,confident_answer,none,no
1260,bundle_110,HuggingFaceTB/SmolVLM-256M-Instruct,hard_mismatch,science & technology,What is represented by organ A?,B, Answer: D: mitochondrion,D,confident_answer,none,no
1286,bundle_111,HuggingFaceTB/SmolVLM-256M-Instruct,correct_image,science & technology,A food web is shown below. Which of the following organisms compete for the deer as a food source?,C, C: Mountain lion,C,judge_error,judge_error,judge_error
1286,bundle_111,HuggingFaceTB/SmolVLM-256M-Instruct,no_image,science & technology,A food web is shown below. Which of the following organisms compete for the deer as a food source?,C, A: hawk and snake.,A,confident_answer,none,yes
1286,bundle_111,HuggingFaceTB/SmolVLM-256M-Instruct,blank_image,science & technology,A food web is shown below. Which of the following organisms compete for the deer as a food source?,C, C: Mountain lion.,C,confident_answer,none,yes
1286,bundle_111,HuggingFaceTB/SmolVLM-256M-Instruct,far_mismatch,science & technology,A food web is shown below. Which of the following organisms compete for the deer as a food source?,C, Answer: C,C,confident_answer,none,no
1286,bundle_111,HuggingFaceTB/SmolVLM-256M-Instruct,hard_mismatch,science & technology,A food web is shown below. Which of the following organisms compete for the deer as a food source?,C, Answer: C,C,judge_error,judge_error,judge_error
1290,bundle_112,HuggingFaceTB/SmolVLM-256M-Instruct,correct_image,science & technology,What is the expected ratio of offspring with white spots to offspring with solid coloring? Choose the most likely ratio.,D," Answer: A: 4:0.

The most likely ratio is that of offspring with white spots to offspring with solid coloring.",A,judge_error,judge_error,judge_error
1290,bundle_112,HuggingFaceTB/SmolVLM-256M-Instruct,no_image,science & technology,What is the expected ratio of offspring with white spots to offspring with solid coloring? Choose the most likely ratio.,D, A: 4:0.,A,judge_error,judge_error,judge_error
1290,bundle_112,HuggingFaceTB/SmolVLM-256M-Instruct,blank_image,science & technology,What is the expected ratio of offspring with white spots to offspring with solid coloring? Choose the most likely ratio.,D, Answer: D: 1:3.,D,judge_error,judge_error,judge_error
1290,bundle_112,HuggingFaceTB/SmolVLM-256M-Instruct,far_mismatch,science & technology,What is the expected ratio of offspring with white spots to offspring with solid coloring? Choose the most likely ratio.,D, Answer: C:1:3.,C,judge_error,judge_error,judge_error
1290,bundle_112,HuggingFaceTB/SmolVLM-256M-Instruct,hard_mismatch,science & technology,What is the expected ratio of offspring with white spots to offspring with solid coloring? Choose the most likely ratio.,D, Answer: C:1:3.,C,judge_error,judge_error,judge_error
1323,bundle_113,HuggingFaceTB/SmolVLM-256M-Instruct,correct_image,science & technology,"<image 1>A light ray enters a block of plastic and travels along the path shown.By considering the behavior of the ray at point P, determine the speed of light in the plastic.(10^8m/s)",D, Answer: A: 0.44.,A,judge_error,judge_error,judge_error
1323,bundle_113,HuggingFaceTB/SmolVLM-256M-Instruct,no_image,science & technology,"<image 1>A light ray enters a block of plastic and travels along the path shown.By considering the behavior of the ray at point P, determine the speed of light in the plastic.(10^8m/s)",D, Answer: A: 0.44.,A,judge_error,judge_error,judge_error
1323,bundle_113,HuggingFaceTB/SmolVLM-256M-Instruct,blank_image,science & technology,"<image 1>A light ray enters a block of plastic and travels along the path shown.By considering the behavior of the ray at point P, determine the speed of light in the plastic.(10^8m/s)",D," Answer: A: 0.44.

Step-by-step justification:
1. The light ray enters the plastic block at point P.
2. The speed of light in the plastic block is determined by the speed of light in the plastic block.
3. The speed of light in the plastic block is 10^8 m/s.
4. Therefore, the answer is option A: 0.44.",judge_error,judge_error,judge_error,judge_error
1323,bundle_113,HuggingFaceTB/SmolVLM-256M-Instruct,far_mismatch,science & technology,"<image 1>A light ray enters a block of plastic and travels along the path shown.By considering the behavior of the ray at point P, determine the speed of light in the plastic.(10^8m/s)",D," Answer: C: 1.13.

Justification:
1. The light ray enters the plastic block at point P.
2. The path shown is a circle.
3. The speed of light in the circle is 10^8 m/s.
4. The speed of light in the plastic is 0.44 m/s.
5. The answer is C.",judge_error,judge_error,judge_error,judge_error
1323,bundle_113,HuggingFaceTB/SmolVLM-256M-Instruct,hard_mismatch,science & technology,"<image 1>A light ray enters a block of plastic and travels along the path shown.By considering the behavior of the ray at point P, determine the speed of light in the plastic.(10^8m/s)",D," Answer: C: 1.13.

Justification:
1. The light ray enters the plastic block at point P.
2. The path shown is a circle.
3. The speed of light in the circle is 10^8 m/s.
4. The speed of light in the plastic is 0.44 m/s.
5. The answer is C.",judge_error,judge_error,judge_error,judge_error
1344,bundle_114,HuggingFaceTB/SmolVLM-256M-Instruct,correct_image,science & technology,Think about the magnetic force between the magnets in each pair. Which of the following statements is true?,B," C

The magnitude of the magnetic force between the magnets in Pair 1 is smaller than the magnitude of the magnetic force between the magnets in Pair 2.",C,judge_error,judge_error,judge_error
1344,bundle_114,HuggingFaceTB/SmolVLM-256M-Instruct,no_image,science & technology,Think about the magnetic force between the magnets in each pair. Which of the following statements is true?,B, B: The magnitude of the magnetic force is smaller in Pair 2.,B,judge_error,judge_error,judge_error
1344,bundle_114,HuggingFaceTB/SmolVLM-256M-Instruct,blank_image,science & technology,Think about the magnetic force between the magnets in each pair. Which of the following statements is true?,B, C: The magnitude of the magnetic force is the same in both pairs.,C,judge_error,judge_error,judge_error
1344,bundle_114,HuggingFaceTB/SmolVLM-256M-Instruct,far_mismatch,science & technology,Think about the magnetic force between the magnets in each pair. Which of the following statements is true?,B, C: The magnitude of the magnetic force is smaller in Pair 2.,C,judge_error,judge_error,judge_error
1344,bundle_114,HuggingFaceTB/SmolVLM-256M-Instruct,hard_mismatch,science & technology,Think about the magnetic force between the magnets in each pair. Which of the following statements is true?,B, C: The magnitude of the magnetic force is smaller in Pair 2.,C,judge_error,judge_error,judge_error
1366,bundle_115,HuggingFaceTB/SmolVLM-256M-Instruct,correct_image,science & technology,"Find the minimum spanning tree of the graph G(V, U) of figure 1. Notice that it is an undirected graph. <image 1>",B," Answer: B: Graph G1 with vertices v1 to v8 and arcs excluding (v2, v5) and (v4, v8).",B,judge_error,judge_error,judge_error
1366,bundle_115,HuggingFaceTB/SmolVLM-256M-Instruct,no_image,science & technology,"Find the minimum spanning tree of the graph G(V, U) of figure 1. Notice that it is an undirected graph. <image 1>",B," B: Graph G2 with vertices v1 to v8 and arcs excluding (v2, v5) and (v4, v8).

The minimum spanning tree of the graph G1 with vertices v1 to v8 and arcs including (v1, v3), (v2, v3) and so on., is G1 with vertices v1 to v8 and arcs excluding (v2, v5) and (v4, v8). This is because the minimum spanning tree of a graph is the one with the fewest edges.",B,judge_error,judge_error,judge_error
1366,bundle_115,HuggingFaceTB/SmolVLM-256M-Instruct,blank_image,science & technology,"Find the minimum spanning tree of the graph G(V, U) of figure 1. Notice that it is an undirected graph. <image 1>",B," B: Graph G2 with vertices v1 to v8 and arcs excluding (v2, v5) and (v4, v8).",B,judge_error,judge_error,judge_error
1366,bundle_115,HuggingFaceTB/SmolVLM-256M-Instruct,far_mismatch,science & technology,"Find the minimum spanning tree of the graph G(V, U) of figure 1. Notice that it is an undirected graph. <image 1>",B," Answer: B: Graph G1 with vertices v1 to v8 and arcs including (v1, v3), (v2, v3) and so on.

The minimum spanning tree of the graph G1 with vertices v1 to v8 and arcs including (v1, v3), (v2, v3) and so on.",B,judge_error,judge_error,judge_error
1366,bundle_115,HuggingFaceTB/SmolVLM-256M-Instruct,hard_mismatch,science & technology,"Find the minimum spanning tree of the graph G(V, U) of figure 1. Notice that it is an undirected graph. <image 1>",B," Answer: B: Graph G1 with vertices v1 to v8 and arcs including (v1, v3), (v2, v3) and so on.

The minimum spanning tree of the graph G1 with vertices v1 to v8 and arcs including (v1, v3), (v2, v3) and so on.",B,judge_error,judge_error,judge_error
1387,bundle_116,HuggingFaceTB/SmolVLM-256M-Instruct,correct_image,science & technology,What is label H pointing to?,A," Answer: D: Mitochondrion

The text does not provide enough information to determine the correct label for the mitochondrion.",D,judge_error,judge_error,judge_error
1387,bundle_116,HuggingFaceTB/SmolVLM-256M-Instruct,no_image,science & technology,What is label H pointing to?,A, Answer: D: Mitochondrion.,D,judge_error,judge_error,judge_error
1387,bundle_116,HuggingFaceTB/SmolVLM-256M-Instruct,blank_image,science & technology,What is label H pointing to?,A, Answer: D: Mitochondrion,D,judge_error,judge_error,judge_error
1387,bundle_116,HuggingFaceTB/SmolVLM-256M-Instruct,far_mismatch,science & technology,What is label H pointing to?,A, D: Mitochondrion,D,judge_error,judge_error,judge_error
1387,bundle_116,HuggingFaceTB/SmolVLM-256M-Instruct,hard_mismatch,science & technology,What is label H pointing to?,A, D: Mitochondrion,D,judge_error,judge_error,judge_error
1445,bundle_117,HuggingFaceTB/SmolVLM-256M-Instruct,correct_image,science & technology,Will these magnets attract or repel each other?,B," Answer: B: attract.

Justification: The answer is B as it states that the magnets will attract each other.",judge_error,judge_error,judge_error,judge_error
1445,bundle_117,HuggingFaceTB/SmolVLM-256M-Instruct,no_image,science & technology,Will these magnets attract or repel each other?,B, A: repel.,A,judge_error,judge_error,judge_error
1445,bundle_117,HuggingFaceTB/SmolVLM-256M-Instruct,blank_image,science & technology,Will these magnets attract or repel each other?,B, Answer: D: nan.,D,judge_error,judge_error,judge_error
1445,bundle_117,HuggingFaceTB/SmolVLM-256M-Instruct,far_mismatch,science & technology,Will these magnets attract or repel each other?,B," Answer: B: attract.

Step-by-step justification:
1. The magnets are depicted as being in a circle.
2. The magnet on the left is attached to a wooden object.
3. The magnet on the right is attached to a caterpillar.
4. The magnet on the left is attached to a leaf.
5. The magnet on the right is attached to a worm.
6. The worm is not attached to a leaf.
7. The worm is not attached to a leaf.
8. The worm is not attached to a leaf.
9. The worm is not",B,judge_error,judge_error,judge_error
1445,bundle_117,HuggingFaceTB/SmolVLM-256M-Instruct,hard_mismatch,science & technology,Will these magnets attract or repel each other?,B," Answer: B: attract.

Step-by-step justification:
1. The magnets are depicted as being in a circle.
2. The magnet on the left is attached to a wooden object.
3. The magnet on the right is attached to a caterpillar.
4. The magnet on the left is attached to a leaf.
5. The magnet on the right is attached to a worm.
6. The worm is not attached to a leaf.
7. The worm is not attached to a leaf.
8. The worm is not attached to a leaf.
9. The worm is not",B,judge_error,judge_error,judge_error
1489,bundle_118,HuggingFaceTB/SmolVLM-256M-Instruct,correct_image,science & technology,<image 1>Hydrophobic region of the cell membrane?,A, Answer: D: A,judge_error,judge_error,judge_error,judge_error
1489,bundle_118,HuggingFaceTB/SmolVLM-256M-Instruct,no_image,science & technology,<image 1>Hydrophobic region of the cell membrane?,A, A: E.,A,judge_error,judge_error,judge_error
1489,bundle_118,HuggingFaceTB/SmolVLM-256M-Instruct,blank_image,science & technology,<image 1>Hydrophobic region of the cell membrane?,A, Answer: C: C,judge_error,judge_error,judge_error,judge_error
1489,bundle_118,HuggingFaceTB/SmolVLM-256M-Instruct,far_mismatch,science & technology,<image 1>Hydrophobic region of the cell membrane?,A," Answer:A

Reasoning: The image shows two pairs of arrows, one pointing to the right and the other to the left. We need to determine which pair of arrows corresponds to the hydrophobic region of the cell membrane.

A: The arrows in the first pair (S) are pointing to the right, while the arrows in the second pair (N) are pointing to the left. Since the arrows in the first pair are pointing to the right, they must correspond to the hydrophobic region of the cell membrane.",judge_error,judge_error,judge_error,judge_error
1489,bundle_118,HuggingFaceTB/SmolVLM-256M-Instruct,hard_mismatch,science & technology,<image 1>Hydrophobic region of the cell membrane?,A," Answer:A

Reasoning: The image shows two pairs of arrows, one pointing to the right and the other to the left. We need to determine which pair of arrows corresponds to the hydrophobic region of the cell membrane.

A: The arrows in the first pair (S) are pointing to the right, while the arrows in the second pair (N) are pointing to the left. Since the arrows in the first pair are pointing to the right, they must correspond to the hydrophobic region of the cell membrane.",judge_error,judge_error,judge_error,judge_error
1496,bundle_119,HuggingFaceTB/SmolVLM-256M-Instruct,correct_image,science & technology,Which label applies to stomach?,C, D: C,judge_error,judge_error,judge_error,judge_error
1496,bundle_119,HuggingFaceTB/SmolVLM-256M-Instruct,no_image,science & technology,Which label applies to stomach?,C, B: A,judge_error,judge_error,judge_error,judge_error
1496,bundle_119,HuggingFaceTB/SmolVLM-256M-Instruct,blank_image,science & technology,Which label applies to stomach?,C, B: A,judge_error,judge_error,judge_error,judge_error
1496,bundle_119,HuggingFaceTB/SmolVLM-256M-Instruct,far_mismatch,science & technology,Which label applies to stomach?,C, B: A,judge_error,judge_error,judge_error,judge_error
1496,bundle_119,HuggingFaceTB/SmolVLM-256M-Instruct,hard_mismatch,science & technology,Which label applies to stomach?,C, B: A,judge_error,judge_error,judge_error,judge_error
